sinal_i;dt;lado;tipo;preco_ordem;hora;efic;res_rel;qual_rel;esf_rel;corpo_frac;range_sinal;contra;ativou;entrada;saida_i;motivo;ticks;ticks_bruto;parcial;barras;R;usd;data
202;2026-05-11 07:34:37;long;2;4672,22;7;0,9402162162163133;1,3520000000001395;0,0;1,4379671150971598;0,9716494845361676;388,0000000000109;2;True;4672,22;205;breakeven;194,0;194,0;True;3;0,5;1,94;2026-05-11
870;2026-05-12 17:33:41;long;2;4675,46;17;10,525738998046068;1,7158522818900688;0,0;0,16301489921121823;0,9793814432989884;388,0000000000109;3;True;4675,46;878;alvo;776,0;776,0;True;8;2,0;7,76;2026-05-12
1033;2026-05-13 04:03:06;short;2;4711,45;4;7,6610500239543775;1,7089472884702805;0,0;0,223069590085796;0,9664948453607975;388,0000000000109;2;True;4711,45;1036;breakeven;194,0;194,0;True;3;0,5;1,94;2026-05-13
1327;2026-05-13 23:33:18;short;2;4689,66;23;1,8338382192228397;1,3661253523017853;0,0;0,744954128440367;0,9046391752577627;388,0000000000109;3;True;4689,66;1330;stop;-388,0;-388,0;False;3;-1,0;-3,88;2026-05-13
1530;2026-05-14 11:34:07;short;2;4701,99;11;1,329788814739738;1,2446299251258632;-4,099180926121159;0,9359605911330049;0,8711340206185604;388,0000000000109;2;True;4701,99;1532;stop;-388,0;-388,0;False;2;-1,0;-3,88;2026-05-14
1664;2026-05-14 17:55:39;long;2;4686,52;17;2,282131513212187;1,2947466916187855;0,04972339130204611;0,5673409635347352;0,8608247422680545;388,0000000000109;2;True;4686,52;1666;stop;-388,0;-388,0;False;2;-1,0;-3,88;2026-05-14
1790;2026-05-15 03:43:04;long;2;4618,07;3;1,9657106715927941;1,5304716481185276;0,0;0,7785843920145191;0,9304123711339101;388,0000000000109;5;True;4618,07;1792;stop;-388,0;-388,0;False;2;-1,0;-3,88;2026-05-15
1808;2026-05-15 04:00:45;long;2;4626,35;4;3,8634163575344553;1,37012012012028;0,0;0,3546395193591455;0,9407216494846503;388,0000000000109;2;True;4626,35;1810;stop;-388,0;-388,0;False;2;-1,0;-3,88;2026-05-15
1916;2026-05-15 07:23:48;long;2;4611,09;7;2,765848117159894;1,4712063892391596;0,0;0,5319187196547384;0,9020618556700777;388,0000000000109;4;True;4611,09;1919;breakeven;194,0;194,0;True;3;0,5;1,94;2026-05-15
1972;2026-05-15 08:46:01;long;2;4569,07;8;1,7638236562066754;1,4620010934936523;0,0;0,828881667591345;0,984536082474124;388,0000000000109;3;True;4569,07;1974;stop;-388,0;-388,0;False;2;-1,0;-3,88;2026-05-15
2059;2026-05-15 10:40:35;long;2;4578,61;10;0,9620280474647779;1,3974074074071712;0,0;1,4525641025641027;0,8840206185565168;388,0000000000109;2;True;4578,61;2061;stop;-388,0;-388,0;False;2;-1,0;-3,88;2026-05-15
2475;2026-05-18 01:25:30;short;2;4541,88;1;2,679249686978831;1,1493379389753426;-12,556659321605316;0,428977539704915;0,8298969072165371;388,0000000000109;2;True;4541,88;2478;stop;-388,0;-388,0;False;3;-1,0;-3,88;2026-05-18
2529;2026-05-18 03:02:35;long;2;4534,28;3;2,640375076899012;1,3995693632726256;0,0;0,5300646016233229;0,9381443298967308;388,0000000000109;2;True;4534,28;2532;breakeven;194,0;194,0;True;3;0,5;1,94;2026-05-18
2632;2026-05-18 04:07:57;long;2;4496,31;4;1,1803264211354345;1,2216671424493342;-5,747835629801243;1,0350248207391064;0,8170103092783463;388,0000000000109;3;True;4496,31;2637;breakeven;194,0;194,0;True;5;0,5;1,94;2026-05-18
2734;2026-05-18 05:35:59;long;2;4534,41;5;2,226654506870783;1,4233625928428055;0,0;0,6392381882554022;0,9587628865979768;388,0000000000109;2;True;4534,41;2742;breakeven;194,0;194,0;True;8;0,5;1,94;2026-05-18
2982;2026-05-18 14:42:09;short;2;4563,14;14;12,536053913767349;1,4800700242391591;0,0;0,11806506532440134;0,9768041237113033;388,0000000000109;4;True;4563,14;2985;breakeven;194,0;194,0;True;3;0,5;1,94;2026-05-18
3044;2026-05-18 16:15:32;short;2;4565,63;16;1,7310831659010388;1,1394310498786635;0,0;0,65821854912764;0,822164948453482;388,0000000000109;2;True;4565,63;3047;stop;-388,0;-388,0;False;3;-1,0;-3,88;2026-05-18
3107;2026-05-18 17:36:13;long;2;4546,94;17;2,6867192677238987;1,2480587321755316;0,8090374828251872;0,4645288948379212;0,8762886597939015;387,99999999991996;2;True;4546,94;3111;stop;-388,0;-388,0;False;4;-1,0;-3,88;2026-05-18
3173;2026-05-18 19:31:05;long;2;4537,89;19;1,138435240055034;1,433992304630725;0,0;1,259616932238854;0,9948453608248643;388,0000000000109;5;True;4537,89;3178;alvo;776,0;776,0;True;5;2,0;7,76;2026-05-18
3257;2026-05-19 03:00:12;long;2;4582,94;3;2,3393964051409597;1,3377389404694802;-1,4548930359581247;0,5718308096608685;0,8530927835051993;387,99999999991996;3;True;4582,94;3258;breakeven;194,0;194,0;True;1;0,5;1,94;2026-05-19
3300;2026-05-19 04:09:16;short;2;4565,25;4;1,4273639832523488;1,200331125827822;-0,5371513058469864;0,8409425625920471;0,8376288659793579;388,0000000000109;2;True;4565,25;3303;breakeven;194,0;194,0;True;3;0,5;1,94;2026-05-19
3739;2026-05-19 18:25:39;long;2;4497,72;18;0,9745522646800021;1,1570555407921346;-4,4417425986932715;1,1872688440902224;0,8015463917527048;388,0000000000109;3;True;4497,72;3753;alvo;776,0;776,0;True;14;2,0;7,76;2026-05-19
3774;2026-05-19 20:29:03;long;2;4507,11;20;0,7854711812096021;1,11301255695078;0,0;1,416999864001088;0,8067010309278405;388,0000000000109;2;True;4507,11;3776;stop;-388,0;-388,0;False;2;-1,0;-3,88;2026-05-19
4133;2026-05-20 15:32:55;short;2;4500,3;15;1,6673708555926599;1,42440130367016;-1,2243962288518662;0,85427983756131;0,9252577319587744;388,0000000000109;3;True;4500,3;4135;stop;-388,0;-388,0;False;2;-1,0;-3,88;2026-05-20
4381;2026-05-21 04:03:43;short;2;4545,38;4;3,0853698273048944;1,4646464646462667;-52,150275373721485;0,47470693843066847;0,927835051546225;388,0000000000109;3;True;4545,38;4384;breakeven;194,0;194,0;True;3;0,5;1,94;2026-05-21
4402;2026-05-21 04:36:51;long;2;4565,45;4;0,5731950716162909;1,1350319901223171;-1,3414154158040028;1,9801844892381277;0,8144329896906612;388,0000000000109;2;True;4565,45;4406;breakeven;194,0;194,0;True;4;0,5;1,94;2026-05-21
4620;2026-05-21 16:18:58;short;2;4501,73;16;1,1982510824355628;1,287475665152788;-18,97094093869302;1,0744623426801898;0,8247422680414015;388,0000000000109;2;True;4501,73;4623;breakeven;194,0;194,0;True;3;0,5;1,94;2026-05-21
4641;2026-05-21 16:44:35;short;2;4498,9;16;3,7334334712422828;1,4032447683989486;0,0;0,3758590528551793;0,9613402061856618;388,0000000000109;4;True;4498,9;4645;breakeven;194,0;194,0;True;4;0,5;1,94;2026-05-21
4669;2026-05-21 17:08:31;long;2;4506,45;17;0,6493672683685408;1,1464678377352804;-1,51614830392028;1,7655152847719697;0,8350515463916728;388,0000000000109;2;True;4506,45;4675;stop;-388,0;-388,0;False;6;-1,0;-3,88;2026-05-21
4847;2026-05-22 04:07:54;short;2;4527,21;4;7,947948774402414;1,4795244385734154;0,0;0,18615173305324392;0,9922680412371793;388,0000000000109;2;True;4527,21;4851;stop;-388,0;-388,0;False;4;-1,0;-3,88;2026-05-22
5015;2026-05-22 16:35:07;long;2;4523,65;16;2,419998943196448;1,3463672391015051;0,0;0,5563503417580671;0,9381443298969507;387,99999999991996;2;True;4523,65;5017;stop;-388,0;-388,0;False;2;-1,0;-3,88;2026-05-22
5252;2026-05-25 10:37:44;short;2;4557,84;10;0,9506190760821874;1,242857142856975;0,0;1,307418685494085;0,8427835051544936;388,0000000000109;3;True;4557,84;5254;stop;-388,0;-388,0;False;2;-1,0;-3,88;2026-05-25
5267;2026-05-25 13:25:50;short;2;4569,87;13;1,2834950632996158;1,3907061631336834;0,0;1,0835305899490169;0,9819587628866735;388,0000000000109;7;True;4569,87;5272;stop;-388,0;-388,0;False;5;-1,0;-3,88;2026-05-25
5273;2026-05-25 14:25:03;short;2;4571,34;14;1,1684494976468331;1,3676673092811047;0,0;1,1704975799428907;0,984536082474124;388,0000000000109;2;True;4571,34;5275;stop;-388,0;-388,0;False;2;-1,0;-3,88;2026-05-25
5293;2026-05-25 16:04:07;long;2;4565,36;16;2,9940135710755045;1,410951008645334;-2,7207736025987077;0,4712573858302501;0,927835051546225;388,0000000000109;2;True;4565,36;5297;breakeven;194,0;194,0;True;4;0,5;1,94;2026-05-25
5440;2026-05-26 10:19:48;long;2;4525,76;10;3,6617659731798797;1,2528209820066358;0,0;0,3421357320983256;0,8144329896906612;388,0000000000109;2;True;4525,76;5443;breakeven;194,0;194,0;True;3;0,5;1,94;2026-05-26
5677;2026-05-27 01:23:55;short;2;4506,2;1;1,0760740249365581;1,2498234712611336;0,0;1,1614660723130261;0,9123711340205836;388,0000000000109;2;True;4506,2;5684;breakeven;194,0;194,0;True;7;0,5;1,94;2026-05-27
5814;2026-05-27 11:48:05;short;2;4493,52;11;1,5761069929794982;1,2735615954817665;0,0;0,8080426019011596;0,8453608247423768;387,99999999991996;3;True;4493,52;5816;stop;-388,0;-388,0;False;2;-1,0;-3,88;2026-05-27
6567;2026-05-28 17:44:38;short;2;4467,64;17;1,1798617569397492;1,3321332133212593;0,7340208466492945;1,129058726995663;0,9536082474226067;388,0000000000109;6;True;4467,64;6569;stop;-388,0;-388,0;False;2;-1,0;-3,88;2026-05-28
6615;2026-05-28 19:06:09;short;2;4482,05;19;5,1354505726333475;1,287763713079976;0,0;0,25075963537502;0,8427835051544936;388,0000000000109;2;True;4482,05;6617;stop;-388,0;-388,0;False;2;-1,0;-3,88;2026-05-28
6869;2026-05-29 16:24:27;short;2;4525,38;16;1,3190077977808692;1,131738664762602;12,340273733255676;0,858022724859297;0,8170103092783463;388,0000000000109;2;True;4525,38;6871;stop;-388,0;-388,0;False;2;-1,0;-3,88;2026-05-29
7088;2026-06-01 04:17:02;short;2;4530,57;4;1,610213896421816;1,2958292919495698;-0,960757725180802;0,8047559984602882;0,8608247422680545;388,0000000000109;2;True;4530,57;7090;stop;-388,0;-388,0;False;2;-1,0;-3,88;2026-06-01
7263;2026-06-01 16:03:57;long;2;4499,37;16;13,623565754634022;1,3543689320388654;1,2543374208700033;0,09941368922289527;0,8582474226803695;388,0000000000109;2;True;4499,37;7267;stop;-388,0;-388,0;False;4;-1,0;-3,88;2026-06-01
7699;2026-06-02 17:16:39;long;2;4500,76;17;4,554176072235049;1,2770074169623504;1,9452479338842976;0,28040361125862984;0,8505154639175487;388,0000000000109;3;True;4500,76;7701;stop;-388,0;-388,0;False;2;-1,0;-3,88;2026-06-02
7889;2026-06-03 08:45:31;long;2;4463,8;8;1,8797306843903416;1,4338677354709253;0,0;0,7628048780487805;0,9561855670102918;388,0000000000109;2;True;4463,8;7892;breakeven;194,0;194,0;True;3;0,5;1,94;2026-06-03
7976;2026-06-03 13:02:19;long;2;4444,69;13;1,2545188406095746;1,474713607152615;-0,5719304187026615;1,17552129104418;0,9716494845361611;387,99999999991996;2;True;4444,69;7980;alvo;776,0;776,0;True;4;2,0;7,76;2026-06-03
8043;2026-06-03 15:52:45;short;2;4463,33;15;2,905114555881909;1,3061428750157966;-0,7781435154707045;0,44960116026105873;0,896907216494942;388,0000000000109;3;True;4463,33;8050;breakeven;194,0;194,0;True;7;0,5;1,94;2026-06-03
8091;2026-06-03 16:58:50;long;2;4445,51;16;2,314071214071634;1,2171257796260004;5,4562169312169315;0,525967296176877;0,8324742268042222;388,0000000000109;2;True;4445,51;8094;breakeven;194,0;194,0;True;3;0,5;1,94;2026-06-03
8122;2026-06-03 17:50:42;short;2;4451,21;17;1,5243706181098404;1,4680000000000886;-0,4740519929555846;0,9630203984253848;0,945876288659786;388,0000000000109;3;True;4451,21;8124;stop;-388,0;-388,0;False;2;-1,0;-3,88;2026-06-03
8160;2026-06-03 20:33:26;long;2;4439,42;20;2,996194439910717;1,6696588868940418;0,0;0,5572598575891475;0,8788659793813811;388,0000000000109;4;True;4439,42;8164;stop;-388,0;-388,0;False;4;-1,0;-3,88;2026-06-03
8981;2026-06-05 17:34:47;long;2;4353,54;17;1,0177371172516043;1,1984223300969978;-37,15384615384615;1,1775362318840579;0,8144329896906612;388,0000000000109;4;True;4353,54;8984;stop;-388,0;-388,0;False;3;-1,0;-3,88;2026-06-05
9025;2026-06-05 18:23:20;long;2;4351,91;18;0,6813196401377811;1,4923251847640195;0,0;2,1903451725862935;0,9664948453607975;388,0000000000109;2;True;4351,91;9028;breakeven;194,0;194,0;True;3;0,5;1,94;2026-06-05
9114;2026-06-05 21:18:06;long;2;4325,57;21;1,004596972563756;1,2651428571427261;0,0;1,2593536429977992;0,8453608247421787;388,0000000000109;7;True;4325,57;9119;breakeven;194,0;194,0;True;5;0,5;1,94;2026-06-05
9159;2026-06-05 23:13:44;long;2;4315,52;23;0,8047358145943314;1,504795968135382;0,0;1,8699254349627175;0,9175257731959536;388,0000000000109;4;True;4315,52;9166;alvo;776,0;776,0;True;7;2,0;7,76;2026-06-05
9193;2026-06-08 01:12:38;short;2;4316,86;1;28,388549332670934;1,407509043283165;2,8053841839596187;0,049580167932826866;0,9381443298969652;388,0000000000109;2;True;4316,86;9195;stop;-388,0;-388,0;False;2;-1,0;-3,88;2026-06-08
9220;2026-06-08 01:56:19;long;2;4319,5;1;12,679522497703523;1,1717171717170984;72,41958041958041;0,09241019698725376;0,8350515463916728;388,0000000000109;3;True;4319,5;9228;alvo;776,0;776,0;True;8;2,0;7,76;2026-06-08
9412;2026-06-08 08:17:47;long;2;4308,21;8;2,030725576090944;1,357845975680466;0,0;0,6686506496334471;0,8634020618557395;388,0000000000109;3;True;4308,21;9417;breakeven;194,0;194,0;True;5;0,5;1,94;2026-06-08
9779;2026-06-08 18:31:17;long;2;4332,27;18;5,330369631999803;1,4330252448613965;0,0;0,2688416270906463;0,9561855670102918;388,0000000000109;2;True;4332,27;9788;alvo;776,0;776,0;True;9;2,0;7,76;2026-06-08
10239;2026-06-09 19:06:46;long;2;4270,65;19;1,571343910461349;1,468250716919012;0,0;0,9343917058156488;0,9896907216494918;387,99999999991996;5;True;4270,65;10241;stop;-388,0;-388,0;False;2;-1,0;-3,88;2026-06-09
10250;2026-06-09 19:15:51;long;2;4262,13;19;0,790329873125722;1,320553633217995;0,0;1,6708891794704153;0,8479381443298637;388,0000000000109;2;True;4262,13;10254;stop;-388,0;-388,0;False;4;-1,0;-3,88;2026-06-09
10381;2026-06-09 22:50:04;long;2;4253,75;22;0,4859309723318194;1,3596875369866697;0,0;2,7981084030556564;0,9252577319587744;388,0000000000109;3;True;4253,75;10389;breakeven;194,0;194,0;True;8;0,5;1,94;2026-06-09
10532;2026-06-10 04:19:46;short;2;4212,67;4;3,192659971559755;1,4196155258968182;-0,481920217127025;0,4446497712073214;0,9639175257731125;388,0000000000109;5;True;4212,67;10537;alvo;776,0;776,0;True;5;2,0;7,76;2026-06-10
10553;2026-06-10 04:39:28;short;2;4203,23;4;4,9892238131128535;1,311228334589449;26,858823529411765;0,2628120893561104;0,896907216494942;388,0000000000109;2;True;4203,23;10557;alvo;776,0;776,0;True;4;2,0;7,76;2026-06-10
10650;2026-06-10 08:30:24;short;2;4185,73;8;8,976413816658456;1,5274166195592789;5,756924198250728;0,17015889092865732;0,9948453608248643;388,0000000000109;5;True;4185,73;10654;stop;-388,0;-388,0;False;4;-1,0;-3,88;2026-06-10
10758;2026-06-10 11:31:48;long;2;4170,18;11;4,525559002677227;1,3488305352275394;0,0;0,29804727646454265;0,9690721649484826;388,0000000000109;2;True;4170,18;10766;breakeven;194,0;194,0;True;8;0,5;1,94;2026-06-10
10831;2026-06-10 13:56:35;long;2;4175,21;13;1,0862876741900866;1,3366912049591955;0,0;1,2305130921749659;0,8891752577318869;388,0000000000109;2;True;4175,21;10835;stop;-388,0;-388,0;False;4;-1,0;-3,88;2026-06-10
10993;2026-06-10 16:03:58;long;2;4152,51;16;2,583527195351084;1,3927282819874527;0,6997700216450216;0,5390801708972103;0,9948453608248643;388,0000000000109;2;True;4152,51;10997;breakeven;194,0;194,0;True;4;0,5;1,94;2026-06-10
11058;2026-06-10 16:46:05;short;2;4181,49;16;5,421092336727664;1,55937163098721;1,1207690361750569;0,2876489707475623;0,9664948453607975;388,0000000000109;3;True;4181,49;11059;breakeven;194,0;194,0;True;1;0,5;1,94;2026-06-10
11079;2026-06-10 17:00:00;long;2;4180,29;17;0,4149947296079629;1,232649498035699;-0,5726726514455361;2,970277476054113;0,9097938144328984;388,0000000000109;2;True;4180,29;11081;stop;-388,0;-388,0;False;2;-1,0;-3,88;2026-06-10
11155;2026-06-10 18:06:30;long;2;4125,83;18;1,1846027075492536;1,2826989619376505;-132,06386861313868;1,0828094126100234;0,8685567010308752;388,0000000000109;2;True;4125,83;11162;stop;-388,0;-388,0;False;7;-1,0;-3,88;2026-06-10
11163;2026-06-10 18:11:50;long;2;4122,94;18;2,072419089556231;1,1744415243100987;10,78366445916115;0,5667007847151143;0,8376288659795542;387,99999999991996;4;True;4122,94;11166;stop;-388,0;-388,0;False;3;-1,0;-3,88;2026-06-10
11182;2026-06-10 18:29:04;short;2;4133,14;18;3,0372307719880505;1,1475123018040438;0,2865625403381954;0,3778153153153153;0,819587628865797;388,0000000000109;2;True;4133,14;11203;alvo;776,0;776,0;True;21;2,0;7,76;2026-06-10
11476;2026-06-11 02:27:08;short;2;4057,5;2;2,2623794319569943;1,347340617120885;0,0;0,5955414012738853;0,9329896907215951;388,0000000000109;6;True;4057,5;11478;stop;-388,0;-388,0;False;2;-1,0;-3,88;2026-06-11
11505;2026-06-11 02:59:47;short;2;4048,5;2;3,4488917755947277;1,3193807339449624;-9,91150442477876;0,38255208333333335;0,9123711340205836;388,0000000000109;2;True;4048,5;11507;stop;-388,0;-388,0;False;2;-1,0;-3,88;2026-06-11
11518;2026-06-11 03:04:51;long;2;4044,87;3;4,816600582322267;1,4058788242350675;-0,9275748215997445;0,291881961189574;0,9742268041236183;388,0000000000109;5;True;4044,87;11522;breakeven;194,0;194,0;True;4;0,5;1,94;2026-06-11
11526;2026-06-11 03:08:49;long;2;4043,57;3;2,6902221458180953;1,1788206979543951;-0,6550558495002939;0,43818712138209553;0,8144329896907785;388,0000000000109;2;True;4043,57;11529;stop;-388,0;-388,0;False;3;-1,0;-3,88;2026-06-11
11562;2026-06-11 03:26:06;long;2;4061,51;3;0,7242672690666557;1,2214840671096847;-27,275259067357513;1,6865101037684325;0,8737113402062454;388,0000000000109;4;True;4061,51;11578;alvo;776,0;776,0;True;16;2,0;7,76;2026-06-11
11681;2026-06-11 04:46:23;long;2;4110,22;4;2,475557886881114;1,508425073017491;0,0;0,6093273281999128;0,9613402061856618;388,0000000000109;2;True;4110,22;11685;breakeven;194,0;194,0;True;4;0,5;1,94;2026-06-11
11686;2026-06-11 04:51:57;long;2;4111,05;4;0,9447597430721648;1,3776027011819079;0,0;1,4581513567695281;0,9278350515464594;388,0000000000109;3;True;4111,05;11688;stop;-388,0;-388,0;False;2;-1,0;-3,88;2026-06-11
11756;2026-06-11 06:15:09;long;2;4068,33;6;2,3628963242813414;1,3979836773883176;1,273347631117177;0,5916398713826366;0,938144329896848;388,0000000000109;4;True;4068,33;11759;stop;-388,0;-388,0;False;3;-1,0;-3,88;2026-06-11
11792;2026-06-11 07:50:14;short;2;4082,11;7;1,422435747697548;1,3485387351167433;-3,1643935260956537;0,9480489627032929;0,8324742268042026;387,99999999996544;3;True;4082,11;11814;breakeven;194,0;194,0;True;22;0,5;1,94;2026-06-11
11997;2026-06-11 15:30:25;long;2;4068,3;15;5,430166715991161;1,3259600614439904;0,0;0,24418404273651562;0,8556701030928017;388,0000000000109;2;True;4068,3;11999;stop;-388,0;-388,0;False;2;-1,0;-3,88;2026-06-11
12006;2026-06-11 15:33:38;long;2;4061,34;15;1,640343041585406;1,4111995195917033;0,0;0,8603075599526832;0,9690721649484826;388,0000000000109;5;True;4061,34;12019;alvo;776,0;776,0;True;13;2,0;7,76;2026-06-11
12094;2026-06-11 16:49:14;long;2;4088,76;16;1,697165366034927;1,3712374581939766;-0,9498542635658914;0,8079574834817581;0,9510309278350388;388,0000000000109;2;True;4088,76;12096;stop;-388,0;-388,0;False;2;-1,0;-3,88;2026-06-11
12452;2026-06-11 22:17:22;short;2;4193,06;22;4,970330181534458;1,2194376528116195;1,800987857583865;0,24534338932693406;0,8118556701031665;387,99999999991996;5;True;4193,06;12453;breakeven;194,0;194,0;True;1;0,5;1,94;2026-06-11
12482;2026-06-11 22:40:26;long;2;4212,12;22;2,7220893275034936;1,3920938150180815;0,7981192476990796;0,5114063675106543;0,948453608247471;388,0000000000109;4;True;4212,12;12485;breakeven;194,0;194,0;True;3;0,5;1,94;2026-06-11
12498;2026-06-11 23:06:29;long;2;4211,93;23;2,3530100347371916;1,4089219330854792;111,22721893491125;0,598774298573207;0,9768041237113033;388,0000000000109;2;True;4211,93;12507;breakeven;194,0;194,0;True;9;0,5;1,94;2026-06-11
12648;2026-06-12 04:07:57;short;2;4189,13;4;1,3493866120771794;1,3326420572375388;0,0;0,9875909878682843;0,9742268041236183;388,0000000000109;2;True;4189,13;12650;stop;-388,0;-388,0;False;2;-1,0;-3,88;2026-06-12
12693;2026-06-12 05:11:36;short;2;4196,1;5;2,7444363660463633;1,4998191681734137;0,0;0,5464944229455952;0,9716494845361611;387,99999999991996;3;True;4196,1;12700;alvo;776,0;776,0;True;7;2,0;7,76;2026-06-12
12972;2026-06-12 16:14:38;long;2;4197,59;16;1,5388101032139243;1,382025677603449;0,0;0,8981132075471698;0,8917525773195719;388,0000000000109;2;True;4197,59;12983;breakeven;194,0;194,0;True;11;0,5;1,94;2026-06-12
13074;2026-06-12 17:52:58;short;2;4196,31;17;41,49510926458232;1,165140015702468;3,766525023607177;0,028078972109056723;0,819587628865989;387,99999999991996;6;True;4196,31;13077;breakeven;194,0;194,0;True;3;0,5;1,94;2026-06-12
13455;2026-06-15 08:52:49;long;2;4311,84;8;5,423875432526235;1,269928532160594;3,9951526267522603;0,23413674372848006;0,8505154639175487;388,0000000000109;2;True;4311,84;13457;stop;-388,0;-388,0;False;2;-1,0;-3,88;2026-06-15
13616;2026-06-15 17:53:16;short;2;4359,84;17;0,8131334760530893;1,2516987133149922;-9,327436573564425;1,5393520869300295;0,8582474226803695;388,0000000000109;2;True;4359,84;13633;breakeven;194,0;194,0;True;17;0,5;1,94;2026-06-15
13751;2026-06-16 05:38:58;short;2;4314,48;5;0,8085477278419345;1,2624328419895414;-1,3553685838426983;1,5613584684222108;0,8144329896908956;388,0000000000109;3;True;4314,48;13754;breakeven;194,0;194,0;True;3;0,5;1,94;2026-06-16
14004;2026-06-17 07:35:57;long;2;4321,54;7;9,593563896827328;1,5376095985231522;-3,825538789994518;0,16027511934659155;0,9201030927834043;388,0000000000109;5;True;4321,54;14006;breakeven;194,0;194,0;True;2;0,5;1,94;2026-06-17
14020;2026-06-17 09:05:07;long;2;4328,09;9;0,7988399782304981;1,273983851101687;0,0;1,594792306118273;0,827319587628852;388,0000000000109;3;True;4328,09;14022;stop;-388,0;-388,0;False;2;-1,0;-3,88;2026-06-17
14092;2026-06-17 16:28:01;short;2;4334,63;16;1,255679256826374;1,1803194229778424;0,0;0,9399848062800709;0,8144329896906612;388,0000000000109;2;True;4334,63;14096;stop;-388,0;-388,0;False;4;-1,0;-3,88;2026-06-17
14153;2026-06-17 18:17:35;short;2;4349,57;18;2,629661871629865;1,512638580931237;0,0;0,5752217033111193;0,9768041237113033;388,0000000000109;3;True;4349,57;14155;stop;-388,0;-388,0;False;2;-1,0;-3,88;2026-06-17
14236;2026-06-17 21:00:40;short;2;4347,41;21;2,748751807055744;1,0211647934609125;-3,253800993527021;0,37150127226463103;0,8195876288660313;388,0000000000109;2;True;4347,41;14237;breakeven;194,0;194,0;True;1;0,5;1,94;2026-06-17
14243;2026-06-17 21:00:47;long;2;4350,73;21;18,270896656532056;1,2272036474162187;1,8533072980229437;0,06716712761754247;0,8324742268041829;387,99999999991996;2;True;4350,73;14245;stop;-388,0;-388,0;False;2;-1,0;-3,88;2026-06-17
14287;2026-06-17 21:05:41;long;2;4311,01;21;9,161366094885949;1,2131046206151945;-4,642622950819672;0,13241525423728814;0,8092783505155255;388,0000000000109;3;True;4311,01;14289;stop;-388,0;-388,0;False;2;-1,0;-3,88;2026-06-17
14306;2026-06-17 21:08:20;long;2;4304,45;21;0,32791032699855144;1,2720133667500249;0,7186828919112384;3,8791500664010625;0,8530927835049994;388,0000000000109;2;True;4304,45;14308;stop;-388,0;-388,0;False;2;-1,0;-3,88;2026-06-17
14357;2026-06-17 21:16:21;long;2;4293,49;21;2,0538167683129553;1,4524495677232292;7,091287747309961;0,7071953010279001;0,9742268041236183;388,0000000000109;2;True;4293,49;14358;breakeven;194,0;194,0;True;1;0,5;1,94;2026-06-17
14669;2026-06-17 22:35:23;long;2;4228,43;22;4,241945684524082;1,389322916666756;0,0;0,32752020416843897;1,0;388,0000000000109;2;True;4228,43;14673;stop;-388,0;-388,0;False;4;-1,0;-3,88;2026-06-17
14721;2026-06-17 22:53:29;long;2;4243,05;22;0,5334353330076494;1,2998510057116286;0,0;2,436754607878569;0,9304123711341444;388,0000000000109;2;True;4243,05;14723;stop;-388,0;-388,0;False;2;-1,0;-3,88;2026-06-17
14750;2026-06-17 23:26:35;long;2;4262,35;23;0,42360273523113695;1,1843470061292678;0,0;2,7958908373975304;0,8092783505155255;388,0000000000109;3;True;4262,35;14752;stop;-388,0;-388,0;False;2;-1,0;-3,88;2026-06-17
14789;2026-06-18 02:16:12;short;2;4278,86;2;2,5205895251149952;1,5622094104519386;0,3925454772999993;0,6197793789453548;0,9020618556700777;388,0000000000109;5;True;4278,86;14793;stop;-388,0;-388,0;False;4;-1,0;-3,88;2026-06-18
15022;2026-06-18 13:13:47;long;2;4265,63;13;1,2206247196987179;1,2303745510519803;0,0;1,0079875748835145;0,842783505154728;388,0000000000109;2;True;4265,63;15027;breakeven;194,0;194,0;True;5;0,5;1,94;2026-06-18
15061;2026-06-18 15:16:32;short;2;4255,73;15;4,394079179922703;1,5089430894310554;-1,0801186603747652;0,343403709319958;0,9716494845361676;388,0000000000109;6;True;4255,73;15063;stop;-388,0;-388,0;False;2;-1,0;-3,88;2026-06-18
15067;2026-06-18 15:22:59;short;2;4265,26;15;3,8372539689064844;1,3515720702325187;-0,46458069062720225;0,3522237728293186;0,8530927835049994;388,0000000000109;5;True;4265,26;15072;alvo;776,0;776,0;True;5;2,0;7,76;2026-06-18
15080;2026-06-18 15:40:56;long;2;4244,9;15;1,8149608485585278;1,214111178985705;40,0416564567508;0,6689462089223426;0,819587628865989;387,99999999991996;5;True;4244,9;15083;breakeven;194,0;194,0;True;3;0,5;1,94;2026-06-18
15516;2026-06-19 14:35:33;long;2;4145,61;14;4,584308537070074;1,4771914132378956;9,8578431372549;0,32222774738935855;0,945876288659786;388,0000000000109;2;True;4145,61;15525;alvo;776,0;776,0;True;9;2,0;7,76;2026-06-19
15693;2026-06-22 03:25:03;long;2;4165,36;3;0,6601271098870671;1,485478186899859;0,0;2,2502911403744514;0,984536082474124;388,0000000000109;2;True;4165,36;15703;alvo;776,0;776,0;True;10;2,0;7,76;2026-06-22
16035;2026-06-22 20:37:46;long;2;4180,82;20;2,571993440689363;1,370656913771101;0,0;0,5329161778125407;0,8969072164947076;388,0000000000109;4;True;4180,82;16041;alvo;776,0;776,0;True;6;2,0;7,76;2026-06-22
16064;2026-06-23 03:16:19;long;2;4182,04;3;4,245205057229524;1,528825136611887;0,0;0,3601298679337809;0,9304123711339101;388,0000000000109;4;True;4182,04;16072;breakeven;194,0;194,0;True;8;0,5;1,94;2026-06-23
16423;2026-06-23 16:59:48;short;2;4135,6;16;2,784634388578327;1,2998137802606162;0,0;0,46678076863233237;0,8994845360826035;387,99999999991996;2;True;4135,6;16425;stop;-388,0;-388,0;False;2;-1,0;-3,88;2026-06-23
16434;2026-06-23 17:10:27;short;2;4141,31;17;8,91182759652675;1,385214007781909;0,0;0,1554354584150366;0,9175257731959343;387,99999999991996;3;True;4141,31;16435;breakeven;194,0;194,0;True;1;0,5;1,94;2026-06-23
16740;2026-06-24 08:10:59;short;2;4066,19;8;2,369507965844863;1,2606455112558217;-0,05408917811061061;0,5320283913062646;0,8556701030928017;388,0000000000109;3;True;4066,19;16742;stop;-388,0;-388,0;False;2;-1,0;-3,88;2026-06-24
16908;2026-06-24 15:25:31;short;2;4017,66;15;8,49180769810252;1,4044159707128316;-0,15150695023944308;0,1653848062323227;0,9587628865979768;388,0000000000109;2;True;4017,66;16916;breakeven;194,0;194,0;True;8;0,5;1,94;2026-06-24
17014;2026-06-24 16:18:31;short;2;3970,75;16;2,4154045385521226;1,4512758468983569;0,0;0,6008417321962565;0,9716494845360505;388,0000000000109;2;True;3970,75;17016;stop;-388,0;-388,0;False;2;-1,0;-3,88;2026-06-24
17037;2026-06-24 16:30:37;short;2;3977,83;16;2,228517350157805;1,4415141955836457;-3,0479509339280737;0,6468489892984542;0,9201030927835214;388,0000000000109;3;True;3977,83;17039;stop;-388,0;-388,0;False;2;-1,0;-3,88;2026-06-24
17447;2026-06-25 04:07:44;long;2;3993,65;4;1,0575293088602962;1,3022388059702577;-2,0076916771408277;1,2313973665407778;0,8994845360825099;388,0000000000109;2;True;3993,65;17449;stop;-388,0;-388,0;False;2;-1,0;-3,88;2026-06-25
17519;2026-06-25 05:24:22;short;2;3987,05;5;6,204356340248727;1,42862684251357;3,7525079593920827;0,23026189408977396;0,9819587628866714;387,99999999996544;7;True;3987,05;17526;breakeven;194,0;194,0;True;7;0,5;1,94;2026-06-25
17593;2026-06-25 07:31:28;short;2;3993,66;7;1,0057840048774478;1,3266039823008933;-10,39768415727495;1,3189750243269542;0,9510309278350388;388,0000000000109;3;True;3993,66;17599;breakeven;194,0;194,0;True;6;0,5;1,94;2026-06-25
17613;2026-06-25 08:25:39;short;2;3995,24;8;3,3078253206308745;0,9677680377614007;7,861386138613861;0,2925692695214106;0,8041237113402726;388,0000000000109;3;True;3995,24;17616;breakeven;194,0;194,0;True;3;0,5;1,94;2026-06-25
17664;2026-06-25 09:56:08;long;2;3980,75;9;2,4144339438814093;1,4971161340607215;-0,07950044014084506;0,6200692041522491;0,8840206185566339;388,0000000000109;2;True;3980,75;17666;stop;-388,0;-388,0;False;2;-1,0;-3,88;2026-06-25
17681;2026-06-25 10:29:55;short;2;3986,09;10;2,886491008547054;1,5402070628279265;-0,11427395286611094;0,5335914985590778;0,9329896907217045;387,99999999996544;3;True;3986,09;17691;alvo;776,0;776,0;True;10;2,0;7,76;2026-06-25
17759;2026-06-25 14:37:59;long;2;3977,44;14;4,6870928392670095;1,4031620553360455;0,0;0,2993672417966184;0,9149484536082686;388,0000000000109;2;True;3977,44;17777;alvo;776,0;776,0;True;18;2,0;7,76;2026-06-25
17885;2026-06-25 16:39:10;long;2;4023,3;16;2,7061727525295307;1,3796079398347814;0,3110283342841482;0,5098003956123;0,9613402061855446;388,0000000000109;2;True;4023,3;17887;stop;-388,0;-388,0;False;2;-1,0;-3,88;2026-06-25
17908;2026-06-25 16:56:13;long;2;4005,97;16;1,1191843722838437;1,152444579410766;-0,29134182908545725;1,029718255499807;0,8505154639175312;387,99999999996544;6;True;4005,97;17910;stop;-388,0;-388,0;False;2;-1,0;-3,88;2026-06-25
18039;2026-06-25 19:51:49;short;2;4028,18;19;1,2416081600622235;1,2200524628389209;0,0;0,9826388888888888;0,8298969072165371;388,0000000000109;2;True;4028,18;18041;stop;-388,0;-388,0;False;2;-1,0;-3,88;2026-06-25
18287;2026-06-26 10:03:04;short;2;4030,17;10;2,7509235192637465;1,5622127659573342;-4,919748696064485;0,5678866587957497;0,9097938144328984;388,0000000000109;4;True;4030,17;18294;stop;-388,0;-388,0;False;7;-1,0;-3,88;2026-06-26
19069;2026-06-30 04:11:41;long;2;3960,77;4;3,831825411310772;1,4977185617813678;2,2818532818532815;0,39086294416243655;0,9613402061855446;388,0000000000109;4;True;3960,77;19075;stop;-388,0;-388,0;False;6;-1,0;-3,88;2026-06-30
19247;2026-06-30 09:50:26;short;2;4029,32;9;3,0554807598949476;1,5725557461405515;-7,216868823000899;0,5146672061501112;0,9845360824742395;387,99999999996544;3;True;4029,32;19253;breakeven;194,0;194,0;True;6;0,5;1,94;2026-06-30
19451;2026-06-30 20:24:10;short;2;4024,32;20;0,9360189878338343;1,4667855550600981;-4,793855005049424;1,5670467951238694;0,969072164948479;387,99999999996544;2;True;4024,32;19454;stop;-388,0;-388,0;False;3;-1,0;-3,88;2026-06-30
19482;2026-07-01 02:30:44;long;2;4011,93;2;1,5401252516215316;1,2867647058823282;-0,45439015940497934;0,8354935447799126;0,8479381443299631;387,99999999996544;3;True;4011,93;19484;stop;-388,0;-388,0;False;2;-1,0;-3,88;2026-07-01
19528;2026-07-01 04:49:27;long;2;3977,96;4;3,7950041225151145;1,3134027544508153;0,0;0,34608730637698654;0,8762886597938132;388,0000000000109;2;True;3977,96;19530;stop;-388,0;-388,0;False;2;-1,0;-3,88;2026-07-01
19558;2026-07-01 07:46:29;long;2;3976,13;7;1,8475469252556933;1,2428952042629209;0,0;0,6727272727272727;0,8015463917525876;388,0000000000109;2;True;3976,13;19562;breakeven;194,0;194,0;True;4;0,5;1,94;2026-07-01
19682;2026-07-01 15:34:19;short;2;4029,41;15;7,459230024574085;1,3661181026138198;0,0;0,1831446540880503;0,8659793814433074;388,0000000000109;2;True;4029,41;19688;breakeven;194,0;194,0;True;6;0,5;1,94;2026-07-01
19689;2026-07-01 15:42:52;short;2;4026,9;15;3,9964947551535546;1,4258898530192505;0,0;0,35678511805389934;0,9432989690721009;388,0000000000109;2;True;4026,9;19700;alvo;776,0;776,0;True;11;2,0;7,76;2026-07-01
19710;2026-07-01 16:18:16;short;2;4028,14;16;2,5618529104418433;1,453755970473373;0,0;0,5674627003556747;0,9587628865979768;388,0000000000109;3;True;4028,14;19713;breakeven;194,0;194,0;True;3;0,5;1,94;2026-07-01
19835;2026-07-01 17:25:51;short;2;4103,0;17;0,4980968623206087;1,1846944294212989;-46,56020499815079;2,3784418634999347;0,8685567010308752;388,0000000000109;3;True;4103,0;19841;breakeven;194,0;194,0;True;6;0,5;1,94;2026-07-01
20085;2026-07-02 09:06:33;long;2;4072,1;9;3,7726779576792295;1,3969439728352484;0,0;0,3702791461412151;0,9639175257731125;388,0000000000109;2;True;4072,1;20087;stop;-388,0;-388,0;False;2;-1,0;-3,88;2026-07-02
20152;2026-07-02 13:58:26;long;2;4065,25;13;1,027318886282051;1,4350684931507165;-1,8810696746470228;1,3969065616464462;1,0;388,0000000000109;2;True;4065,25;20154;stop;-388,0;-388,0;False;2;-1,0;-3,88;2026-07-02
20165;2026-07-02 14:46:49;short;2;4068,51;14;5,206961354171219;1,436414001510881;-2,270184841613413;0,27586415642593376;0,9484536082474649;387,99999999996544;3;True;4068,51;20170;breakeven;194,0;194,0;True;5;0,5;1,94;2026-07-02
20190;2026-07-02 15:30:10;short;2;4091,11;15;321,5079164027688;1,318556048131656;17,71186440677966;0,004101161995898838;0,8943298969072446;387,99999999996544;9;True;4091,11;20194;stop;-388,0;-388,0;False;4;-1,0;-3,88;2026-07-02
20225;2026-07-02 15:30:51;short;2;4109,52;15;70,03462361407563;1,4378525578679704;37,82016806722689;0,020530595920543928;0,8659793814433933;387,99999999991996;2;True;4109,52;20226;breakeven;194,0;194,0;True;1;0,5;1,94;2026-07-02
20331;2026-07-02 15:50:45;short;2;4126,63;15;2,024131963061247;1,3593816479932053;-19,527293844367016;0,671587462082912;0,9149484536082686;388,0000000000109;3;True;4126,63;20337;alvo;776,0;776,0;True;6;2,0;7,76;2026-07-02
20374;2026-07-02 16:23:59;short;2;4116,64;16;2,2095232827968023;1,4112506826867972;0,0;0,638712745719721;0,979381443298754;388,0000000000109;2;True;4116,64;20378;breakeven;194,0;194,0;True;4;0,5;1,94;2026-07-02
20379;2026-07-02 16:28:06;short;2;4113,49;16;1,3689664115475042;1,2064635877279397;0,0;0,8812952440258426;0,8376288659793579;388,0000000000109;2;True;4113,49;20383;stop;-388,0;-388,0;False;4;-1,0;-3,88;2026-07-02
20672;2026-07-03 05:42:55;short;2;4182,97;5;1,1088007472796222;1,598195166717625;-2,9886039886039883;1,4413727359389894;0,997422680412315;388,0000000000109;3;True;4182,97;20675;breakeven;194,0;194,0;True;3;0,5;1,94;2026-07-03
20932;2026-07-06 05:22:32;short;2;4182,25;5;0,8487066716894524;1,1674499798577633;-0,2557435646133003;1,3755635707844904;0,8298969072165371;388,0000000000109;3;True;4182,25;20941;alvo;776,0;776,0;True;9;2,0;7,76;2026-07-06
20943;2026-07-06 05:40:10;short;2;4172,15;5;1,9924321303401025;1,3541786412231975;0,17430942442334235;0,6796611139733242;0,9793814432989884;388,0000000000109;2;True;4172,15;20947;stop;-388,0;-388,0;False;4;-1,0;-3,88;2026-07-06
21069;2026-07-06 16:27:45;short;2;4144,95;16;2,305098785349284;1,3654406817674103;-1,5844618151124812;0,5923566878980892;0,9510309278351561;388,0000000000109;3;True;4144,95;21074;stop;-388,0;-388,0;False;5;-1,0;-3,88;2026-07-06
21099;2026-07-06 17:12:03;short;2;4141,17;17;2,207810871377908;1,3111111111110894;0,0;0,5938511890254518;0,9123711340205836;388,0000000000109;3;True;4141,17;21111;breakeven;194,0;194,0;True;12;0,5;1,94;2026-07-06
21209;2026-07-07 05:17:36;short;2;4140,85;5;1,6367443006102027;1,3973288814690263;0,0;0,85372460496614;0,9742268041238467;387,99999999991996;2;True;4140,85;21212;stop;-388,0;-388,0;False;3;-1,0;-3,88;2026-07-07
21349;2026-07-07 16:00:31;short;2;4174,58;16;21,427005870840215;1,3953033268100932;15,261728395061727;0,06511891279728199;0,8788659793813811;388,0000000000109;3;True;4174,58;21357;alvo;776,0;776,0;True;8;2,0;7,76;2026-07-07
21371;2026-07-07 16:37:38;short;2;4176,02;16;2,7103252925750474;1,135937748133908;0,0;0,4191149126069171;0,8015463917526583;387,99999999991996;5;True;4176,02;21376;breakeven;194,0;194,0;True;5;0,5;1,94;2026-07-07
22254;2026-07-09 10:04:27;short;2;4106,44;10;1,9299751514399568;1,5884808013355434;-418,7637028014617;0,8230576441102757;0,8917525773195719;388,0000000000109;5;True;4106,44;22257;breakeven;194,0;194,0;True;3;0,5;1,94;2026-07-09
22262;2026-07-09 10:46:10;short;2;4107,25;10;1,2511896681284427;1,5876720526630717;0,0;1,268929957708128;0,9768041237113033;388,0000000000109;2;True;4107,25;22264;stop;-388,0;-388,0;False;2;-1,0;-3,88;2026-07-09
22883;2026-07-13 10:03:51;long;2;4052,64;10;3,128539236440855;1,3788024776324963;0,0;0,44071765556665177;0,9561855670104038;387,99999999996544;2;True;4052,64;22893;alvo;776,0;776,0;True;10;2,0;7,76;2026-07-13
23016;2026-07-13 17:17:24;short;2;4012,59;17;6,413539235803485;1,2610294117646517;-0,2471498055552478;0,19661989510019276;0,8840206185567376;387,99999999996544;2;True;4012,59;23019;breakeven;194,0;194,0;True;3;0,5;1,94;2026-07-13
23281;2026-07-14 10:36:56;long;2;4026,6;10;1,9575324101344553;1,3557154276578773;0,0;0,6925634644101543;0,9561855670102918;388,0000000000109;2;True;4026,6;23284;stop;-388,0;-388,0;False;3;-1,0;-3,88;2026-07-14
23285;2026-07-14 10:54:16;long;2;4025,66;10;1,1686328774215315;1,2159619090806029;0,0;1,0404994866852437;0,8917525773196764;387,99999999996544;2;True;4025,66;23287;stop;-388,0;-388,0;False;2;-1,0;-3,88;2026-07-14
23467;2026-07-14 16:40:02;short;2;4084,84;16;2,7658490899021535;1,563771267749683;0,0;0,565385607428424;0,9845360824742395;387,99999999996544;4;True;4084,84;23472;stop;-388,0;-388,0;False;5;-1,0;-3,88;2026-07-14
23651;2026-07-15 05:56:05;long;2;4038,14;5;2,245868009746033;1,2876674107142059;0,0;0,5733495490947474;0,9149484536082586;387,99999999996544;2;True;4038,14;23655;stop;-388,0;-388,0;False;4;-1,0;-3,88;2026-07-15
23775;2026-07-15 16:09:41;short;2;4070,35;16;0,5737717575995008;1,1437201907790147;-2,6381390819096997;1,9933365064255117;0,8427835051546108;388,0000000000109;3;True;4070,35;23783;alvo;776,0;776,0;True;8;2,0;7,76;2026-07-15
24564;2026-07-17 18:11:10;short;2;4009,6;18;3,7684162150413507;1,3068695390178522;0,8503243359822155;0,34679543459174716;0,894329896907257;388,0000000000109;3;True;4009,6;24570;breakeven;194,0;194,0;True;6;0,5;1,94;2026-07-17
24677;2026-07-20 04:00:01;short;2;4007,3;4;98,12546226544275;1,194493904944524;18,73310810810811;0,012173128944995492;0,8324742268042026;387,99999999996544;4;True;4007,3;24679;stop;-388,0;-388,0;False;2;-1,0;-3,88;2026-07-20
24875;2026-07-20 17:19:04;long;2;4002,13;17;0,6879758822401167;1,4088607594936584;-0,7283839011620242;2,0478345184227535;0,9561855670102918;388,0000000000109;2;True;4002,13;24889;alvo;776,0;776,0;True;14;2,0;7,76;2026-07-20
25216;2026-07-22 03:50:21;short;2;4095,57;3;6,031176647182537;1,1748922563602306;-0,0;0,19480315783970303;0,8067010309278179;387,99999999996544;2;True;4095,57;25218;stop;-388,0;-388,0;False;2;-1,0;-3,88;2026-07-22
25280;2026-07-22 09:06:14;short;2;4131,56;9;4,920403585192417;1,6370212066414307;-2,571970751319946;0,3327005962616405;0,9871134020620406;387,99999999991996;2;True;4131,56;25285;alvo;776,0;776,0;True;5;2,0;7,76;2026-07-22
25737;2026-07-23 17:01:36;short;2;4046,91;17;1,7731073429213426;1,304387778543591;-1,6002014279000023;0,7356507679870655;0,8608247422680545;388,0000000000109;2;True;4046,91;25741;breakeven;194,0;194,0;True;4;0,5;1,94;2026-07-23
26079;2026-07-27 04:05:00;long;2;4108,27;4;4,250526808388946;1,4394045126774884;0,2510029498525074;0,3386414384769068;0,9381443298969652;388,0000000000109;2;True;4108,27;26082;breakeven;194,0;194,0;True;3;0,5;1,94;2026-07-27
26418;2026-07-28 16:30:07;long;2;4032,31;16;649,4785422343381;1,6198910081744011;0,0;0,0024941409189619215;0,9510309278350388;388,0000000000109;2;True;4032,31;26420;stop;-388,0;-388,0;False;2;-1,0;-3,88;2026-07-28
26465;2026-07-28 18:14:09;long;2;4032,82;18;8,247603316568553;1,6405271398747279;0,0;0,19890955916600456;0,9819587628865563;388,0000000000109;2;True;4032,82;26473;breakeven;194,0;194,0;True;8;0,5;1,94;2026-07-28
26703;2026-07-29 19:11:14;short;2;4011,89;19;1,700529675858826;1,2343451242830217;-45,463362068965516;0,7258592083432093;0,8067010309278405;388,0000000000109;2;True;4011,89;26706;breakeven;194,0;194,0;True;3;0,5;1,94;2026-07-29
26957;2026-07-29 22:16:15;short;2;4100,62;22;0,9765515913470038;1,4154556566615648;0,0;1,4494427833650447;0,9948453608246299;388,0000000000109;2;True;4100,62;26960;stop;-388,0;-388,0;False;3;-1,0;-3,88;2026-07-29
27016;2026-07-29 23:05:41;short;2;4049,63;23;1,9582112356474835;1,2848548510312563;0,0;0,6561370028123745;0,8891752577318869;388,0000000000109;2;True;4049,63;27020;stop;-388,0;-388,0;False;4;-1,0;-3,88;2026-07-29
27172;2026-07-30 08:44:33;short;2;4033,22;8;1,476537257379801;1,2235446074361895;-5,622627090234492;0,8286581332918336;0,8994845360825099;388,0000000000109;2;True;4033,22;27174;stop;-388,0;-388,0;False;2;-1,0;-3,88;2026-07-30
27224;2026-07-30 11:08:50;short;2;4049,69;11;1,769427195975468;1,2630578093306457;1,6885938978240302;0,7138229887069947;0,9510309278350388;388,0000000000109;5;True;4049,69;27226;stop;-388,0;-388,0;False;2;-1,0;-3,88;2026-07-30
27293;2026-07-30 15:11:28;short;2;4078,65;15;0,868643364910981;1,2236286919830357;-0,3592335848712647;1,408666365751189;0,824742268041167;388,0000000000109;2;True;4078,65;27294;breakeven;194,0;194,0;True;1;0,5;1,94;2026-07-30
27676;2026-07-31 16:43:56;long;2;4026,13;16;5,0336413146971335;1,430414746543807;-1,7212540424002876;0,28417097228745886;1,0;388,0000000000109;5;True;4026,13;27680;stop;-388,0;-388,0;False;4;-1,0;-3,88;2026-07-31
28210;2026-08-04 17:06:22;short;2;4086,83;17;1,0696269281665778;1,3174383143886677;0,0;1,2316802052159042;0,9072164948453306;388,0000000000109;2;True;4086,83;28212;stop;-388,0;-388,0;False;2;-1,0;-3,88;2026-08-04
28380;2026-08-05 08:48:38;long;2;4163,8;8;6,684293594163065;1,3781055132141267;0,7264348554671135;0,20617070357554787;0,9201030927836387;388,0000000000109;3;True;4163,8;28391;breakeven;194,0;194,0;True;11;0,5;1,94;2026-08-05
28503;2026-08-05 16:00:55;short;2;4187,37;16;5,580816905702598;1,3059936908516736;0,0;0,23401478903871248;0,8891752577318869;388,0000000000109;2;True;4187,37;28505;stop;-388,0;-388,0;False;2;-1,0;-3,88;2026-08-05
28619;2026-08-05 18:15:26;short;2;4257,11;18;0,2788438194741317;1,1616746649016232;0,0;4,1660405709992485;0,9046391752577627;388,0000000000109;3;True;4257,11;28622;breakeven;194,0;194,0;True;3;0,5;1,94;2026-08-05
28769;2026-08-06 03:35:55;short;2;4287,08;3;4,073910165207768;1,36451448906959;15,247944501541623;0,3349397590361446;0,9432989690721009;388,0000000000109;6;True;4287,08;28772;breakeven;194,0;194,0;True;3;0,5;1,94;2026-08-06
28854;2026-08-06 04:48:00;short;2;4287,39;4;1,583072576798378;1,124859139057696;-1,8644404690916319;0,7105543710021321;0,8298969072163027;388,0000000000109;2;True;4287,39;28856;stop;-388,0;-388,0;False;2;-1,0;-3,88;2026-08-06
28924;2026-08-06 08:30:07;long;2;4251,37;8;43,870064124200034;1,2251096861289676;4,328571428571428;0,027925869510027925;0,8505154639175487;388,0000000000109;5;True;4251,37;28926;stop;-388,0;-388,0;False;2;-1,0;-3,88;2026-08-06
29085;2026-08-06 16:39:00;short;2;4261,32;16;4,2218416931253655;1,1946446961898045;0,0;0,2829676674364896;0,8247422680414015;388,0000000000109;6;True;4261,32;29088;stop;-388,0;-388,0;False;3;-1,0;-3,88;2026-08-06
29636;2026-08-07 17:08:43;short;2;4334,56;17;4,058961558960672;1,225927225926958;0,0;0,3020297699594046;0,8711340206185301;387,99999999991996;2;True;4334,56;29638;stop;-388,0;-388,0;False;2;-1,0;-3,88;2026-08-07
29723;2026-08-07 20:01:24;long;2;4331,77;20;2,552511823157657;1,401562250916742;0,0;0,5490913844947052;0,8092783505155255;388,0000000000109;4;True;4331,77;29734;breakeven;194,0;194,0;True;11;0,5;1,94;2026-08-07
29788;2026-08-10 01:34:25;short;2;4341,51;1;2,7175472091086785;1,3189903846154318;-3,230780036241554;0,4853606149672168;0,9123711340205836;388,0000000000109;2;True;4341,51;29791;stop;-388,0;-388,0;False;3;-1,0;-3,88;2026-08-10
29804;2026-08-10 03:15:03;short;2;4343,31;3;11,01134153593398;1,366650473645615;-1,294157584420225;0,12411298561449044;0,935567010309265;387,99999999991996;2;True;4343,31;29807;breakeven;194,0;194,0;True;3;0,5;1,94;2026-08-10
30084;2026-08-10 22:53:29;short;2;4391,48;22;1,0358734204044744;1,293643524455018;0,0;1,2488432456833316;0,827319587628852;388,0000000000109;2;True;4391,48;30090;breakeven;194,0;194,0;True;6;0,5;1,94;2026-08-10
30369;2026-08-11 16:17:11;long;2;4393,25;16;6,9939496712221185;1,3024279933347773;-19,30062491689935;0,18622209975199777;0,9097938144328984;388,0000000000109;3;True;4393,25;30376;breakeven;194,0;194,0;True;7;0,5;1,94;2026-08-11
30734;2026-08-12 15:57:59;short;2;4430,04;15;0,9579302257404171;1,3888888888891282;-1,567522187574958;1,4498852333588372;0,9072164948454479;388,0000000000109;3;True;4430,04;30736;stop;-388,0;-388,0;False;2;-1,0;-3,88;2026-08-12
31398;2026-08-14 05:50:37;long;2;4317,9;5;1,5237691270148899;1,3875209848909695;-0,8971173478215732;0,9105847862984108;0,8814432989692728;387,99999999991996;2;True;4317,9;31400;stop;-388,0;-388,0;False;2;-1,0;-3,88;2026-08-14
32091;2026-08-18 17:32:15;long;2;4389,12;17;19,820778885931215;1,4131751965964994;14,025705329153606;0,07129766215189308;0,9742268041236183;388,0000000000109;7;True;4389,12;32096;breakeven;194,0;194,0;True;5;0,5;1,94;2026-08-18
32437;2026-08-19 15:44:45;short;2;4413,7;15;5,89355788096879;1,3455485611512703;0,0;0,2283083645443196;0,8118556701032106;388,0000000000109;3;True;4413,7;32439;stop;-388,0;-388,0;False;2;-1,0;-3,88;2026-08-19
32455;2026-08-19 15:54:25;short;2;4421,52;15;1,784887636969738;1,4460823909530491;0,0;0,8101811906816221;0,8788659793815871;387,99999999991996;2;True;4421,52;32457;stop;-388,0;-388,0;False;2;-1,0;-3,88;2026-08-19
33313;2026-08-21 11:09:47;long;2;4562,82;11;1,9029635106366143;1,4331683168315599;-0,24141851414578686;0,7531244339793516;0,9948453608246299;388,0000000000109;2;True;4562,82;33319;alvo;776,0;776,0;True;6;2,0;7,76;2026-08-21
33448;2026-08-21 16:39:22;short;2;4587,23;16;2,0562594392733424;1,3326047358837323;-1,3798318515655201;0,6480722764996323;0,9123711340208179;388,0000000000109;3;True;4587,23;33453;stop;-388,0;-388,0;False;5;-1,0;-3,88;2026-08-21
35640;2026-08-28 03:04:39;short;2;4596,48;3;4,563205364310778;1,5598526703500588;-0,48349813792217805;0,34183266932270917;0,9922680412371793;388,0000000000109;2;True;4596,48;35642;stop;-388,0;-388,0;False;2;-1,0;-3,88;2026-08-28
35841;2026-08-28 16:51:01;short;2;4608,72;16;1,1873308075458961;1,332727508762779;-7,328081339712919;1,1224567747192584;0,9123711340205836;388,0000000000109;3;True;4608,72;35843;stop;-388,0;-388,0;False;2;-1,0;-3,88;2026-08-28
35985;2026-08-28 17:10:42;short;2;4570,57;17;1,8824279254283924;1,4558321749022385;2,5736772761944384;0,7733800350262697;0,9278350515464594;388,0000000000109;2;True;4570,57;35990;alvo;776,0;776,0;True;5;2,0;7,76;2026-08-28
36053;2026-08-28 17:25:10;short;2;4555,89;17;2,8708133971292518;1,5614156835531237;2,9700404858299594;0,5438931297709924;0,9664948453607975;388,0000000000109;3;True;4555,89;36060;alvo;776,0;776,0;True;7;2,0;7,76;2026-08-28
36093;2026-08-28 17:35:22;short;2;4569,19;17;3,3957518094472783;1,385921379130183;1,2473625140291806;0,4081338851898506;0,9768041237113033;388,0000000000109;2;True;4569,19;36095;stop;-388,0;-388,0;False;2;-1,0;-3,88;2026-08-28
36205;2026-08-28 18:36:07;long;2;4559,1;18;5,052831715211311;1,3674242424245007;4,423765896348968;0,2706253284287966;0,9304123711341444;388,0000000000109;2;True;4559,1;36209;stop;-388,0;-388,0;False;4;-1,0;-3,88;2026-08-28
36284;2026-08-28 19:13:22;long;2;4508,2;19;4,97154421137007;1,5614275909402462;1,904201680672269;0,31407295692336695;0,8376288659793579;388,0000000000109;3;True;4508,2;36286;stop;-388,0;-388,0;False;2;-1,0;-3,88;2026-08-28
36506;2026-08-28 23:11:21;short;2;4458,98;23;0,7859751567096773;1,5488105004105859;-5,850430726193345;1,9705591037945285;0,9123711340208179;388,0000000000109;2;True;4458,98;36511;breakeven;194,0;194,0;True;5;0,5;1,94;2026-08-28
36515;2026-08-31 01:01:26;long;2;4438,37;1;15,911886200715907;1,4170609318995577;2,089078073089701;0,08905675380180895;0,9097938144328984;388,0000000000109;3;True;4438,37;36516;breakeven;194,0;194,0;True;1;0,5;1,94;2026-08-31
36604;2026-08-31 04:00:04;long;2;4455,14;4;41,75271114787461;1,321339950372277;6,600902643455835;0,03164680601680015;0,9149484536082686;388,0000000000109;5;True;4455,14;36606;stop;-388,0;-388,0;False;2;-1,0;-3,88;2026-08-31
37203;2026-09-01 10:31:02;long;2;4422,68;10;28,475019789143353;1,240867739678015;14,969445913390917;0,04357741448001099;0,8788659793813811;388,0000000000109;4;True;4422,68;37204;breakeven;194,0;194,0;True;1;0,5;1,94;2026-09-01
37477;2026-09-01 17:37:01;short;2;4369,51;17;1,1208553583719225;1,4368683059283047;0,0;1,2819390969548479;0,981958762886439;388,0000000000109;3;True;4369,51;37482;breakeven;194,0;194,0;True;5;0,5;1,94;2026-09-01
38800;2026-09-04 15:30:48;short;2;4401,71;15;284,72116520145073;1,2629576171107644;61,26086956521739;0,0044357700496806245;0,9922680412371793;388,0000000000109;3;True;4401,71;38802;stop;-388,0;-388,0;False;2;-1,0;-3,88;2026-09-04
38819;2026-09-04 15:31:07;short;2;4406,23;15;1,082689587640086;1,075704493526279;-0,8857142857142857;0,9935483870967742;0,827319587628852;388,0000000000109;4;True;4406,23;38823;stop;-388,0;-388,0;False;4;-1,0;-3,88;2026-09-04
38981;2026-09-04 15:54:40;short;2;4405,97;15;0,6105381323015343;1,1575221238935927;0,41518362607054726;1,8959047152879753;0,8427835051544936;388,0000000000109;2;True;4405,97;38988;alvo;776,0;776,0;True;7;2,0;7,76;2026-09-04
39001;2026-09-04 16:01:42;short;2;4373,71;16;1,5094152604676687;1,1385135135134736;1,9125966193833348;0,7542745481191988;0,8685567010308752;388,0000000000109;3;True;4373,71;39003;stop;-388,0;-388,0;False;2;-1,0;-3,88;2026-09-04
39099;2026-09-04 17:06:22;short;2;4419,0;17;0,7748441642431402;1,4922092376182094;-2,421283527133109;1,9258185148439289;0,8917525773195719;388,0000000000109;3;True;4419,0;39103;stop;-388,0;-388,0;False;4;-1,0;-3,88;2026-09-04
