sinal_i;dt;lado;preco_ordem;hora;leque;range_gatilho;ativou;entrada;saida_i;motivo;ticks;ticks_bruto;parcial;barras;R;usd;data
259;2026-05-06 05:32:47;long;4629,365;5;1090,5967317396971;367,0000000000073;False;;-1;abortada;0,0;0,0;False;0;0,0;0,0;2026-05-06
289;2026-05-06 06:36:18;long;4643,95;6;1096,2131456460156;294,00000000005093;True;4643,62;290;breakeven;150,0;150,0;True;1;0,5;1,5;2026-05-06
296;2026-05-06 06:52:02;long;4645,305;6;1026,2181882972072;271,00000000000364;True;4645,305;307;breakeven;150,0;150,0;True;11;0,5;1,5;2026-05-06
480;2026-05-06 12:17:37;long;4696,094999999999;12;1002,4371982450248;286,9999999999891;False;;-1;abortada;0,0;0,0;False;0;0,0;0,0;2026-05-06
492;2026-05-06 12:32:44;long;4698,695;12;859,1161725936217;460,99999999996726;False;;-1;abortada;0,0;0,0;False;0;0,0;0,0;2026-05-06
507;2026-05-06 12:53:49;long;4698,805;12;668,0979268380725;225,0;False;;-1;abortada;0,0;0,0;False;0;0,0;0,0;2026-05-06
515;2026-05-06 13:04:49;long;4700,735;13;642,1605697301857;390,99999999998545;True;4700,735;518;stop;-300,0;-300,0;False;3;-1,0;-3,0;2026-05-06
705;2026-05-06 16:47:56;long;4694,555;16;455,22257693764914;368,99999999996;False;;-1;abortada;0,0;0,0;False;0;0,0;0,0;2026-05-06
815;2026-05-06 18:55:28;short;4692,975;18;438,9815410760093;171,00000000000364;True;4693,17;821;alvo;600,0;600,0;True;6;2,0;6,0;2026-05-06
1557;2026-05-07 18:04:17;long;4759,025;18;539,5155876321041;232,99999999999272;True;4759,025;1559;stop;-300,0;-300,0;False;2;-1,0;-3,0;2026-05-07
2017;2026-05-08 06:25:07;long;4718,045;6;166,35539095068452;219,00000000005093;True;4718,045;2022;alvo;600,0;600,0;True;5;2,0;6,0;2026-05-08
2229;2026-05-08 13:05:33;short;4713,335;13;202,65151259654886;195,00000000007276;True;4713,335;2232;stop;-300,0;-300,0;False;3;-1,0;-3,0;2026-05-08
2249;2026-05-08 13:52:54;long;4719,785;13;301,16125803251634;398,9999999999782;True;4719,785;2251;stop;-300,0;-300,0;False;2;-1,0;-3,0;2026-05-08
2455;2026-05-08 18:12:24;short;4716,975;18;482,1943998378629;575,0;False;;-1;abortada;0,0;0,0;False;0;0,0;0,0;2026-05-08
2472;2026-05-08 18:30:44;short;4711,16;18;722,5059361985586;680,0000000000182;False;;-1;abortada;0,0;0,0;False;0;0,0;0,0;2026-05-08
2814;2026-05-11 06:08:24;short;4683,465;6;352,1997485976499;372,99999999995634;True;4683,89;2816;stop;-300,0;-300,0;False;2;-1,0;-3,0;2026-05-11
2818;2026-05-11 06:16:10;short;4686,76;6;259,6232889687599;347,99999999995634;False;;-1;abortada;0,0;0,0;False;0;0,0;0,0;2026-05-11
2821;2026-05-11 06:21:33;short;4686,78;6;219,76955333784645;389,9999999999636;True;4686,78;2822;breakeven;150,0;150,0;True;1;0,5;1,5;2026-05-11
3000;2026-05-11 12:09:39;short;4668,264999999999;12;148,81531289711347;321,00000000000364;True;4668,264999999999;3007;alvo;600,0;600,0;True;7;2,0;6,0;2026-05-11
3539;2026-05-12 05:02:22;short;4729,785;5;1012,481547713287;240,99999999998545;True;4729,785;3543;breakeven;150,0;150,0;True;4;0,5;1,5;2026-05-12
3553;2026-05-12 05:27:11;short;4728,195;5;725,8728546805287;347,00000000002547;False;;-1;abortada;0,0;0,0;False;0;0,0;0,0;2026-05-12
3786;2026-05-12 12:27:11;short;4700,255;12;57,02435792491087;335,0000000000364;False;;-1;abortada;0,0;0,0;False;0;0,0;0,0;2026-05-12
3800;2026-05-12 12:51:38;short;4700,645;12;86,44281821952973;225,0;False;;-1;abortada;0,0;0,0;False;0;0,0;0,0;2026-05-12
3971;2026-05-12 16:55:29;short;4690,49;16;217,7935666221856;557,9999999999927;True;4690,49;3974;alvo;600,0;600,0;True;3;2,0;6,0;2026-05-12
4041;2026-05-12 18:08:22;short;4671,97;18;759,6447512092709;489,9999999999636;True;4671,97;4050;alvo;600,0;600,0;True;9;2,0;6,0;2026-05-12
4393;2026-05-13 05:06:33;short;4705,129999999999;5;432,65548250174106;338,0000000000109;True;4705,129999999999;4394;breakeven;150,0;150,0;True;1;0,5;1,5;2026-05-13
4403;2026-05-13 05:28:22;short;4701,17;5;501,11415235523964;579,9999999999272;False;;-1;abortada;0,0;0,0;False;0;0,0;0,0;2026-05-13
4432;2026-05-13 06:15:33;short;4692,780000000001;6;666,947125778006;348,0000000000473;True;4693,02;4435;stop;-300,0;-300,0;False;3;-1,0;-3,0;2026-05-13
4788;2026-05-13 16:43:39;short;4681,9;16;404,04011020054895;300,0;False;;-1;abortada;0,0;0,0;False;0;0,0;0,0;2026-05-13
4865;2026-05-13 18:07:11;long;4683,885;18;43,95882322551188;356,9999999999709;False;;-1;abortada;0,0;0,0;False;0;0,0;0,0;2026-05-13
4901;2026-05-13 18:54:52;long;4695,625;18;582,6031390429307;204,99999999992724;True;4695,625;4921;alvo;600,0;600,0;True;20;2,0;6,0;2026-05-13
5209;2026-05-14 06:05:14;short;4687,055;6;215,14023868385266;360,99999999996726;True;4687,055;5222;breakeven;150,0;150,0;True;13;0,5;1,5;2026-05-14
5418;2026-05-14 12:10:36;short;4695,675;12;249,69666258675716;506,9999999999709;True;4695,675;5435;breakeven;150,0;150,0;True;17;0,5;1,5;2026-05-14
6359;2026-05-15 12:06:45;short;4560,035;12;497,7790091087627;759,0000000000146;False;;-1;abortada;0,0;0,0;False;0;0,0;0,0;2026-05-15
6427;2026-05-15 13:21:14;long;4558,370000000001;13;335,2421707175381;396,00000000000364;False;;-1;abortada;0,0;0,0;False;0;0,0;0,0;2026-05-15
7149;2026-05-18 05:31:25;long;4532,55;5;999,4162927848265;642,0000000000073;False;;-1;abortada;0,0;0,0;False;0;0,0;0,0;2026-05-18
7153;2026-05-18 05:36:37;long;4532,74;5;887,6380432187034;442,0000000000073;False;;-1;abortada;0,0;0,0;False;0;0,0;0,0;2026-05-18
7160;2026-05-18 05:46:40;long;4537,49;5;838,1250808896766;547,9999999999563;False;;-1;abortada;0,0;0,0;False;0;0,0;0,0;2026-05-18
7428;2026-05-18 12:40:15;short;4545,41;12;99,04886223130234;184,00000000001455;True;4545,41;7429;breakeven;150,0;150,0;True;1;0,5;1,5;2026-05-18
7438;2026-05-18 12:59:19;short;4543,305;12;211,28221178187232;131,00000000004002;True;4543,305;7457;alvo;600,0;600,0;True;19;2,0;6,0;2026-05-18
7595;2026-05-18 16:31:09;long;4570,68;16;562,6276003846215;506,00000000004;False;;-1;abortada;0,0;0,0;False;0;0,0;0,0;2026-05-18
7697;2026-05-18 18:09:57;short;4540,225;18;938,0921046227741;710,9999999999673;True;4540,225;7698;breakeven;150,0;150,0;True;1;0,5;1,5;2026-05-18
7704;2026-05-18 18:18:10;short;4540,875;18;771,1677558877454;140,99999999998545;False;;-1;abortada;0,0;0,0;False;0;0,0;0,0;2026-05-18
7709;2026-05-18 18:23:55;short;4538,915;18;742,6587573819234;264,9999999999636;True;4539,11;7712;breakeven;150,0;150,0;True;3;0,5;1,5;2026-05-18
8072;2026-05-19 06:18:32;short;4550,8;6;591,2758115750876;442,0000000000073;True;4551,21;8080;breakeven;150,0;150,0;True;8;0,5;1,5;2026-05-19
8261;2026-05-19 12:00:10;short;4542,505;12;184,04228102281195;219,00000000005093;False;;-1;abortada;0,0;0,0;False;0;0,0;0,0;2026-05-19
8302;2026-05-19 13:12:42;short;4540,5650000000005;13;150,32259295157928;355,0000000000182;True;4540,5650000000005;8314;breakeven;150,0;150,0;True;12;0,5;1,5;2026-05-19
8575;2026-05-19 18:36:46;long;4499,865;18;289,0329744212977;213,0000000000109;False;;-1;abortada;0,0;0,0;False;0;0,0;0,0;2026-05-19
8585;2026-05-19 18:49:17;long;4502,105;18;302,5823637096437;202,99999999997453;True;4502,105;8589;breakeven;150,0;150,0;True;4;0,5;1,5;2026-05-19
9214;2026-05-20 13:53:18;long;4491,835;13;498,87801069762645;193,0000000000291;False;;-1;abortada;0,0;0,0;False;0;0,0;0,0;2026-05-20
9474;2026-05-20 18:48:56;long;4536,555;18;610,4228475558557;152,99999999997453;True;4536,37;9479;stop;-300,0;-300,0;False;5;-1,0;-3,0;2026-05-20
10041;2026-05-21 12:28:37;long;4537,3150000000005;12;479,6846532109157;389,00000000003274;True;4537,3150000000005;10043;breakeven;150,0;150,0;True;2;0,5;1,5;2026-05-21
10098;2026-05-21 13:46:01;short;4515,870000000001;13;824,1780237399325;403,99999999999636;True;4515,870000000001;10104;breakeven;150,0;150,0;True;6;0,5;1,5;2026-05-21
10107;2026-05-21 13:55:55;short;4514,094999999999;13;687,4165595168051;473,0000000000473;True;4514,094999999999;10113;breakeven;150,0;150,0;True;6;0,5;1,5;2026-05-21
10219;2026-05-21 16:18:59;short;4503,655;16;420,5781961143657;390,99999999998545;False;;-1;abortada;0,0;0,0;False;0;0,0;0,0;2026-05-21
10373;2026-05-21 18:46:10;long;4508,115;18;86,88697006436996;314,9999999999636;False;;-1;abortada;0,0;0,0;False;0;0,0;0,0;2026-05-21
10732;2026-05-22 05:44:52;short;4523,695;5;358,9789244389067;182,99999999999272;True;4523,695;10736;stop;-300,0;-300,0;False;4;-1,0;-3,0;2026-05-22
10745;2026-05-22 06:10:02;short;4522,605;6;292,22408785781226;160,99999999996726;True;4522,605;10755;breakeven;150,0;150,0;True;10;0,5;1,5;2026-05-22
10949;2026-05-22 12:07:43;short;4523,530000000001;12;63,03936886797601;396,00000000000364;False;;-1;abortada;0,0;0,0;False;0;0,0;0,0;2026-05-22
11106;2026-05-22 16:03:38;long;4522,08;16;26,68669880122252;302,00000000004366;False;;-1;abortada;0,0;0,0;False;0;0,0;0,0;2026-05-22
11151;2026-05-22 16:52:45;short;4516,2;16;332,81803064755877;273,9999999999782;True;4516,2;11158;alvo;600,0;600,0;True;7;2,0;6,0;2026-05-22
11576;2026-05-25 05:55:35;short;4562,83;5;93,70386254367986;363,9999999999418;False;;-1;abortada;0,0;0,0;False;0;0,0;0,0;2026-05-25
11584;2026-05-25 06:12:26;short;4562,845;6;130,84912085705582;135,00000000003638;True;4563,21;11594;breakeven;150,0;150,0;True;10;0,5;1,5;2026-05-25
11891;2026-05-25 16:23:01;short;4563,5;16;82,122677404368;210,00000000003638;True;4563,5;11911;breakeven;150,0;150,0;True;20;0,5;1,5;2026-05-25
11956;2026-05-25 18:19:53;long;4569,005;18;170,21697507043427;227,00000000004366;False;;-1;abortada;0,0;0,0;False;0;0,0;0,0;2026-05-25
12163;2026-05-26 05:43:47;short;4536,02;5;437,8922889632122;448,0000000000473;False;;-1;abortada;0,0;0,0;False;0;0,0;0,0;2026-05-26
12558;2026-05-26 16:40:56;long;4526,36;16;415,12718497488095;450,0;False;;-1;abortada;0,0;0,0;False;0;0,0;0,0;2026-05-26
12671;2026-05-26 18:51:05;short;4506,860000000001;18;360,22528176781634;177,99999999997453;True;4506,88;12672;stop;-300,0;-300,0;False;1;-1,0;-3,0;2026-05-26
13356;2026-05-27 16:26:23;short;4416,125;16;1301,6351158386897;661,0000000000582;False;;-1;abortada;0,0;0,0;False;0;0,0;0,0;2026-05-27
13777;2026-05-28 05:29:02;short;4406,84;5;1417,132635771486;205,99999999994907;True;4406,84;13778;stop;-300,0;-300,0;False;1;-1,0;-3,0;2026-05-28
14036;2026-05-28 12:33:01;long;4393,52;12;211,12388092133187;230,0000000000182;True;4393,52;14043;stop;-300,0;-300,0;False;7;-1,0;-3,0;2026-05-28
14055;2026-05-28 13:03:34;long;4393,125;13;167,1963128133939;319,00000000005093;False;;-1;abortada;0,0;0,0;False;0;0,0;0,0;2026-05-28
14076;2026-05-28 13:36:10;long;4399,035;13;346,57162610355954;175,0;True;4399,035;14079;stop;-300,0;-300,0;False;3;-1,0;-3,0;2026-05-28
14204;2026-05-28 16:19:32;long;4428,09;16;1425,3654699457911;477,99999999997453;False;;-1;abortada;0,0;0,0;False;0;0,0;0,0;2026-05-28
14209;2026-05-28 16:25:42;long;4430,745;16;1342,3556352572632;469,00000000005093;True;4430,745;14213;stop;-300,0;-300,0;False;4;-1,0;-3,0;2026-05-28
14234;2026-05-28 16:49:59;long;4425,43;16;494,503479602281;227,99999999997453;False;;-1;abortada;0,0;0,0;False;0;0,0;0,0;2026-05-28
14353;2026-05-28 18:42:45;long;4478,675;18;812,5674108962812;290,99999999998545;True;4478,675;14370;breakeven;150,0;150,0;True;17;0,5;1,5;2026-05-28
14679;2026-05-29 06:44:53;short;4497,885;6;289,96047129248836;268,99999999996;True;4497,885;14683;stop;-300,0;-300,0;False;4;-1,0;-3,0;2026-05-29
14841;2026-05-29 12:01:16;short;4515,4349999999995;12;175,47254945029636;444,9999999999818;True;4515,4349999999995;14843;stop;-300,0;-300,0;False;2;-1,0;-3,0;2026-05-29
15125;2026-05-29 18:22:44;long;4584,165;18;1945,6023090102462;369,00000000005093;False;;-1;abortada;0,0;0,0;False;0;0,0;0,0;2026-05-29
15411;2026-06-01 05:39:16;short;4528,67;5;337,7057251434053;311,9999999999891;True;4528,67;15412;breakeven;150,0;150,0;True;1;0,5;1,5;2026-06-01
15423;2026-06-01 06:05:41;short;4523,639999999999;6;490,1965002880388;388,0000000000109;False;;-1;abortada;0,0;0,0;False;0;0,0;0,0;2026-06-01
15435;2026-06-01 06:36:33;short;4521,865;6;551,2425339516085;393,0000000000291;False;;-1;abortada;0,0;0,0;False;0;0,0;0,0;2026-06-01
15609;2026-06-01 13:05:42;short;4497,549999999999;13;216,59662094261876;264,00000000003274;True;4497,549999999999;15611;stop;-300,0;-300,0;False;2;-1,0;-3,0;2026-06-01
15696;2026-06-01 16:11:11;short;4496,67;16;172,53395075631488;1052,0000000000437;False;;-1;abortada;0,0;0,0;False;0;0,0;0,0;2026-06-01
15738;2026-06-01 16:49:13;short;4466,9;16;1138,0085418682029;472,00000000002547;False;;-1;abortada;0,0;0,0;False;0;0,0;0,0;2026-06-01
16321;2026-06-02 13:31:44;short;4527,985000000001;13;96,40871678275289;155,0000000000182;True;4527,985000000001;16326;stop;-300,0;-300,0;False;5;-1,0;-3,0;2026-06-02
16409;2026-06-02 16:28:30;short;4514,475;16;580,9893154538258;310,99999999996726;False;;-1;abortada;0,0;0,0;False;0;0,0;0,0;2026-06-02
16432;2026-06-02 16:52:25;short;4510,72;16;524,8097626355957;339,9999999999636;True;4510,72;16440;alvo;600,0;600,0;True;8;2,0;6,0;2026-06-02
16795;2026-06-03 06:53:51;long;4484,514999999999;6;351,8646766398888;371,00000000000364;True;4484,514999999999;16800;breakeven;150,0;150,0;True;5;0,5;1,5;2026-06-03
16965;2026-06-03 12:41:31;short;4447,115;12;530,1240877192868;285,0000000000364;True;4447,115;16967;breakeven;150,0;150,0;True;2;0,5;1,5;2026-06-03
17193;2026-06-03 18:20:12;short;4447,895;18;49,062916048660554;583,0000000000837;False;;-1;abortada;0,0;0,0;False;0;0,0;0,0;2026-06-03
17215;2026-06-03 18:51:38;short;4442,93;18;421,5354754376676;193,99999999995998;False;;-1;abortada;0,0;0,0;False;0;0,0;0,0;2026-06-03
17463;2026-06-04 05:02:09;long;4464,21;5;530,806777320413;268,0000000000291;False;;-1;abortada;0,0;0,0;False;0;0,0;0,0;2026-06-04
17674;2026-06-04 13:02:09;long;4470,219999999999;13;239,6163702587728;303,99999999999636;True;4470,219999999999;17682;stop;-300,0;-300,0;False;8;-1,0;-3,0;2026-06-04
17694;2026-06-04 13:55:54;long;4470,235;13;167,97036230855156;248,99999999997817;True;4470,21;17697;breakeven;150,0;150,0;True;3;0,5;1,5;2026-06-04
17771;2026-06-04 16:01:29;long;4503,795;16;753,2059320427834;711,0000000000582;False;;-1;abortada;0,0;0,0;False;0;0,0;0,0;2026-06-04
17789;2026-06-04 16:33:12;long;4504,355;16;528,5031333113693;328,99999999999636;True;4504,355;17799;alvo;600,0;600,0;True;10;2,0;6,0;2026-06-04
17803;2026-06-04 16:49:52;long;4508,975;16;595,1733169142244;376,9999999999527;True;4508,975;17806;breakeven;150,0;150,0;True;3;0,5;1,5;2026-06-04
18164;2026-06-05 06:18:29;short;4441,49;6;609,4338129132666;485,99999999996726;False;;-1;abortada;0,0;0,0;False;0;0,0;0,0;2026-06-05
18432;2026-06-05 16:09:58;short;4417,4;16;1963,6604455782617;469,9999999999818;True;4417,4;18433;breakeven;150,0;150,0;True;1;0,5;1,5;2026-06-05
18591;2026-06-05 18:29:02;short;4352,845;18;615,0875537348838;459,00000000001455;False;;-1;abortada;0,0;0,0;False;0;0,0;0,0;2026-06-05
18594;2026-06-05 18:32:13;short;4351,950000000001;18;601,440275033201;427,99999999997453;True;4351,950000000001;18595;breakeven;150,0;150,0;True;1;0,5;1,5;2026-06-05
19296;2026-06-08 12:01:17;short;4290,26;12;453,5233655869888;343,99999999996;True;4290,26;19304;breakeven;150,0;150,0;True;8;0,5;1,5;2026-06-08
19360;2026-06-08 13:59:16;long;4300,26;13;375,2872576788832;296,00000000000364;True;4300,26;19363;stop;-300,0;-300,0;False;3;-1,0;-3,0;2026-06-08
19444;2026-06-08 16:03:34;long;4329,825;16;546,8601689437492;627,0000000000437;True;4329,825;19445;breakeven;150,0;150,0;True;1;0,5;1,5;2026-06-08
19480;2026-06-08 16:46:52;long;4336,74;16;593,9068631339978;411,9999999999891;True;4336,74;19483;stop;-300,0;-300,0;False;3;-1,0;-3,0;2026-06-08
19555;2026-06-08 18:19:20;long;4326,045;18;103,26900865484276;586,9999999999891;False;;-1;abortada;0,0;0,0;False;0;0,0;0,0;2026-06-08
19562;2026-06-08 18:27:50;long;4330,595;18;229,77445938849996;285,0000000000364;False;;-1;abortada;0,0;0,0;False;0;0,0;0,0;2026-06-08
19565;2026-06-08 18:31:21;long;4330,675;18;248,94366553171494;456,9999999999709;True;4330,675;19577;alvo;600,0;600,0;True;12;2,0;6,0;2026-06-08
19865;2026-06-09 05:39:13;long;4333,09;5;337,71149069252715;313,9999999999418;False;;-1;abortada;0,0;0,0;False;0;0,0;0,0;2026-06-09
19872;2026-06-09 05:53:39;long;4336,95;5;407,72253642398937;423,9999999999782;False;;-1;abortada;0,0;0,0;False;0;0,0;0,0;2026-06-09
19876;2026-06-09 06:01:49;long;4336,264999999999;6;385,97741300063717;215,00000000005457;True;4336,264999999999;19877;stop;-300,0;-300,0;False;1;-1,0;-3,0;2026-06-09
19879;2026-06-09 06:06:44;long;4336,085;6;341,05281058155015;903,0000000000655;False;;-1;abortada;0,0;0,0;False;0;0,0;0,0;2026-06-09
20121;2026-06-09 16:06:03;long;4340,6;16;218,57547196186715;398,0000000000473;False;;-1;abortada;0,0;0,0;False;0;0,0;0,0;2026-06-09
20126;2026-06-09 16:13:58;long;4341,235;16;228,44338973209233;190,99999999998545;True;4341,235;20128;stop;-300,0;-300,0;False;2;-1,0;-3,0;2026-06-09
20244;2026-06-09 18:11:25;short;4294,264999999999;18;922,3294896213702;626,9999999999527;False;;-1;abortada;0,0;0,0;False;0;0,0;0,0;2026-06-09
20252;2026-06-09 18:19:30;short;4293,885;18;738,3101958228508;372,99999999995634;True;4293,885;20253;breakeven;150,0;150,0;True;1;0,5;1,5;2026-06-09
20278;2026-06-09 18:41:16;short;4275,0599999999995;18;1383,1384686907768;648,0000000000473;True;4275,0599999999995;20280;stop;-300,0;-300,0;False;2;-1,0;-3,0;2026-06-09
20714;2026-06-10 05:26:03;short;4182,475;5;1016,909934917112;639,0000000000327;False;;-1;abortada;0,0;0,0;False;0;0,0;0,0;2026-06-10
20718;2026-06-10 05:32:07;short;4186,45;5;918,706778494834;326,0000000000218;False;;-1;abortada;0,0;0,0;False;0;0,0;0,0;2026-06-10
20743;2026-06-10 06:07:51;short;4177,4349999999995;6;827,0719051839478;618,99999999996;False;;-1;abortada;0,0;0,0;False;0;0,0;0,0;2026-06-10
20969;2026-06-10 12:11:57;short;4171,445;12;612,9118574751374;489,00000000003274;False;;-1;abortada;0,0;0,0;False;0;0,0;0,0;2026-06-10
20975;2026-06-10 12:20:36;short;4171,125;12;541,4807931639189;512,99999999992;True;4171,125;20976;breakeven;150,0;150,0;True;1;0,5;1,5;2026-06-10
20993;2026-06-10 12:47:30;short;4171,915;12;257,02694297442576;575,0;False;;-1;abortada;0,0;0,0;False;0;0,0;0,0;2026-06-10
21279;2026-06-10 18:02:59;short;4133,915;18;1526,9970861068032;435,0000000000364;True;4133,915;21280;breakeven;150,0;150,0;True;1;0,5;1,5;2026-06-10
21326;2026-06-10 18:45:30;short;4128,1;18;577,5961150090552;401,9999999999527;True;4128,1;21327;breakeven;150,0;150,0;True;1;0,5;1,5;2026-06-10
21338;2026-06-10 18:55:07;short;4122,05;18;847,998914485197;747,9999999999563;False;;-1;abortada;0,0;0,0;False;0;0,0;0,0;2026-06-10
21834;2026-06-11 06:19:39;short;4067,955;6;682,7522876655621;282,9999999999927;False;;-1;abortada;0,0;0,0;False;0;0,0;0,0;2026-06-11
21843;2026-06-11 06:34:08;short;4064,925;6;734,7600130802675;508,9999999999691;True;4065,5;21844;stop;-300,0;-300,0;False;1;-1,0;-3,0;2026-06-11
22292;2026-06-11 18:05:28;short;4074,09;18;24,806561778177638;321,99999999998;True;4074,09;22295;stop;-300,0;-300,0;False;3;-1,0;-3,0;2026-06-11
23003;2026-06-12 12:25:16;long;4222,125;12;1130,3307284125367;280,99999999994907;True;4222,125;23004;breakeven;150,0;150,0;True;1;0,5;1,5;2026-06-12
23019;2026-06-12 12:54:01;long;4223,66;12;860,6940776277042;194,00000000005093;True;4223,66;23022;stop;-300,0;-300,0;False;3;-1,0;-3,0;2026-06-12
23123;2026-06-12 16:06:22;short;4195,37;16;675,9536490324535;394,00000000005093;True;4195,37;23124;stop;-300,0;-300,0;False;1;-1,0;-3,0;2026-06-12
23167;2026-06-12 16:54:03;short;4191,264999999999;16;520,7684143921142;442,99999999993815;False;;-1;abortada;0,0;0,0;False;0;0,0;0,0;2026-06-12
23623;2026-06-15 06:00:35;long;4329,0599999999995;6;1252,4160032788132;240,00000000005457;True;4329,0599999999995;23625;stop;-300,0;-300,0;False;2;-1,0;-3,0;2026-06-15
23795;2026-06-15 12:36:16;long;4337,3;12;708,1124390904733;455,99999999994907;False;;-1;abortada;0,0;0,0;False;0;0,0;0,0;2026-06-15
23800;2026-06-15 12:48:10;long;4337,795;12;601,7263116308641;486,9999999999891;False;;-1;abortada;0,0;0,0;False;0;0,0;0,0;2026-06-15
23811;2026-06-15 13:16:08;long;4337,755;13;434,58205968572656;275,0;True;4337,755;23822;breakeven;150,0;150,0;True;11;0,5;1,5;2026-06-15
23893;2026-06-15 16:04:07;long;4343,25;16;393,6593009655553;228,00000000006548;True;4343,25;23896;breakeven;150,0;150,0;True;3;0,5;1,5;2026-06-15
24009;2026-06-15 18:25:21;short;4356,08;18;155,05952286976026;279,99999999992724;True;4356,08;24020;breakeven;150,0;150,0;True;11;0,5;1,5;2026-06-15
24593;2026-06-16 16:39:31;short;4338,96;16;268,6356196198176;250,0;False;;-1;abortada;0,0;0,0;False;0;0,0;0,0;2026-06-16
25132;2026-06-17 13:29:58;long;4328,639999999999;13;115,44407907240384;127,99999999997453;True;4328,639999999999;25150;breakeven;150,0;150,0;True;18;0,5;1,5;2026-06-17
25328;2026-06-17 18:45:11;long;4357,22;18;519,3808589579021;260,0000000000364;False;;-1;abortada;0,0;0,0;False;0;0,0;0,0;2026-06-17
25769;2026-06-18 06:55:51;long;4318,389999999999;6;121,75859539274825;251,9999999999527;True;4317,92;25774;breakeven;150,0;150,0;True;5;0,5;1,5;2026-06-18
25961;2026-06-18 12:41:24;short;4267,245;12;998,5529649784439;285,0000000000364;True;4267,47;25966;stop;-300,0;-300,0;False;5;-1,0;-3,0;2026-06-18
25975;2026-06-18 13:07:17;short;4267,54;13;667,2314481429567;194,00000000005093;True;4267,67;25976;breakeven;150,0;150,0;True;1;0,5;1,5;2026-06-18
25994;2026-06-18 13:42:28;short;4266,13;13;476,2047060886289;289,9999999999636;True;4266,13;26003;alvo;600,0;600,0;True;9;2,0;6,0;2026-06-18
26234;2026-06-18 18:43:01;short;4233,38;18;769,9335012002848;236,0000000000582;True;4233,38;26243;alvo;600,0;600,0;True;9;2,0;6,0;2026-06-18
26246;2026-06-18 18:58:35;short;4229,105;18;812,9298793688577;208,9999999999236;True;4229,105;26254;breakeven;150,0;150,0;True;8;0,5;1,5;2026-06-18
26510;2026-06-19 05:01:01;short;4185,26;5;456,21999568274987;219,9999999999818;True;4185,26;26513;breakeven;150,0;150,0;True;3;0,5;1,5;2026-06-19
26781;2026-06-19 13:54:52;short;4152,095;13;436,48674507312535;532,9999999999927;True;4152,095;26783;breakeven;150,0;150,0;True;2;0,5;1,5;2026-06-19
27350;2026-06-22 12:48:56;long;4206,13;12;529,1885493707923;384,00000000001455;False;;-1;abortada;0,0;0,0;False;0;0,0;0,0;2026-06-22
27366;2026-06-22 13:25:00;long;4210,245000000001;13;569,6947887949136;205,0000000000182;False;;-1;abortada;0,0;0,0;False;0;0,0;0,0;2026-06-22
27458;2026-06-22 16:17:50;short;4195,3150000000005;16;558,531262057204;276,9999999999527;True;4195,3150000000005;27467;alvo;600,0;600,0;True;9;2,0;6,0;2026-06-22
27910;2026-06-23 06:47:07;short;4137,805;6;961,6015386055551;252,99999999997453;True;4137,805;27913;stop;-300,0;-300,0;False;3;-1,0;-3,0;2026-06-23
28145;2026-06-23 12:55:32;long;4116,275;12;485,0605186057692;207,00000000006185;False;;-1;abortada;0,0;0,0;False;0;0,0;0,0;2026-06-23
28169;2026-06-23 13:39:31;long;4128,375;13;842,8191240968772;261,0000000000582;True;4128,31;28171;stop;-300,0;-300,0;False;2;-1,0;-3,0;2026-06-23
28418;2026-06-23 18:52:07;long;4135,700000000001;18;314,7397999190616;335,99999999996726;True;4135,700000000001;28420;breakeven;150,0;150,0;True;2;0,5;1,5;2026-06-23
28769;2026-06-24 05:54:30;short;4063,0249999999996;5;1221,5567868361632;257,00000000001637;True;4063,93;28771;stop;-300,0;-300,0;False;2;-1,0;-3,0;2026-06-24
29022;2026-06-24 12:55:09;short;4069,5699999999997;12;495,4642356359727;271,99999999998;False;;-1;abortada;0,0;0,0;False;0;0,0;0,0;2026-06-24
29186;2026-06-24 16:27:12;short;3973,01;16;2049,0642654161093;641,9999999999618;True;3973,01;29189;stop;-300,0;-300,0;False;3;-1,0;-3,0;2026-06-24
29300;2026-06-24 18:15:18;short;4001,91;18;716,282412228793;417,99999999998363;True;4001,91;29302;stop;-300,0;-300,0;False;2;-1,0;-3,0;2026-06-24
29327;2026-06-24 18:47:06;short;4007,17;18;231,5824059400711;323,9999999999782;True;4007,17;29329;stop;-300,0;-300,0;False;2;-1,0;-3,0;2026-06-24
29718;2026-06-25 05:04:57;short;3977,55;5;631,1114982287108;857,9999999999927;False;;-1;abortada;0,0;0,0;False;0;0,0;0,0;2026-06-25
29754;2026-06-25 05:47:08;short;3978,815;5;187,34372763105966;452,99999999997453;True;3978,815;29755;stop;-300,0;-300,0;False;1;-1,0;-3,0;2026-06-25
29787;2026-06-25 06:28:46;short;3974,52;6;312,00375870485004;268,0000000000291;True;3974,52;29791;breakeven;150,0;150,0;True;4;0,5;1,5;2026-06-25
29792;2026-06-25 06:36:27;short;3973,2250000000004;6;325,07541443069385;623,0000000000018;False;;-1;abortada;0,0;0,0;False;0;0,0;0,0;2026-06-25
30044;2026-06-25 13:42:15;short;3986,3599999999997;13;188,70206732176484;321,99999999998;True;3986,3599999999997;30060;alvo;600,0;600,0;True;16;2,0;6,0;2026-06-25
30171;2026-06-25 16:39:33;long;4021,965;16;620,9574048622017;509,00000000001455;True;4021,965;30172;breakeven;150,0;150,0;True;1;0,5;1,5;2026-06-25
30299;2026-06-25 18:35:57;long;4024,545;18;466,1951369578219;463,0000000000109;True;4024,545;30310;alvo;600,0;600,0;True;11;2,0;6,0;2026-06-25
30924;2026-06-26 13:01:32;long;4047,4399999999996;13;732,63161849668;344,00000000000546;True;4047,4399999999996;30925;stop;-300,0;-300,0;False;1;-1,0;-3,0;2026-06-26
31035;2026-06-26 16:20:26;long;4049,66;16;118,82735657914054;888,0000000000109;False;;-1;abortada;0,0;0,0;False;0;0,0;0,0;2026-06-26
31160;2026-06-26 18:36:20;long;4083,605;18;300,32373605768043;382,9999999999927;False;;-1;abortada;0,0;0,0;False;0;0,0;0,0;2026-06-26
31510;2026-06-29 06:02:17;long;4066,17;6;148,07000057817277;257,9999999999927;True;4066,17;31516;breakeven;150,0;150,0;True;6;0,5;1,5;2026-06-29
31832;2026-06-29 16:00:41;long;4046,43;16;231,35565675606813;792,0000000000073;False;;-1;abortada;0,0;0,0;False;0;0,0;0,0;2026-06-29
31844;2026-06-29 16:18:21;long;4047,16;16;319,30859673489067;221,99999999998;True;4047,16;31847;stop;-300,0;-300,0;False;3;-1,0;-3,0;2026-06-29
31866;2026-06-29 16:44:27;short;4039,4750000000004;16;155,67961554434078;257,00000000001637;True;4039,4750000000004;31868;breakeven;150,0;150,0;True;2;0,5;1,5;2026-06-29
31944;2026-06-29 18:07:07;short;4023,545;18;162,1762094055157;267,0000000000073;True;4023,545;31951;breakeven;150,0;150,0;True;7;0,5;1,5;2026-06-29
32227;2026-06-30 05:06:02;short;3969,185;5;618,2424239630564;367,0000000000073;True;3969,185;32229;breakeven;150,0;150,0;True;2;0,5;1,5;2026-06-30
32252;2026-06-30 05:42:42;short;3960,54;5;671,186115710816;418,0000000000291;True;3960,54;32253;breakeven;150,0;150,0;True;1;0,5;1,5;2026-06-30
32596;2026-06-30 16:02:51;short;4016,015;16;538,4723701658459;325,0;True;4016,015;32599;stop;-300,0;-300,0;False;3;-1,0;-3,0;2026-06-30
33029;2026-07-01 06:42:05;short;3981,5299999999997;6;141,48046228124258;158,0000000000382;False;;-1;abortada;0,0;0,0;False;0;0,0;0,0;2026-07-01
33242;2026-07-01 13:45:53;long;3987,23;13;524,766532653075;160,00000000003638;False;;-1;abortada;0,0;0,0;False;0;0,0;0,0;2026-07-01
33496;2026-07-01 18:44:28;short;4081,98;18;378,8703289068508;214,00000000003274;True;4081,98;33497;stop;-300,0;-300,0;False;1;-1,0;-3,0;2026-07-01
33785;2026-07-02 06:13:47;long;4056,6949999999997;6;306,8690459388563;280,99999999999454;True;4056,54;33786;breakeven;150,0;150,0;True;1;0,5;1,5;2026-07-02
33994;2026-07-02 13:26:22;short;4066,6899999999996;13;253,65214760204253;144,00000000000546;True;4066,6899999999996;33997;breakeven;150,0;150,0;True;3;0,5;1,5;2026-07-02
34143;2026-07-02 16:56:36;long;4135,82;16;1173,0339945403102;685,9999999999673;False;;-1;abortada;0,0;0,0;False;0;0,0;0,0;2026-07-02
34230;2026-07-02 18:31:27;long;4125,09;18;99,8188503921483;297,99999999995634;False;;-1;abortada;0,0;0,0;False;0;0,0;0,0;2026-07-02
34247;2026-07-02 18:55:02;long;4126,575;18;139,93558862011923;393,0000000000291;True;4126,575;34253;breakeven;150,0;150,0;True;6;0,5;1,5;2026-07-02
34557;2026-07-03 06:05:53;long;4181,15;6;626,2288153632653;248,0000000000473;True;4181,15;34572;stop;-300,0;-300,0;False;15;-1,0;-3,0;2026-07-03
34800;2026-07-03 16:30:04;short;4171,365;16;374,8665378856458;182,99999999999272;False;;-1;abortada;0,0;0,0;False;0;0,0;0,0;2026-07-03
34814;2026-07-03 16:58:25;short;4166,575000000001;16;458,4148788141647;460,99999999996726;False;;-1;abortada;0,0;0,0;False;0;0,0;0,0;2026-07-03
35053;2026-07-06 06:03:08;short;4170,99;6;564,3684102135012;764,0000000000327;True;4170,99;35054;breakeven;150,0;150,0;True;1;0,5;1,5;2026-07-06
35072;2026-07-06 06:38:50;short;4167,24;6;680,549199055713;443,99999999996;False;;-1;abortada;0,0;0,0;False;0;0,0;0,0;2026-07-06
35262;2026-07-06 13:06:32;short;4142,96;13;517,4838916847875;187,99999999991996;True;4143,0;35265;stop;-300,0;-300,0;False;3;-1,0;-3,0;2026-07-06
35710;2026-07-07 05:17:51;short;4142,22;5;302,1317493569768;310,0000000000364;True;4142,22;35712;breakeven;150,0;150,0;True;2;0,5;1,5;2026-07-07
35744;2026-07-07 06:24:25;short;4135,469999999999;6;307,9861379452268;377,99999999997453;False;;-1;abortada;0,0;0,0;False;0;0,0;0,0;2026-07-07
35752;2026-07-07 06:39:57;short;4133,3;6;395,34966992014233;292,0000000000073;True;4133,3;35753;breakeven;150,0;150,0;True;1;0,5;1,5;2026-07-07
36040;2026-07-07 16:03:17;long;4168,58;16;798,9143915131535;236,0000000000582;True;4168,58;36042;stop;-300,0;-300,0;False;2;-1,0;-3,0;2026-07-07
36070;2026-07-07 16:40:34;long;4170,3;16;490,6467915205212;365,99999999998545;False;;-1;abortada;0,0;0,0;False;0;0,0;0,0;2026-07-07
36501;2026-07-08 06:00:40;long;4116,57;6;324,5492214264232;468,0000000000291;False;;-1;abortada;0,0;0,0;False;0;0,0;0,0;2026-07-08
36749;2026-07-08 12:17:12;short;4056,5299999999997;12;1816,0291517961468;455,99999999999454;True;4056,5299999999997;36751;stop;-300,0;-300,0;False;2;-1,0;-3,0;2026-07-08
36758;2026-07-08 12:29:26;short;4056,975;12;1405,7930931979627;186,9999999999891;True;4057,02;36759;breakeven;150,0;150,0;True;1;0,5;1,5;2026-07-08
36772;2026-07-08 12:48:17;short;4050,35;12;1234,077457245985;511,9999999999891;True;4050,35;36774;breakeven;150,0;150,0;True;2;0,5;1,5;2026-07-08
36941;2026-07-08 16:36:35;long;4075,65;16;194,8918564140513;542,0000000000073;True;4075,65;36944;breakeven;150,0;150,0;True;3;0,5;1,5;2026-07-08
37053;2026-07-08 18:30:39;short;4028,785;18;1012,8584800584576;688,9999999999873;False;;-1;abortada;0,0;0,0;False;0;0,0;0,0;2026-07-08
37059;2026-07-08 18:36:36;short;4029,385;18;1025,4169751830432;238,99999999998727;True;4029,385;37063;stop;-300,0;-300,0;False;4;-1,0;-3,0;2026-07-08
37759;2026-07-09 16:31:58;long;4122,11;16;577,9092404560288;276,0000000000218;True;4121,79;37760;breakeven;150,0;150,0;True;1;0,5;1,5;2026-07-09
37854;2026-07-09 18:31:34;long;4127,745;18;275,2136208248885;177,00000000004366;True;4127,745;37868;breakeven;150,0;150,0;True;14;0,5;1,5;2026-07-09
38116;2026-07-10 05:40:13;long;4123,195;5;154,1270823015111;239,00000000003274;True;4123,195;38130;alvo;600,0;600,0;True;14;2,0;6,0;2026-07-10
38291;2026-07-10 12:10:59;short;4098,575;12;595,5914932514133;285,0000000000364;True;4098,575;38294;stop;-300,0;-300,0;False;3;-1,0;-3,0;2026-07-10
38400;2026-07-10 16:19:03;short;4102,59;16;112,33912929255894;446,00000000000364;True;4102,59;38402;breakeven;150,0;150,0;True;2;0,5;1,5;2026-07-10
38479;2026-07-10 18:04:14;short;4098,165;18;123,19848298820943;235,00000000003638;False;;-1;abortada;0,0;0,0;False;0;0,0;0,0;2026-07-10
38498;2026-07-10 18:30:42;long;4102,115;18;134,0193752518644;309,00000000001455;True;4102,115;38514;alvo;600,0;600,0;True;16;2,0;6,0;2026-07-10
38803;2026-07-13 05:57:26;short;4070,445;5;281,7216907679722;271,00000000000364;True;4070,445;38809;alvo;600,0;600,0;True;6;2,0;6,0;2026-07-13
38832;2026-07-13 06:53:49;short;4059,735;6;620,825441056877;294,9999999999818;True;4059,735;38835;breakeven;150,0;150,0;True;3;0,5;1,5;2026-07-13
38989;2026-07-13 12:01:43;long;4074,67;12;673,8593589077482;246,00000000000364;True;4074,67;38996;stop;-300,0;-300,0;False;7;-1,0;-3,0;2026-07-13
39113;2026-07-13 16:23:41;short;4062,11;16;36,655253983917646;157,99999999999272;True;4062,11;39116;stop;-300,0;-300,0;False;3;-1,0;-3,0;2026-07-13
39123;2026-07-13 16:37:08;short;4059,49;16;71,67999844864426;383,9999999999691;True;4059,49;39135;alvo;600,0;600,0;True;12;2,0;6,0;2026-07-13
39574;2026-07-14 05:36:42;long;4014,345;5;680,4995471493385;221,00000000000364;True;4014,345;39578;stop;-300,0;-300,0;False;4;-1,0;-3,0;2026-07-14
39598;2026-07-14 06:17:06;long;4014,46;6;357,03454701529154;203,99999999999636;True;4014,46;39601;stop;-300,0;-300,0;False;3;-1,0;-3,0;2026-07-14
39602;2026-07-14 06:24:12;long;4013,6949999999997;6;319,59642899055325;423,0000000000018;False;;-1;abortada;0,0;0,0;False;0;0,0;0,0;2026-07-14
39609;2026-07-14 06:38:03;long;4015,915;6;375,5502063955646;276,9999999999982;True;4015,915;39619;breakeven;150,0;150,0;True;10;0,5;1,5;2026-07-14
39817;2026-07-14 13:22:52;short;4018,07;13;84,76876907834594;242,00000000000728;True;4018,07;39824;breakeven;150,0;150,0;True;7;0,5;1,5;2026-07-14
39968;2026-07-14 16:48:21;long;4083,87;16;715,8644472611286;350,0;True;4083,7;39970;stop;-300,0;-300,0;False;2;-1,0;-3,0;2026-07-14
40341;2026-07-15 05:31:49;short;4035,335;5;786,9789442072943;219,00000000000546;True;4035,335;40346;stop;-300,0;-300,0;False;5;-1,0;-3,0;2026-07-15
40356;2026-07-15 05:59:16;short;4037,6549999999997;5;429,7950084903732;326,9999999999982;False;;-1;abortada;0,0;0,0;False;0;0,0;0,0;2026-07-15
40376;2026-07-15 06:40:37;short;4032,59;6;466,3940013243973;501,9999999999982;False;;-1;abortada;0,0;0,0;False;0;0,0;0,0;2026-07-15
40381;2026-07-15 06:52:52;short;4032,34;6;468,1939284593682;255,99999999999454;True;4032,34;40400;breakeven;150,0;150,0;True;19;0,5;1,5;2026-07-15
40782;2026-07-15 18:35:23;short;4048,1949999999997;18;519,59751120894;265,0000000000091;True;4048,1949999999997;40807;alvo;600,0;600,0;True;25;2,0;6,0;2026-07-15
41112;2026-07-16 06:11:48;short;4031,25;6;530,953813140286;353,99999999999636;True;4031,25;41119;breakeven;150,0;150,0;True;7;0,5;1,5;2026-07-16
41299;2026-07-16 12:36:27;long;4033,0950000000003;12;184,14908402432957;342,99999999998363;True;4033,0950000000003;41308;breakeven;150,0;150,0;True;9;0,5;1,5;2026-07-16
41468;2026-07-16 16:48:57;short;3990,55;16;667,9570911552673;471,99999999998;True;3990,55;41470;stop;-300,0;-300,0;False;2;-1,0;-3,0;2026-07-16
41572;2026-07-16 18:50:31;long;4009,85;18;611,3258058956944;350,0;True;4009,85;41574;breakeven;150,0;150,0;True;2;0,5;1,5;2026-07-16
41875;2026-07-17 05:18:42;short;3983,1499999999996;5;236,36993833265478;236,00000000001273;True;3983,1499999999996;41883;breakeven;150,0;150,0;True;8;0,5;1,5;2026-07-17
41894;2026-07-17 05:48:49;short;3978,5600000000004;5;423,8773317777486;159,9999999999909;True;3978,5600000000004;41897;breakeven;150,0;150,0;True;3;0,5;1,5;2026-07-17
41926;2026-07-17 06:35:09;long;3997,4300000000003;6;752,0835589607032;305,99999999999454;True;3997,4300000000003;41928;breakeven;150,0;150,0;True;2;0,5;1,5;2026-07-17
42148;2026-07-17 13:01:03;long;3997,715;13;104,63739150727633;180,99999999999454;True;3997,35;42158;stop;-300,0;-300,0;False;10;-1,0;-3,0;2026-07-17
42267;2026-07-17 16:27:40;short;3971,55;16;599,2821898400507;232,00000000001637;True;3971,55;42268;breakeven;150,0;150,0;True;1;0,5;1,5;2026-07-17
42274;2026-07-17 16:33:52;short;3969,105;16;542,4502344037137;605,0000000000182;False;;-1;abortada;0,0;0,0;False;0;0,0;0,0;2026-07-17
42371;2026-07-17 18:15:31;long;4005,235;18;608,1204752003032;275,0;True;4005,235;42373;breakeven;150,0;150,0;True;2;0,5;1,5;2026-07-17
42376;2026-07-17 18:21:38;long;4007,525;18;602,4496515442024;536,9999999999891;False;;-1;abortada;0,0;0,0;False;0;0,0;0,0;2026-07-17
42381;2026-07-17 18:27:45;long;4008,6499999999996;18;603,7831199437733;498,0000000000018;False;;-1;abortada;0,0;0,0;False;0;0,0;0,0;2026-07-17
42950;2026-07-20 13:00:36;long;4020,545;13;141,8440865710636;184,9999999999909;True;4020,41;42981;breakeven;150,0;150,0;True;31;0,5;1,5;2026-07-20
43054;2026-07-20 16:03:41;short;4011,865;16;434,9131168202348;238,99999999998727;True;4011,865;43063;breakeven;150,0;150,0;True;9;0,5;1,5;2026-07-20
43157;2026-07-20 18:21:26;long;4011,7;18;179,58141257122406;116,00000000003092;False;;-1;abortada;0,0;0,0;False;0;0,0;0,0;2026-07-20
43432;2026-07-21 05:12:41;long;4025,12;5;211,06404408183153;180,0000000000182;True;4024,98;43436;stop;-300,0;-300,0;False;4;-1,0;-3,0;2026-07-21
43458;2026-07-21 05:55:15;long;4033,19;5;530,1149927225197;153,99999999999636;False;;-1;abortada;0,0;0,0;False;0;0,0;0,0;2026-07-21
43471;2026-07-21 06:17:24;long;4037,81;6;609,4606876233229;219,9999999999818;True;4037,81;43477;alvo;600,0;600,0;True;6;2,0;6,0;2026-07-21
43487;2026-07-21 06:45:37;long;4042,5249999999996;6;672,7779542475673;161,00000000001273;True;4042,5249999999996;43496;alvo;600,0;600,0;True;9;2,0;6,0;2026-07-21
43788;2026-07-21 16:51:50;short;4049,8900000000003;16;419,9630341413922;224,00000000002365;False;;-1;abortada;0,0;0,0;False;0;0,0;0,0;2026-07-21
43847;2026-07-21 18:07:30;long;4067,73;18;445,2245447051155;281,9999999999709;True;4067,73;43854;alvo;600,0;600,0;True;7;2,0;6,0;2026-07-21
44097;2026-07-22 05:07:57;long;4119,83;5;953,0707241956407;184,00000000001455;True;4119,83;44103;breakeven;150,0;150,0;True;6;0,5;1,5;2026-07-22
44104;2026-07-22 05:21:49;long;4121,99;5;864,8892224364317;347,99999999995634;False;;-1;abortada;0,0;0,0;False;0;0,0;0,0;2026-07-22
44540;2026-07-22 18:19:31;long;4154,51;18;410,0535206081986;257,9999999999927;True;4154,51;44559;alvo;600,0;600,0;True;19;2,0;6,0;2026-07-22
44847;2026-07-23 05:33:26;short;4116,635;5;534,4070534712046;406,9999999999709;True;4116,635;44852;stop;-300,0;-300,0;False;5;-1,0;-3,0;2026-07-23
45072;2026-07-23 12:48:04;short;4092,985;12;336,9856824420822;278,99999999999636;True;4092,985;45075;breakeven;150,0;150,0;True;3;0,5;1,5;2026-07-23
45092;2026-07-23 13:33:49;short;4090,795;13;327,27469222181753;355,0000000000182;False;;-1;abortada;0,0;0,0;False;0;0,0;0,0;2026-07-23
45348;2026-07-23 18:49:56;short;4049,79;18;202,40729721003845;211,9999999999891;True;4049,79;45349;breakeven;150,0;150,0;True;1;0,5;1,5;2026-07-23
45353;2026-07-23 18:57:12;short;4049,52;18;191,13894302117842;257,9999999999927;False;;-1;abortada;0,0;0,0;False;0;0,0;0,0;2026-07-23
45586;2026-07-24 05:03:49;short;4044,705;5;50,48657720394658;138,99999999998727;True;4044,705;45587;breakeven;150,0;150,0;True;1;0,5;1,5;2026-07-24
45633;2026-07-24 06:26:52;short;4029,85;6;628,665197270675;296,00000000000364;True;4029,85;45635;stop;-300,0;-300,0;False;2;-1,0;-3,0;2026-07-24
45791;2026-07-24 12:18:18;long;4054,98;12;607,0416789707906;342,0000000000073;True;4054,98;45797;stop;-300,0;-300,0;False;6;-1,0;-3,0;2026-07-24
45884;2026-07-24 16:02:25;short;4054,635;16;76,74799242945483;337,00000000003456;True;4054,635;45889;alvo;600,0;600,0;True;5;2,0;6,0;2026-07-24
45981;2026-07-24 18:10:22;long;4063,775;18;216,40184714856332;325,0;False;;-1;abortada;0,0;0,0;False;0;0,0;0,0;2026-07-24
46006;2026-07-24 18:36:45;long;4074,46;18;594,8431667634395;218,0000000000291;False;;-1;abortada;0,0;0,0;False;0;0,0;0,0;2026-07-24
46286;2026-07-27 05:06:20;long;4106,17;5;302,9339409107706;253,99999999999636;True;4106,15;46294;stop;-300,0;-300,0;False;8;-1,0;-3,0;2026-07-27
46295;2026-07-27 05:26:03;long;4103,99;5;182,1873599654282;372,00000000002547;True;4103,99;46297;stop;-300,0;-300,0;False;2;-1,0;-3,0;2026-07-27
46331;2026-07-27 06:45:10;short;4090,2749999999996;6;536,5369688043756;134,9999999999909;False;;-1;abortada;0,0;0,0;False;0;0,0;0,0;2026-07-27
46586;2026-07-27 16:00:02;short;4085,0950000000003;16;426,6674946965395;337,00000000003456;True;4085,82;46587;stop;-300,0;-300,0;False;1;-1,0;-3,0;2026-07-27
46599;2026-07-27 16:17:03;short;4084,745;16;356,89358994659415;361,00000000001273;False;;-1;abortada;0,0;0,0;False;0;0,0;0,0;2026-07-27
47176;2026-07-28 12:04:16;short;4044,4849999999997;12;156,71417218204624;296,99999999998;False;;-1;abortada;0,0;0,0;False;0;0,0;0,0;2026-07-28
47222;2026-07-28 13:35:59;short;4021,55;13;941,3660166015688;383,9999999999691;True;4022,29;47227;stop;-300,0;-300,0;False;5;-1,0;-3,0;2026-07-28
47345;2026-07-28 16:51:41;short;4025,65;16;271,2135096730435;242,00000000000728;True;4025,65;47346;stop;-300,0;-300,0;False;1;-1,0;-3,0;2026-07-28
47956;2026-07-29 13:34:39;short;4033,5699999999997;13;255,77875878757368;194,00000000000546;False;;-1;abortada;0,0;0,0;False;0;0,0;0,0;2026-07-29
48040;2026-07-29 16:20:09;short;4017,6499999999996;16;413,86862225404;198,00000000000182;True;4017,6499999999996;48042;stop;-300,0;-300,0;False;2;-1,0;-3,0;2026-07-29
48053;2026-07-29 16:35:47;short;4016,385;16;386,6747827351446;283,0000000000382;True;4016,385;48070;alvo;600,0;600,0;True;17;2,0;6,0;2026-07-29
48572;2026-07-30 05:00:49;long;4086,565;5;394,75619390473184;475,0;True;4086,565;48573;breakeven;150,0;150,0;True;1;0,5;1,5;2026-07-30
48985;2026-07-30 16:03:09;short;4072,39;16;182,1631742707723;280,0000000000182;False;;-1;abortada;0,0;0,0;False;0;0,0;0,0;2026-07-30
49006;2026-07-30 16:29:15;long;4076,205;16;122,60363483715082;276,9999999999982;False;;-1;abortada;0,0;0,0;False;0;0,0;0,0;2026-07-30
49011;2026-07-30 16:34:00;long;4078,58;16;172,9910888114773;272,00000000002547;True;4078,58;49012;stop;-300,0;-300,0;False;1;-1,0;-3,0;2026-07-30
49028;2026-07-30 16:47:21;long;4090,575;16;698,0951188151721;557,0000000000164;False;;-1;abortada;0,0;0,0;False;0;0,0;0,0;2026-07-30
49407;2026-07-31 05:08:11;short;4087,77;5;643,2182386721252;284,00000000001455;True;4087,77;49411;breakeven;150,0;150,0;True;4;0,5;1,5;2026-07-31
49714;2026-07-31 16:30:48;short;4042,275;16;455,3310454536131;344,9999999999818;False;;-1;abortada;0,0;0,0;False;0;0,0;0,0;2026-07-31
49806;2026-07-31 18:05:23;long;4045,415;18;525,8575601387292;217,00000000000728;True;4045,415;49808;breakeven;150,0;150,0;True;2;0,5;1,5;2026-07-31
49812;2026-07-31 18:13:26;long;4044,38;18;463,25024332254543;342,0000000000073;False;;-1;abortada;0,0;0,0;False;0;0,0;0,0;2026-07-31
50164;2026-08-03 06:28:23;long;4063,83;6;310,5160068362693;234,00000000001455;True;4063,61;50171;stop;-300,0;-300,0;False;7;-1,0;-3,0;2026-08-03
50483;2026-08-03 16:50:09;short;4030,12;16;700,6783780844216;257,9999999999927;True;4030,15;50492;stop;-300,0;-300,0;False;9;-1,0;-3,0;2026-08-03
50575;2026-08-03 18:58:11;long;4036,625;18;128,5842070038143;155,0000000000182;True;4036,625;50607;stop;-300,0;-300,0;False;32;-1,0;-3,0;2026-08-03
50803;2026-08-04 05:01:52;long;4058,895;5;276,46504529266167;418,99999999996;True;4058,895;50806;stop;-300,0;-300,0;False;3;-1,0;-3,0;2026-08-04
50815;2026-08-04 05:26:13;long;4056,9449999999997;5;231,5205964656343;180,99999999999454;True;4056,9449999999997;50836;breakeven;150,0;150,0;True;21;0,5;1,5;2026-08-04
51137;2026-08-04 16:33:30;long;4078,385;16;456,252219105545;508,9999999999691;False;;-1;abortada;0,0;0,0;False;0;0,0;0,0;2026-08-04
51149;2026-08-04 16:45:31;long;4084,525;16;737,6965120266505;298,9999999999782;True;4084,525;51153;alvo;600,0;600,0;True;4;2,0;6,0;2026-08-04
51722;2026-08-05 12:10:20;short;4165,355;12;94,78248625664492;410,99999999996726;True;4165,355;51728;alvo;600,0;600,0;True;6;2,0;6,0;2026-08-05
52010;2026-08-05 18:32:08;long;4257,625;18;1159,9216217195135;285,0000000000364;True;4257,625;52013;stop;-300,0;-300,0;False;3;-1,0;-3,0;2026-08-05
52405;2026-08-06 06:13:25;short;4277,0650000000005;6;455,15264194837073;552,9999999999745;False;;-1;abortada;0,0;0,0;False;0;0,0;0,0;2026-08-06
52836;2026-08-06 18:03:51;long;4270,43;18;291,6159335904922;315,99999999998545;True;4269,86;52841;stop;-300,0;-300,0;False;5;-1,0;-3,0;2026-08-06
53213;2026-08-07 06:26:55;long;4256,21;6;188,55181261769758;328,0000000000655;True;4256,21;53215;breakeven;150,0;150,0;True;2;0,5;1,5;2026-08-07
53407;2026-08-07 12:08:56;long;4305,3099999999995;12;717,3113359608578;172,00000000002547;True;4305,3099999999995;53419;breakeven;150,0;150,0;True;12;0,5;1,5;2026-08-07
53689;2026-08-07 18:02:30;short;4345,545;18;74,13748238795961;280,99999999994907;True;4345,545;53690;breakeven;150,0;150,0;True;1;0,5;1,5;2026-08-07
54383;2026-08-10 16:08:26;short;4330,87;16;226,5057579621498;244,00000000005093;True;4330,89;54384;stop;-300,0;-300,0;False;1;-1,0;-3,0;2026-08-10
54492;2026-08-10 18:11:30;long;4345,625;18;482,2281863410353;420,9999999999127;False;;-1;abortada;0,0;0,0;False;0;0,0;0,0;2026-08-10
54504;2026-08-10 18:28:10;long;4348,450000000001;18;478,0830645269816;253,99999999999636;False;;-1;abortada;0,0;0,0;False;0;0,0;0,0;2026-08-10
54510;2026-08-10 18:36:11;long;4350,1;18;443,4441600498758;424,0000000000691;False;;-1;abortada;0,0;0,0;False;0;0,0;0,0;2026-08-10
54513;2026-08-10 18:40:50;long;4349,905;18;435,9818860961241;282,9999999999927;True;4349,905;54526;alvo;600,0;600,0;True;13;2,0;6,0;2026-08-10
55108;2026-08-11 12:28:26;long;4373,635;12;256,5821791164126;385,0000000000364;True;4373,635;55110;stop;-300,0;-300,0;False;2;-1,0;-3,0;2026-08-11
55118;2026-08-11 12:49:00;long;4372,925;12;225,3541149270859;351,0000000000218;True;4372,925;55132;breakeven;150,0;150,0;True;14;0,5;1,5;2026-08-11
55133;2026-08-11 13:23:09;long;4375,17;13;206,22937926136728;429,99999999992724;False;;-1;abortada;0,0;0,0;False;0;0,0;0,0;2026-08-11
55238;2026-08-11 16:07:09;long;4394,280000000001;16;364,2363905165439;169,9999999999818;True;4394,280000000001;55244;breakeven;150,0;150,0;True;6;0,5;1,5;2026-08-11
55257;2026-08-11 16:32:07;long;4396,915;16;342,12666653929773;295,00000000007276;True;4396,915;55258;stop;-300,0;-300,0;False;1;-1,0;-3,0;2026-08-11
55680;2026-08-12 05:39:50;long;4399,29;5;701,4786262108828;179,99999999992724;True;4399,29;55686;alvo;600,0;600,0;True;6;2,0;6,0;2026-08-12
56006;2026-08-12 16:02:16;long;4429,07;16;739,4506459328113;473,9999999999782;False;;-1;abortada;0,0;0,0;False;0;0,0;0,0;2026-08-12
56043;2026-08-12 16:37:19;short;4417,8099999999995;16;239,5966018629224;409,99999999994543;False;;-1;abortada;0,0;0,0;False;0;0,0;0,0;2026-08-12
56140;2026-08-12 18:02:44;short;4421,41;18;259,94671613152605;377,99999999997453;True;4421,41;56142;breakeven;150,0;150,0;True;2;0,5;1,5;2026-08-12
56155;2026-08-12 18:18:45;short;4424,59;18;74,61395782156615;376,0000000000218;True;4424,59;56158;stop;-300,0;-300,0;False;3;-1,0;-3,0;2026-08-12
56493;2026-08-13 05:12:19;short;4412,46;5;680,8028076474329;229,99999999992724;True;4412,46;56502;alvo;600,0;600,0;True;9;2,0;6,0;2026-08-13
56776;2026-08-13 13:17:10;long;4382,25;13;355,01493855535955;144,00000000005093;False;;-1;abortada;0,0;0,0;False;0;0,0;0,0;2026-08-13
56904;2026-08-13 16:40:53;short;4382,514999999999;16;425,2958329950161;326,9999999999527;False;;-1;abortada;0,0;0,0;False;0;0,0;0,0;2026-08-13
56913;2026-08-13 16:49:32;short;4380,46;16;461,811193594167;286,0000000000582;True;4380,46;56914;breakeven;150,0;150,0;True;1;0,5;1,5;2026-08-13
56923;2026-08-13 16:58:11;short;4375,860000000001;16;597,8142251748977;517,9999999999382;True;4375,860000000001;56924;breakeven;150,0;150,0;True;1;0,5;1,5;2026-08-13
57010;2026-08-13 18:25:58;short;4370,99;18;397,7682201657444;253,99999999999636;True;4370,99;57012;stop;-300,0;-300,0;False;2;-1,0;-3,0;2026-08-13
57037;2026-08-13 18:58:56;short;4365,74;18;340,80019079046906;434,00000000001455;True;4365,74;57042;breakeven;150,0;150,0;True;5;0,5;1,5;2026-08-13
57361;2026-08-14 05:04:08;short;4320,885;5;709,1864249100581;344,9999999999818;False;;-1;abortada;0,0;0,0;False;0;0,0;0,0;2026-08-14
57377;2026-08-14 05:28:30;short;4316,15;5;618,7571457958256;472,00000000002547;False;;-1;abortada;0,0;0,0;False;0;0,0;0,0;2026-08-14
57381;2026-08-14 05:33:38;short;4316,4400000000005;5;536,7795662560638;966,0000000000764;True;4316,4400000000005;57382;breakeven;150,0;150,0;True;1;0,5;1,5;2026-08-14
57395;2026-08-14 05:53:24;short;4317,5599999999995;5;288,6205361721295;161,9999999999891;True;4317,61;57401;breakeven;150,0;150,0;True;6;0,5;1,5;2026-08-14
57575;2026-08-14 12:08:55;long;4347,195;12;543,5821540270808;239,00000000003274;False;;-1;abortada;0,0;0,0;False;0;0,0;0,0;2026-08-14
57706;2026-08-14 16:16:45;long;4377,48;16;500,7376133415164;282,00000000006185;False;;-1;abortada;0,0;0,0;False;0;0,0;0,0;2026-08-14
58136;2026-08-17 05:46:06;short;4392,605;5;159,91149206429327;407,00000000006185;True;4392,605;58142;breakeven;150,0;150,0;True;6;0,5;1,5;2026-08-17
58341;2026-08-17 13:03:43;short;4394,485000000001;13;228,63260303383868;265,00000000005457;True;4394,485000000001;58346;stop;-300,0;-300,0;False;5;-1,0;-3,0;2026-08-17
58433;2026-08-17 16:02:17;short;4385,735000000001;16;561,8616863494026;384,99999999994543;False;;-1;abortada;0,0;0,0;False;0;0,0;0,0;2026-08-17
58569;2026-08-17 18:27:27;long;4422,219999999999;18;443,9778064638631;301,9999999999527;False;;-1;abortada;0,0;0,0;False;0;0,0;0,0;2026-08-17
58895;2026-08-18 05:28:54;short;4403,66;5;820,1589480730036;186,0000000000582;False;;-1;abortada;0,0;0,0;False;0;0,0;0,0;2026-08-18
59104;2026-08-18 12:16:23;short;4392,205;12;155,46439778172498;286,9999999999891;True;4392,205;59113;breakeven;150,0;150,0;True;9;0,5;1,5;2026-08-18
59224;2026-08-18 16:22:16;short;4391,5;16;84,67309813831889;405,99999999994907;False;;-1;abortada;0,0;0,0;False;0;0,0;0,0;2026-08-18
59230;2026-08-18 16:30:22;short;4383,86;16;215,363904617152;1450,0;True;4383,86;59231;breakeven;150,0;150,0;True;1;0,5;1,5;2026-08-18
59719;2026-08-19 05:16:28;long;4355,955;5;620,8049685691549;704,9999999999272;False;;-1;abortada;0,0;0,0;False;0;0,0;0,0;2026-08-19
59993;2026-08-19 13:59:55;long;4367,030000000001;13;460,1790283602895;172,00000000002547;False;;-1;abortada;0,0;0,0;False;0;0,0;0,0;2026-08-19
60118;2026-08-19 16:31:11;long;4458,17;16;2205,7376712850782;581,9999999999709;False;;-1;abortada;0,0;0,0;False;0;0,0;0,0;2026-08-19
60138;2026-08-19 16:46:17;long;4458,705;16;1345,351671035496;396,9999999999345;True;4458,705;60139;breakeven;150,0;150,0;True;1;0,5;1,5;2026-08-19
60231;2026-08-19 18:01:26;long;4485,05;18;682,538957842371;407,9999999999927;True;4485,05;60233;stop;-300,0;-300,0;False;2;-1,0;-3,0;2026-08-19
60246;2026-08-19 18:16:22;long;4486,015;18;396,56636543977584;275,0;True;4486,015;60255;stop;-300,0;-300,0;False;9;-1,0;-3,0;2026-08-19
60272;2026-08-19 18:42:41;long;4486,5599999999995;18;219,35785999212385;353,99999999999636;False;;-1;abortada;0,0;0,0;False;0;0,0;0,0;2026-08-19
60674;2026-08-20 05:34:06;short;4493,145;5;293,9963284696205;223,0000000000473;True;4493,145;60685;breakeven;150,0;150,0;True;11;0,5;1,5;2026-08-20
60700;2026-08-20 06:16:24;short;4491,775;6;170,8276183223461;231,00000000004002;True;4492,05;60704;stop;-300,0;-300,0;False;4;-1,0;-3,0;2026-08-20
60900;2026-08-20 12:32:35;short;4489,25;12;49,64973951682623;294,00000000005093;True;4489,25;60906;breakeven;150,0;150,0;True;6;0,5;1,5;2026-08-20
61053;2026-08-20 16:10:18;long;4474,35;16;399,2640775742075;265,99999999998545;True;4474,35;61059;stop;-300,0;-300,0;False;6;-1,0;-3,0;2026-08-20
61085;2026-08-20 16:41:23;long;4479,73;16;416,7670789469412;385,99999999996726;False;;-1;abortada;0,0;0,0;False;0;0,0;0,0;2026-08-20
61093;2026-08-20 16:48:00;long;4482,275;16;551,1521549536155;290,99999999998545;True;4482,275;61099;breakeven;150,0;150,0;True;6;0,5;1,5;2026-08-20
61594;2026-08-21 05:35:54;long;4527,33;5;122,396790943003;289,9999999999636;True;4527,33;61596;breakeven;150,0;150,0;True;2;0,5;1,5;2026-08-21
61610;2026-08-21 06:01:31;long;4534,165;6;527,3639406559596;251,00000000002183;True;4534,165;61611;breakeven;150,0;150,0;True;1;0,5;1,5;2026-08-21
61871;2026-08-21 13:53:02;long;4589,8099999999995;13;430,6046867072837;298,0000000000473;True;4589,8099999999995;61883;breakeven;150,0;150,0;True;12;0,5;1,5;2026-08-21
62006;2026-08-21 16:44:56;long;4586,639999999999;16;135,96629003513954;406,00000000004;True;4586,639999999999;62014;breakeven;150,0;150,0;True;8;0,5;1,5;2026-08-21
62612;2026-08-24 06:46:59;long;4643,615;6;365,8333024782223;244,9999999999818;True;4643,615;62617;stop;-300,0;-300,0;False;5;-1,0;-3,0;2026-08-24
62845;2026-08-24 12:31:48;short;4636,805;12;76,72559425145664;471,00000000000364;True;4636,805;62846;stop;-300,0;-300,0;False;1;-1,0;-3,0;2026-08-24
62879;2026-08-24 13:34:22;long;4644,275;13;216,4878364624201;242,99999999993815;True;4644,275;62881;breakeven;150,0;150,0;True;2;0,5;1,5;2026-08-24
63046;2026-08-24 16:51:45;long;4672,84;16;258,8764728962815;322,00000000002547;True;4672,3;63047;stop;-300,0;-300,0;False;1;-1,0;-3,0;2026-08-24
63140;2026-08-24 18:12:02;long;4672,299999999999;18;179,6794902921647;285,99999999996726;False;;-1;abortada;0,0;0,0;False;0;0,0;0,0;2026-08-24
63162;2026-08-24 18:34:00;long;4672,83;18;174,36772916198606;271,9999999999345;True;4672,83;63167;stop;-300,0;-300,0;False;5;-1,0;-3,0;2026-08-24
63630;2026-08-25 06:02:41;short;4628,96;6;1309,5520430986653;494,00000000005093;False;;-1;abortada;0,0;0,0;False;0;0,0;0,0;2026-08-25
63661;2026-08-25 06:45:43;short;4635,0650000000005;6;310,6282145113255;381,00000000004;False;;-1;abortada;0,0;0,0;False;0;0,0;0,0;2026-08-25
63863;2026-08-25 12:00:25;short;4628,285;12;339,45726802558056;480,99999999994907;False;;-1;abortada;0,0;0,0;False;0;0,0;0,0;2026-08-25
63903;2026-08-25 12:57:09;long;4636,955;12;267,9432537158391;227,00000000004366;True;4636,955;63904;breakeven;150,0;150,0;True;1;0,5;1,5;2026-08-25
63923;2026-08-25 13:32:30;long;4635,1900000000005;13;134,78615827143585;343,99999999996;True;4635,1900000000005;63948;alvo;600,0;600,0;True;25;2,0;6,0;2026-08-25
64054;2026-08-25 16:39:37;short;4618,639999999999;16;768,4866401432373;290,00000000005457;True;4618,639999999999;64055;breakeven;150,0;150,0;True;1;0,5;1,5;2026-08-25
64077;2026-08-25 16:58:19;short;4610,9400000000005;16;771,0520609431114;551,9999999999527;True;4611,63;64078;stop;-300,0;-300,0;False;1;-1,0;-3,0;2026-08-25
64537;2026-08-26 05:30:25;long;4657,924999999999;5;520,3797651184686;378,99999999999636;False;;-1;abortada;0,0;0,0;False;0;0,0;0,0;2026-08-26
64579;2026-08-26 06:35:09;short;4650,575;6;276,50549382733516;193,0000000000291;False;;-1;abortada;0,0;0,0;False;0;0,0;0,0;2026-08-26
64758;2026-08-26 12:14:28;short;4626,32;12;239,79801790856072;318,0000000000291;False;;-1;abortada;0,0;0,0;False;0;0,0;0,0;2026-08-26
64770;2026-08-26 12:36:02;short;4621,275;12;458,0497264130827;217,00000000000728;True;4621,275;64775;stop;-300,0;-300,0;False;5;-1,0;-3,0;2026-08-26
64892;2026-08-26 16:04:04;short;4616,700000000001;16;268,8608679521167;803,9999999999964;False;;-1;abortada;0,0;0,0;False;0;0,0;0,0;2026-08-26
64910;2026-08-26 16:21:32;short;4609,84;16;522,0138882738866;842,0000000000073;False;;-1;abortada;0,0;0,0;False;0;0,0;0,0;2026-08-26
65721;2026-08-27 12:26:21;short;4596,965;12;230,32744245883805;332,9999999999927;False;;-1;abortada;0,0;0,0;False;0;0,0;0,0;2026-08-27
65884;2026-08-27 16:10:15;short;4587,515;16;240,2978934697785;340,99999999998545;True;4587,515;65887;stop;-300,0;-300,0;False;3;-1,0;-3,0;2026-08-27
65897;2026-08-27 16:23:34;short;4587,035;16;154,57408825895982;325,0;True;4587,32;65900;stop;-300,0;-300,0;False;3;-1,0;-3,0;2026-08-27
66008;2026-08-27 18:00:38;long;4591,77;18;496,8161635616525;248,0000000000473;False;;-1;abortada;0,0;0,0;False;0;0,0;0,0;2026-08-27
66016;2026-08-27 18:09:16;long;4591,745000000001;18;460,915379711696;144,9999999999818;True;4591,745000000001;66028;breakeven;150,0;150,0;True;12;0,5;1,5;2026-08-27
66474;2026-08-28 06:29:23;long;4587,6;6;101,37170886273452;225,99999999993088;True;4587,6;66476;stop;-300,0;-300,0;False;2;-1,0;-3,0;2026-08-28
66695;2026-08-28 12:34:42;short;4603,01;12;136,75907499546156;203,99999999999636;True;4603,01;66704;stop;-300,0;-300,0;False;9;-1,0;-3,0;2026-08-28
66839;2026-08-28 16:12:26;long;4599,115;16;140,4423046526972;163,0000000000109;True;4599,115;66842;stop;-300,0;-300,0;False;3;-1,0;-3,0;2026-08-28
67008;2026-08-28 18:24:15;short;4562,83;18;398,091059521812;518,0000000000291;True;4562,83;67009;stop;-300,0;-300,0;False;1;-1,0;-3,0;2026-08-28
67012;2026-08-28 18:27:32;short;4564,85;18;293,1980208359164;593,99999999996;True;4564,85;67013;breakeven;150,0;150,0;True;1;0,5;1,5;2026-08-28
67555;2026-08-31 05:26:42;short;4425,54;5;974,4344110710699;550,0;True;4425,54;67558;breakeven;150,0;150,0;True;3;0,5;1,5;2026-08-31
67852;2026-08-31 12:51:55;long;4442,395;12;145,22880365002493;299,0000000000691;True;4442,395;67861;alvo;600,0;600,0;True;9;2,0;6,0;2026-08-31
67873;2026-08-31 13:27:24;long;4447,79;13;368,6373115647257;242,00000000000728;True;4447,79;67894;alvo;600,0;600,0;True;21;2,0;6,0;2026-08-31
68017;2026-08-31 16:39:43;short;4441,48;16;245,8149530713854;367,99999999993815;False;;-1;abortada;0,0;0,0;False;0;0,0;0,0;2026-08-31
68122;2026-08-31 18:06:51;long;4430,335;18;124,30205882901646;427,00000000004366;True;4430,335;68123;breakeven;150,0;150,0;True;1;0,5;1,5;2026-08-31
68125;2026-08-31 18:09:47;long;4431,23;18;109,31683364151468;419,9999999999818;False;;-1;abortada;0,0;0,0;False;0;0,0;0,0;2026-08-31
68147;2026-08-31 18:32:15;long;4431,885;18;92,43355734188299;327,00000000004366;False;;-1;abortada;0,0;0,0;False;0;0,0;0,0;2026-08-31
68521;2026-09-01 05:02:06;short;4444,4;5;251,43100476398104;238,0000000000109;True;4444,4;68524;stop;-300,0;-300,0;False;3;-1,0;-3,0;2026-09-01
68558;2026-09-01 05:50:34;short;4435,46;5;528,361805539771;181,9999999999709;True;4435,46;68560;stop;-300,0;-300,0;False;2;-1,0;-3,0;2026-09-01
68587;2026-09-01 06:36:35;short;4435,92;6;271,8870466193948;186,0000000000582;True;4435,92;68591;stop;-300,0;-300,0;False;4;-1,0;-3,0;2026-09-01
68838;2026-09-01 12:09:41;short;4372,389999999999;12;1132,080391242198;267,99999999993815;True;4372,389999999999;68839;breakeven;150,0;150,0;True;1;0,5;1,5;2026-09-01
68856;2026-09-01 12:30:36;short;4371,02;12;681,7639089195836;564,0000000000327;False;;-1;abortada;0,0;0,0;False;0;0,0;0,0;2026-09-01
69691;2026-09-02 06:16:44;short;4299,73;6;264,9853039860318;396,00000000000364;False;;-1;abortada;0,0;0,0;False;0;0,0;0,0;2026-09-02
69701;2026-09-02 06:28:20;short;4297,16;6;434,58960064417624;413,9999999999418;False;;-1;abortada;0,0;0,0;False;0;0,0;0,0;2026-09-02
69713;2026-09-02 06:41:05;short;4290,385;6;666,8252367500827;335,0000000000364;True;4290,385;69714;breakeven;150,0;150,0;True;1;0,5;1,5;2026-09-02
69981;2026-09-02 12:44:10;short;4310,525;12;522,0721632173991;218,99999999995998;True;4310,525;70006;breakeven;150,0;150,0;True;25;0,5;1,5;2026-09-02
