regra,n_tr,n_te,lok_tr,lok_te,ic_te,lcont_tr,lcont_te,ok_te,R_te
contra>0,461,267,-0.028181576629656584,0.0075362510821873115,0.057977048226642305,0.014240847034017162,-0.0240421364681904,0.6441947565543071,
contra<-.4,2658,1590,-0.009259618243683947,0.006599133040609939,0.024132389104452274,0.0011315327070895937,0.00801841173121296,0.43333333333333335,
contra<-.6,1086,646,-0.02586360462507682,-0.01576808008253538,0.03746200143501904,-0.021609528397668696,0.014156425349960595,0.38854489164086686,
contra3>0,3123,1883,0.0008856251835103913,0.007944162348293048,0.02179841856058216,-0.0035835433210099662,-0.0014540418832773884,0.6133828996282528,
contra3<-.3,2850,1726,-0.02962963086795572,-0.004590875705513191,0.02319884768776867,-0.01352107597031553,-0.0010465134301896638,0.4640787949015064,
pavio=50,787,491,-0.0372427646426135,0.005620256394245639,0.042996601943797584,-0.03112163025723232,0.007725004337001372,0.38085539714867617,
pavio<=65,2530,1551,-0.015894367536152955,-0.014207002078564889,0.024294143835274794,-0.008199355778026388,-0.004667033494685649,0.3894261766602192,
pavio>=115,3975,2456,-0.0035434180872395385,-0.0015020807990211503,0.018891345328019574,-0.0016509335654029888,-0.005242900180460227,0.6368078175895765,
seq=1,3533,2165,-0.001075168305339656,-0.0035120646188999028,0.020270845411732068,0.0018780938345690041,-0.0004730080271565949,0.6193995381062356,
seq>=3,4450,2748,-0.020719358960973044,-0.00041826030989667624,0.01836757944663287,-0.0066367636804957175,-0.0006031589701686155,0.4887190684133916,
seq>=5,1992,1263,-0.03630376659830484,-0.0028620532786371184,0.02710448794972977,-0.016667138787724717,-0.0013673933064717791,0.4885193982581156,
rqtd>1.5,2946,1907,-0.00585601820058315,-0.009769860148555501,0.021713697206975427,-0.004914867061180389,-0.0012090804923769506,0.6056633455689565,
rqtd<0.6,3263,1964,-0.01152037076608491,0.00035843529416483414,0.021610762891148307,-0.0036737978726619864,-0.0002934203218625511,0.46435845213849286,
rdur>1.5,3280,2052,-0.010466538777755977,-0.005975638001688669,0.021001467186007695,-0.00932274493529611,-0.003956797561456179,0.5999025341130604,
rdur<0.6,4496,2840,-0.012513969640278446,0.0007766886955194695,0.017977304725091636,-0.0002669108980580228,0.002710376938332417,0.4795774647887324,
rtam<0.8,583,371,0.03285583105338088,0.0035418268441414357,0.04959267895134531,0.024149211298261267,-0.007900990937029166,0.5768194070080862,
part>.85,1051,778,-0.009107231445912536,0.006006361272991256,0.03418976810661449,0.006767801399721238,-0.005137231181514348,0.532133676092545,
part<.70,2714,1410,-0.0006902664460007917,-0.014577618194244059,0.025546391302836896,0.0006885558181236157,-0.004204221856248938,0.5404255319148936,
vel_alta,2435,1471,-0.01664703881782917,0.0013422871925034103,0.024983132990620542,-0.0024276702688182336,0.008158823611322141,0.46838885112168593,
vel_baixa,2520,1547,-0.0064041760525821645,-0.0005873122281967523,0.024111127902205595,-0.006828513101960141,0.00485477977983082,0.5979314802844214,
acel>2,3504,2196,-0.019713956229441394,-0.005040467139506802,0.02029806612813732,-0.008023614533041346,-0.006336271800108006,0.5846994535519126,
acel<0.5,3154,1956,-0.008773674809875587,0.0020904945062507614,0.0216437718575382,-0.006132234207453716,0.0035895032737441592,0.467280163599182,
relqtd>2,3112,1921,-0.012604324439367714,-0.005709150525145359,0.021636867701727343,-0.0003523966679426846,-0.008758460155285171,0.5908381051535658,
relqtd<0.5,2492,1488,-0.006747473187241709,-0.00873383409949754,0.02486063576848148,-0.0040706143565476085,-0.00614673137631862,0.45698924731182794,
tend5>0,7026,4299,-0.01466592473146293,-0.001857820248058815,0.014609755599551936,-0.008503973751056578,-0.003302260898256432,0.513375203535706,
tend5forte,4385,2739,-0.020034503671818537,-0.004504073134028874,0.018374595811806872,-0.0075454174308093175,-0.0025931535930783056,0.5001825483753195,
contra_tend5,370,220,0.03701281203910941,0.02636268438257039,0.06302850970303767,0.01798878260373285,0.05576763325608691,0.6454545454545455,
viradas5>=3,1995,1224,-0.0013287571760946999,-0.011810536809760956,0.027080272216461504,-0.005981347690040043,-0.00975673905357938,0.5686274509803921,
viradas5<=1,4825,3015,-0.021201417190212454,0.003415675839856955,0.017548139218456733,-0.009815287517335985,-0.0008491423996058772,0.5140961857379768,
manha,7632,4180,-0.007514337503056592,-0.000794823700768709,0.014801877455512506,-0.0035924096360056977,-0.005177565597326966,0.538755980861244,
tarde,1341,1193,-0.027805280247568318,-0.018585871614725146,0.027511555067481458,-0.012439333724545518,-0.017779591141601082,0.5113160100586757,
cdelta_fav,6767,4189,-0.012496252966165338,-0.005422266897047536,0.014768129526460994,-0.0036060145835040604,-0.005366862691617024,0.5099068990212461,
cdelta_ctr,3405,2045,-0.008090263276577489,0.007037137092469226,0.02116009628659722,-0.004932112896889046,0.004027338518021432,0.5843520782396088,
cimb20_fav,273,101,0.0014895811172882867,-0.08883453530632054,0.09188044780495139,0.011748473796897932,-0.08428370593719173,0.4158415841584158,
contra>0 & contra3>0,286,156,-0.015917136846482632,0.010149700585634783,0.0756435878554705,0.029384890436573254,-0.005239478233290484,0.6538461538461539,
contra>0 & pavio>=115,391,229,-0.03314674677396868,-0.020151297536165912,0.06252442274315564,0.01966928670719624,-0.031755860156806585,0.6331877729257642,
contra>0 & seq=1,349,194,-0.005870646905412349,-0.021976562306795806,0.06794984105060686,0.03397845566239542,-0.036128603035648285,0.6288659793814433,
contra>0 & rqtd>1.5,213,123,-0.04809268943951603,0.014132610668122155,0.08446776658626079,0.003999331353212452,0.024106312225806545,0.6666666666666666,
contra>0 & rdur>1.5,207,117,-0.043014764524321195,0.03922881777449994,0.08610618404329125,-0.01453441014599141,0.010286738865676322,0.6752136752136753,
contra>0 & acel>2,245,125,-0.013871763821913984,-0.006663803647007332,0.08498515790756066,0.023071644138030825,-0.05058066522521486,0.632,
contra>0 & relqtd>2,256,136,-0.008666795170463436,-0.036147585234145886,0.0825061443512125,0.03127083428986508,-0.08071504697046461,0.6102941176470589,
contra>0 & tend5>0,274,164,-0.028234250803697833,-0.0030612253646623735,0.07475482646444913,0.006044664241508324,-0.043819349858265036,0.6219512195121951,
contra>0 & manha,391,214,-0.017153524072308583,-0.01859088416145264,0.0653803117731136,0.02266986999620548,-0.041396654827484225,0.6261682242990654,
contra>0 & cdelta_fav,209,128,-0.016111709633954013,0.0068763934999976455,0.0835792971221306,0.012670417525186878,-0.033741224225258326,0.6328125,
contra>0 & cdelta_ctr,252,139,-0.03819190282847339,0.008143889719023838,0.08078061005829318,0.015543306428245448,-0.015110602418516327,0.6546762589928058,
contra<-.4 & contra<-.6,1086,646,-0.02586360462507682,-0.01576808008253538,0.03746200143501904,-0.021609528397668696,0.014156425349960595,0.38854489164086686,
contra<-.4 & contra3<-.3,1438,869,-0.02027541761901479,0.008701667871599704,0.03273842784869827,-0.00561151647215949,0.013809139529122159,0.42692750287687,
contra<-.4 & pavio=50,689,416,-0.03851525686473532,-0.00023514075443053633,0.04657873241354913,-0.03510692836158774,0.012743216776293241,0.375,
contra<-.4 & pavio<=65,1870,1131,-0.01629680783390832,-0.007368280086682746,0.028474532184488116,-0.015410482411130941,0.0035841524960959514,0.39345711759504864,
contra<-.4 & seq>=3,1655,987,-0.013147883467637431,-0.0013963633280632659,0.03060946376700305,-0.000575966791840016,0.009269297146955837,0.41843971631205673,
contra<-.4 & seq>=5,650,384,-0.027742262710630593,0.015116608610767246,0.04919923936069613,-0.01161414189564627,0.01618047882266806,0.4296875,
contra<-.4 & rqtd<0.6,1956,1196,-0.011611169985772255,0.0028453286023324776,0.027778639186485238,-0.002524429838219561,0.006181770440627207,0.4230769230769231,
contra<-.4 & rdur<0.6,2343,1458,-0.008125608881800936,-0.0007679031280918502,0.025216354840212476,0.005712448323834409,0.004380508897941198,0.4218106995884774,
contra<-.4 & part>.85,391,268,-0.01940023871462615,-0.016444673966997062,0.058268999897918915,0.013908989469202814,0.007229141653452672,0.39925373134328357,
contra<-.4 & part<.70,340,157,0.059203297416744086,-0.005371927853077727,0.0775668077889444,0.025173676574566706,0.03863133205080601,0.445859872611465,
contra<-.4 & vel_alta,1609,931,-0.02437619101120133,0.0030934032829533884,0.031495969372604446,-0.0067089748671750014,0.01119076230310637,0.41568206229860366,
contra<-.4 & acel<0.5,1938,1172,-0.011393960435736301,-0.0014312756724257987,0.028029773339392286,-0.008470275687753671,0.005886152319820338,0.4197952218430034,
contra<-.4 & relqtd<0.5,1466,890,-0.0032028498076853776,-0.0026621425516988807,0.032126279874365074,-0.007521426630958672,-0.0014627456939682705,0.41797752808988764,
contra<-.4 & tend5>0,2185,1315,-0.01482846430257877,0.0002773645741662886,0.026543710167379844,-0.004079222472871032,0.004306353009303937,0.423574144486692,
contra<-.4 & tend5forte,1450,872,-0.010794063924621207,0.006848699641305257,0.03263109085806409,-0.0027722893188301093,0.019601678042112745,0.42660550458715596,
contra<-.4 & viradas5>=3,332,200,-0.009656501423947032,-0.026822929690435718,0.0674206706444404,-0.01198891349398396,-0.032597648037170066,0.41,
contra<-.4 & viradas5<=1,1499,896,-0.008676469390553762,0.022913679433966026,0.032322815722297255,-0.007896209947597009,0.02196407091140368,0.4453125,
contra<-.4 & manha,2108,1143,-0.007283326515635769,0.010892419778173018,0.02851134125719838,-0.0010646479145756324,0.0050391451427017325,0.43919510061242345,
contra<-.4 & tarde,264,239,-0.03986881713973037,-0.047762936755274966,0.06055183400903619,-0.001252662837886352,-0.042394810558853746,0.37656903765690375,
contra<-.4 & cdelta_fav,2095,1285,-0.015029907135727053,-0.0016478351132268479,0.026781990005521825,0.001404670836565169,0.004903132244922073,0.4217898832684825,
contra<-.4 & cdelta_ctr,560,305,0.009334735454712877,0.04134455624611904,0.055554139154570595,-0.001528424894996678,0.021143441698045065,0.4819672131147541,
contra<-.6 & contra3<-.3,671,402,-0.034018566341063074,-0.011440149445392908,0.047487790806271794,-0.02589028075896296,0.01684024128026217,0.39054726368159204,
contra<-.6 & pavio=50,431,256,-0.03184766975675071,-0.011953890754430516,0.05903115657981584,-0.01624237130152222,0.03197398600706247,0.36328125,
contra<-.6 & pavio<=65,960,569,-0.01736426805326367,-0.017886190728527436,0.039823150289636886,-0.018623707132523745,0.02270956906708208,0.37785588752196836,
contra<-.6 & seq>=3,681,412,-0.03833780228130761,-0.020912253146108034,0.046628908207499015,-0.022358244207668646,0.004677285423811938,0.38106796116504854,
contra<-.6 & seq>=5,258,139,-0.061781364270777336,-0.002687819462959381,0.08147041802728057,-0.04437235147222546,-0.003946194213992051,0.39568345323741005,
contra<-.6 & rqtd<0.6,954,564,-0.02945277155502612,-0.004982866814158804,0.040227247653980294,-0.023768913121205895,0.022079713144969062,0.3971631205673759,
contra<-.6 & rdur<0.6,1051,633,-0.028558141430317707,-0.01795249547098176,0.037838075179130536,-0.02034827202093045,0.01584280023320651,0.3854660347551343,
contra<-.6 & part>.85,248,175,-0.05665976424006803,-0.05393946014972328,0.07042623159084388,-0.025952945953351302,0.004414813061858131,0.3485714285714286,
contra<-.6 & vel_alta,932,536,-0.035316065264391495,-0.024586343855602755,0.04103136680215732,-0.029654539221797612,0.016176558569415734,0.376865671641791,
contra<-.6 & acel<0.5,978,564,-0.025612544432888455,-0.011218417907391146,0.0401533775449041,-0.01761560190124749,0.01689079329777928,0.39184397163120566,
contra<-.6 & relqtd<0.5,776,439,-0.02170127709562368,-0.01396608072153616,0.045525090231374264,-0.0197460842080432,-0.001317758809529938,0.3895216400911162,
contra<-.6 & tend5>0,933,546,-0.026129488786210547,-0.020765208865698027,0.04061582159999831,-0.02185320887208964,0.008866781169395776,0.38278388278388276,
contra<-.6 & tend5forte,612,365,-0.03757467903318764,-0.023770850790938686,0.04971069747690098,-0.027426296906893497,0.019676805676412227,0.3780821917808219,
contra<-.6 & viradas5<=1,588,363,-0.02982333234192918,0.02334427610217048,0.0505640046652721,-0.03428359199521653,0.018099904004904535,0.42699724517906334,
contra<-.6 & manha,865,495,-0.028615299699579252,-0.010111579875958291,0.04297645455614635,-0.03300655157121168,0.00987073865230879,0.39595959595959596,
contra<-.6 & cdelta_fav,881,531,-0.0265985619439889,-0.028783338247111177,0.04097812988904926,-0.014341890350989426,0.0021239020841802006,0.3747645951035782,
contra<-.6 & cdelta_ctr,204,115,-0.025878952987376344,0.044328459790418905,0.09169767863558616,-0.054637090326733216,0.06971529364673792,0.45217391304347826,
contra3>0 & pavio>=115,2149,1309,-0.0014586500675765662,0.00245176061797098,0.025765123934445903,-0.003422580581016761,-0.007546796165869601,0.6424751718869366,
contra3>0 & seq=1,2474,1506,-0.0038801006914029926,0.0005743381993331245,0.02424082299686179,-0.003055198453708289,-0.006147965313801704,0.6254980079681275,
contra3>0 & rqtd>1.5,1304,822,0.004134301368674049,-0.015888238863958785,0.03280421093373141,-0.011815206612450021,-0.005335275558487546,0.6228710462287105,
contra3>0 & rqtd<0.6,551,304,0.005076721700388249,0.05656204902514116,0.05348127579384818,0.004162711817373078,0.021303754848016797,0.6151315789473685,
contra3>0 & rdur>1.5,1441,856,-0.00444612812459829,-0.025136686718693943,0.032536195196656195,-0.0149573652027669,-0.01841939143791401,0.6016355140186916,
contra3>0 & rdur<0.6,833,534,0.002556887582533634,0.03978024838869627,0.04049414132703836,0.0020028464106683244,0.02798114217751726,0.6198501872659176,
contra3>0 & rtam<0.8,223,143,0.029018022590089995,0.023199581346274364,0.07853040779564464,0.054087128079368135,-0.01892376971916234,0.6363636363636364,
contra3>0 & part>.85,262,206,-0.003302320739023928,-0.0024187695341277775,0.06605496187424222,0.012058833958402317,-0.044422628875008904,0.6067961165048543,
contra3>0 & part<.70,1064,551,0.009368722549915373,0.012763524078694431,0.04063583126311092,-0.009040802147295855,0.0076581058925553735,0.6061705989110708,
contra3>0 & vel_alta,390,246,0.00416511327832417,0.013231041450534883,0.061025060746027586,0.018400788950627595,-0.00271256086552546,0.5894308943089431,
contra3>0 & vel_baixa,1013,619,0.013764515761797193,-0.016764939145622194,0.038044923738540855,-0.010211688265925053,-0.009998385563920537,0.6090468497576736,
contra3>0 & acel>2,1571,977,0.005150689896333749,0.006230360243584643,0.03003375158038733,-0.0054052719674914495,-0.00032499717684500223,0.6335721596724667,
contra3>0 & acel<0.5,443,273,0.015706611102047525,0.04570793132879347,0.056686362774824556,0.0022264173455958125,0.018100098596639348,0.5934065934065934,
contra3>0 & relqtd>2,1375,853,0.005481662975236783,0.004806449836778267,0.031996147209845276,0.006871829875814675,-0.003556426993808947,0.6412661195779601,
contra3>0 & relqtd<0.5,423,238,0.022764925289580934,0.02965599551329072,0.062009447282222345,0.002295338759089647,0.013099054500304118,0.5588235294117647,
contra3>0 & tend5>0,877,524,0.000790621883271642,0.0039010123626712686,0.04116137185049141,-0.01811746299779998,-0.006110151361192441,0.6030534351145038,
contra3>0 & contra_tend5,360,214,0.03499008272279576,0.02125819537882013,0.0641445734507624,0.015472033162822595,0.04861963324162883,0.6401869158878505,
contra3>0 & viradas5>=3,755,453,0.0006765729132464586,0.011406592393918023,0.044329007467670316,-0.00759880917636349,-0.005499224757430929,0.6291390728476821,
contra3>0 & viradas5<=1,945,597,-0.010268013775972447,0.016307217464239288,0.03899202703389759,-0.01138747619369017,-0.0011661230167236876,0.6147403685092128,
contra3>0 & manha,2430,1326,-0.0010978078372100859,0.004708041118003311,0.026021841411634723,-0.0054025933272182775,-0.0042395779206568646,0.610105580693816,
contra3>0 & tarde,364,329,0.008574540457787518,-0.0081114797135233,0.05166505866790781,-0.0061508418019207995,-0.015069378218137136,0.601823708206687,
contra3>0 & cdelta_fav,770,490,0.016824158165859006,0.024910400674695053,0.041773726572569905,-0.004090513212310017,0.008499690935314195,0.6285714285714286,
contra3>0 & cdelta_ctr,2351,1393,-0.004349126068050252,0.001976138816392842,0.02554223706390276,-0.0032596398899536125,-0.0049553549350432715,0.6080402010050251,
contra3<-.3 & pavio=50,461,289,-0.039009544225146346,-0.008453133834015312,0.05565964886572051,-0.03818599230096355,0.019106338948238943,0.36678200692041524,
contra3<-.3 & pavio<=65,1387,851,-0.024711040920482378,-0.013256054550458703,0.03277419150623452,-0.01439093886324294,0.0016939053932748499,0.3889541715628672,
contra3<-.3 & pavio>=115,352,235,-0.022555953244510984,-0.028704100665826134,0.06202640549194698,-0.017500278252528454,-0.04841384785553483,0.6085106382978723,
contra3<-.3 & seq>=3,2764,1675,-0.029501345773597018,-0.003999279483510484,0.023557334821878453,-0.014210862790806942,-0.0034148052987919716,0.4632835820895522,
contra3<-.3 & seq>=5,1296,786,-0.04481070261567454,-0.015113552920165646,0.034456906740792236,-0.024833274106550837,-0.00214276047500363,0.4580152671755725,
contra3<-.3 & rqtd>1.5,475,310,-0.046697017575602184,-0.02342689906854421,0.05507317108539642,-0.029831370344743334,-0.027741698359133544,0.5516129032258065,
contra3<-.3 & rqtd<0.6,1303,797,-0.016951843136431933,-0.005402511535888382,0.03394675035199063,-0.012002705189433544,0.004042370791348067,0.4203262233375157,
contra3<-.3 & rdur>1.5,396,265,-0.02983945131832942,0.02317971817739359,0.05876856700625545,-0.02969865690708812,0.01260626607759251,0.6037735849056604,
contra3<-.3 & rdur<0.6,1948,1207,-0.02319349488799454,-0.002513759248168513,0.02774646316188963,-0.008644521527015931,0.003660707824427598,0.43496271748135873,
contra3<-.3 & part>.85,390,272,-0.0312703149898406,0.0645700156249454,0.05808130415462822,-0.018691830516613345,0.04380397948293296,0.5220588235294118,
contra3<-.3 & part<.70,526,293,-0.0642031409461711,-0.041223515770766356,0.056448975159591915,-0.03172982194420231,-0.025333556988082057,0.46075085324232085,
contra3<-.3 & vel_alta,1250,741,-0.027132401781559498,0.019879398809388594,0.03526181875409408,-0.011569276859553966,0.022409192596244205,0.4493927125506073,
contra3<-.3 & vel_baixa,251,140,-0.0532428038243769,0.05766868374024247,0.07834952003151484,-0.031634420753584185,0.047127208811835575,0.6357142857142857,
contra3<-.3 & acel>2,980,620,-0.05618263399857606,-0.03007508968381434,0.0389857558961715,-0.014666361715038573,-0.02061431929055116,0.49838709677419357,
contra3<-.3 & acel<0.5,1006,611,-0.029513537923987167,0.0034801350101321495,0.038788203614915424,-0.024296220104809235,0.024623304875928554,0.4206219312602291,
contra3<-.3 & relqtd>2,941,590,-0.04482264647799751,-0.02383865374473906,0.040046197685004066,-0.01014125662355744,-0.01725513235799008,0.5101694915254237,
contra3<-.3 & relqtd<0.5,643,388,-0.025395047881697518,-2.5966202782163747e-05,0.048560840282668286,-0.015425209841387913,0.016446095739541398,0.4175257731958763,
contra3<-.3 & tend5>0,2838,1716,-0.029082315508913,-0.0033694090202616937,0.02327516089941928,-0.013841495023158682,-0.0022871407098115967,0.46561771561771564,
contra3<-.3 & tend5forte,2299,1406,-0.033302651756829164,-0.004338406555607685,0.025734595050579095,-0.019904967547953543,-0.004816851497128011,0.4672830725462304,
contra3<-.3 & viradas5<=1,2175,1308,-0.03312530957191889,0.007419741826634096,0.02678671198109678,-0.019505074622672553,0.007296189595030756,0.47553516819571867,
contra3<-.3 & manha,2293,1282,-0.021493667569443712,0.0012253156364845823,0.026978982274970843,-0.007696074719591023,-0.00048153682098510755,0.47425897035881437,
contra3<-.3 & tarde,264,225,-0.04505304415156931,-0.028167147164052563,0.063573413150369,-0.04345138434920264,-0.024972012298963075,0.4222222222222222,
contra3<-.3 & cdelta_fav,2755,1674,-0.027759058359968707,-0.007368889429869373,0.02355441125719731,-0.012072933022292173,-0.004804892578346797,0.46176821983273597,
pavio=50 & pavio<=65,787,491,-0.0372427646426135,0.005620256394245639,0.042996601943797584,-0.03112163025723232,0.007725004337001372,0.38085539714867617,
pavio=50 & seq>=3,512,332,-0.04125076575443051,-0.016801405814671495,0.05166153108882635,-0.03247913899293753,0.005995070344411869,0.35843373493975905,
pavio=50 & seq>=5,221,147,-0.10374192808474723,-0.03509908633266183,0.07684810771291846,-0.05781673797483796,-0.013306626237835488,0.3401360544217687,
pavio=50 & rqtd<0.6,634,395,-0.03296384737903621,-0.010678178729114066,0.04752574917355517,-0.040088316832054244,-0.005763355765089427,0.36455696202531646,
pavio=50 & rdur<0.6,729,471,-0.033671354746200075,0.0005610375895185205,0.043787135351861683,-0.035198510563582246,0.0011220751790369937,0.37579617834394907,
pavio=50 & vel_alta,555,343,-0.020280185799475575,-0.01080365387396405,0.05100727841559979,-0.011100338317261855,0.007101537027470635,0.36443148688046645,
pavio=50 & acel<0.5,637,379,-0.0408552349459533,-0.000564956057860601,0.04879657122952338,-0.03685450692857332,0.015070951706270914,0.37467018469656993,
pavio=50 & relqtd<0.5,486,279,-0.03572896791492436,-0.020396431077011182,0.056244922147158545,-0.038627865844789375,0.0049802584084961635,0.3548387096774194,
pavio=50 & tend5>0,681,428,-0.03896494985868897,0.0009330835446348914,0.04594803397569381,-0.030388348794699642,0.011822116848183966,0.37616822429906543,
pavio=50 & tend5forte,458,304,-0.056457848178011305,-0.00023514075443052893,0.05451178453752313,-0.03175417993180216,0.017171354428115102,0.375,
pavio=50 & viradas5<=1,451,295,-0.03598902102050591,-0.0023537848222271425,0.055276762245239794,-0.028239428627083864,-0.018979403823446005,0.3728813559322034,
pavio=50 & manha,572,321,-0.03082954634883613,0.00794242933902741,0.053267363376162384,-0.029433356650280185,-0.0014177585412241329,0.38317757009345793,
pavio=50 & cdelta_fav,645,410,-0.04190180742109719,-0.009381482217845159,0.04668129163677415,-0.02631089771386776,0.0034678884460868616,0.36585365853658536,
pavio<=65 & seq>=3,1684,1057,-0.01769518388838116,-0.017751760874847762,0.029339870999750155,-0.008170118732440395,-0.005627429265905266,0.3859981078524125,
pavio<=65 & seq>=5,735,476,-0.045673958788919444,-0.019700310027170143,0.04365702246254464,-0.024395793230028894,-0.004000544498805725,0.38445378151260506,
pavio<=65 & rqtd<0.6,1736,1086,-0.009053527304610925,-0.01588110535163028,0.02896227143177314,-0.008542368728917395,-0.0019191764970897494,0.3848987108655617,
pavio<=65 & rdur<0.6,2137,1369,-0.012281531266254803,-0.01631732053796326,0.025804614144327043,-0.0019540421065273508,-0.0017410574956626171,0.38568298027757486,
pavio<=65 & part>.85,354,260,-0.01706635563884177,-0.020183691287954206,0.05871946953887191,-0.02037082078567206,0.005311630716944102,0.38076923076923075,
pavio<=65 & part<.70,396,202,0.002128620984309164,-0.0036287224873752092,0.06830827868263684,-0.004664998792850996,0.01149537398923353,0.40594059405940597,
pavio<=65 & vel_alta,1425,840,-0.01383421882694918,-0.012947913004122725,0.032911636161178356,-0.006571578651486582,0.0058043607652951985,0.38571428571428573,
pavio<=65 & acel>2,218,142,-0.08341339835313014,0.0011785521407615544,0.08155657938317036,-0.0025973171722221307,-0.024085082500761558,0.4154929577464789,
pavio<=65 & acel<0.5,1703,1041,-0.014306911102027413,-0.016633394024906382,0.029580933129639685,-0.01118520310811346,-0.0010939684198695578,0.38424591738712777,
pavio<=65 & relqtd<0.5,1295,785,-0.01493968846411639,-0.020431343958748748,0.03398293516989342,-0.014416072098148587,-0.009251993065554643,0.38089171974522296,
pavio<=65 & tend5>0,2151,1337,-0.015070032539936258,-0.016027466868160947,0.026137560335873875,-0.008599005043101952,-0.0039374565072465935,0.387434554973822,
pavio<=65 & tend5forte,1482,941,-0.024220268975016578,-0.011474840412537868,0.03121675555337167,-0.014853715554594698,0.010374964739044139,0.39213602550478216,
pavio<=65 & viradas5>=3,256,160,-0.03558489749731641,-0.05203132358397202,0.07436635193702354,-0.05373403203118768,0.0005550447583983709,0.35,
pavio<=65 & viradas5<=1,1516,957,-0.016245475860469556,-0.005799985565180033,0.031008961491220365,-0.01273679046371751,-0.001348828028622729,0.3981191222570533,
pavio<=65 & manha,1864,987,-0.01332204029607591,-0.015026267484410097,0.0304425185457733,-0.009261169414010884,8.056636108212809e-05,0.3880445795339412,
pavio<=65 & tarde,338,329,-0.0413120308258545,-0.056470022175255666,0.05166167678965641,-0.024225154669442105,-0.06355293579981491,0.3495440729483283,
pavio<=65 & cdelta_fav,2069,1306,-0.015833124698807207,-0.02403303098357313,0.0263378810573729,-0.004432851873725211,-0.010680368346498034,0.37978560490045943,
pavio<=65 & cdelta_ctr,460,245,-0.017562564617131342,0.03817174792119328,0.06250464501381027,-0.025839181690600826,0.027387722899057113,0.44081632653061226,
pavio>=115 & seq=1,2693,1668,-0.0022639874734960977,0.0021248785489972207,0.022843054116475744,-4.9749391950768446e-05,-0.0005335669649554159,0.6420863309352518,
pavio>=115 & seq>=3,849,521,-0.017544931295444693,-0.014355483989625616,0.041461410904925895,-0.0063831898190700245,-0.01870615073869293,0.6238003838771593,
pavio>=115 & seq>=5,405,250,-0.02884621146139242,-0.04437098706269155,0.0606567292246573,-0.006622131921568205,-0.04275478925324091,0.596,
pavio>=115 & rqtd>1.5,2191,1389,-0.001224684432098506,-0.01438156501179858,0.025077496952023385,0.0007289122100254343,-0.00505900790980716,0.6349892008639308,
pavio>=115 & rqtd<0.6,420,254,-0.0024834721058076222,0.02222861409742117,0.05812038153422779,0.013671365468811402,-0.010454811202911283,0.6535433070866141,
pavio>=115 & rdur>1.5,2252,1386,-0.00669087651561419,-0.015915135594531657,0.02518682782808873,-0.007312026058378629,-0.012974264681987754,0.6291486291486291,
pavio>=115 & rdur<0.6,781,527,-0.0066555946593302735,0.012408035182474257,0.04062506921122514,0.01721385862844708,0.011309227191122198,0.6451612903225806,
pavio>=115 & rtam<0.8,265,201,0.014666179765276814,-0.005959255287953124,0.0662754068544454,0.02165705042259706,-0.029829185521597083,0.6368159203980099,
pavio>=115 & part>.85,345,295,0.007077304336294884,0.0032308040805351184,0.05436675568293761,0.03334403946712317,-0.030357168469592327,0.6440677966101694,
pavio>=115 & part<.70,1208,641,0.005492388652390377,-0.0038299442905759735,0.037079642461205466,0.0015781654981495408,-0.00832424259474078,0.6287051482059283,
pavio>=115 & vel_alta,342,251,0.011661966415465963,0.0014516824402582534,0.059214694289285774,0.03136836933776337,-0.022029879437923578,0.6374501992031872,
pavio>=115 & vel_baixa,1648,998,-0.012538512255162263,-0.010745715051156773,0.02954530152461814,-0.013137043919998532,0.003067472695751058,0.6342685370741483,
pavio>=115 & acel>2,2145,1321,0.0032104291465477434,-0.0032583950720078037,0.025696027685262357,0.0015199746757038589,-0.006310426835209656,0.6411809235427707,
pavio>=115 & acel<0.5,429,271,-0.00012384227346266434,0.03624794490028397,0.0562593492093448,0.01329984818186416,-0.0008680609041153443,0.6605166051660517,
pavio>=115 & relqtd>2,1963,1222,0.002109259797799312,-0.0035212577311845576,0.02664783462020302,0.003968116113032774,-0.011693826072962812,0.6448445171849427,
pavio>=115 & relqtd<0.5,330,199,-0.0054834278804798305,0.005936987558448108,0.06725740495170213,0.003179087542050001,-0.0027973358913222267,0.6231155778894473,
pavio>=115 & tend5>0,2144,1315,-0.002011313494843747,0.0008768801713287752,0.025746711682054276,-0.0056618771459596064,-0.0051960869794909995,0.6387832699619772,
pavio>=115 & tend5forte,1130,717,-0.017850575573124465,-0.0065223540547057765,0.035065835075378506,-0.00850890975989569,-0.01121839540562229,0.6317991631799164,
pavio>=115 & contra_tend5,293,164,0.03813646249084174,0.04539772893701792,0.071670558550083,0.0261327229161829,0.08424890092568937,0.6829268292682927,
pavio>=115 & viradas5>=3,1127,715,0.013233675749118115,0.004806056791539647,0.03491280379402353,0.006874254703343212,-0.004019675993407803,0.6461538461538462,
pavio>=115 & viradas5<=1,1376,876,-0.030594140636436208,-0.021388335474764174,0.03211117933860181,-0.023573438131237915,-0.02728411596307942,0.6141552511415526,
pavio>=115 & manha,2998,1713,0.004787428879986341,-0.0023224322274553073,0.022699286779815652,0.005740883468329124,-0.014597492095714773,0.6363105662580268,
pavio>=115 & tarde,529,434,-0.02621612843020928,-0.006863438358432775,0.044449665210504495,-0.02359622111859539,0.007741321187692656,0.6336405529953917,
pavio>=115 & cdelta_fav,2051,1285,0.004281048436688944,0.0020851754736231423,0.025972693366635886,0.0010001201513667138,-0.0024506226798209165,0.6404669260700389,
pavio>=115 & cdelta_ctr,1923,1171,-0.011584375157336593,-0.00543856611955738,0.02753384554793173,-0.004119701575750638,-0.008307013407037092,0.6327924850555081,
seq=1 & rqtd>1.5,1441,928,0.0048139809382685755,-0.019090935868124527,0.030660319885039478,-0.004898843315806851,-0.0019436589781705784,0.6282327586206896,
seq=1 & rqtd<0.6,635,353,-0.01102769639024899,0.020558422749628002,0.05031060914224409,0.003149404486231433,0.009889606841405062,0.6203966005665722,
seq=1 & rdur>1.5,1640,1006,-0.001184455773863678,-0.023973176992989478,0.02970354112822776,-0.0049999026073686325,-0.005404107143312234,0.6133200795228628,
seq=1 & rdur<0.6,900,572,-0.017674960199873878,0.0102311657100795,0.03943819604570349,-0.002220464822296388,0.012863796714853933,0.6206293706293706,
seq=1 & rtam<0.8,232,167,0.014655075789563566,-0.018574237278703866,0.07308342941641822,0.028776654872689707,-0.013733892612436271,0.6107784431137725,
seq=1 & part>.85,287,254,0.002276303070397521,-0.023123434107341023,0.059423117536406535,0.012879775086189833,-0.0524770724330513,0.6023622047244095,
seq=1 & part<.70,1220,629,0.019412160225920162,0.002827159033532024,0.03770900612935836,0.008572835678244548,0.011428305098136955,0.6168521462639109,
seq=1 & vel_alta,387,262,-0.009128953033058662,0.000831956357269561,0.05846953031387488,0.012794203953277477,0.000848245816974376,0.6145038167938931,
seq=1 & vel_baixa,1192,747,-0.0006390141835609726,-0.01984638925317214,0.034377352252632276,-0.009383939804492827,0.004396732702946833,0.6171352074966533,
seq=1 & acel>2,1650,1016,0.005203352555252741,-0.0018361182816929846,0.02944366063147322,0.0010902486263550588,-0.00633698215405709,0.6309055118110236,
seq=1 & acel<0.5,571,347,0.00894719980645175,0.027032281022417785,0.05071666224834893,0.010818235852504054,0.0017970064447648607,0.6311239193083573,
seq=1 & relqtd>2,1432,882,0.0014863808431732463,-0.0016708562999605417,0.03145205981530972,0.002792526685026833,-0.008127808966312858,0.6394557823129252,
seq=1 & relqtd<0.5,544,295,0.009473540281735877,-0.005112500333324264,0.05618634742194149,-0.0002609211708703087,-0.011959848226690111,0.5898305084745763,
seq=1 & tend5>0,1406,852,-0.004175796153899047,-0.00748296103583065,0.03221774914990228,-0.00541801440423027,-0.0044693484242302305,0.6150234741784038,
seq=1 & tend5forte,487,322,-0.01465295719509099,-0.02316254282411223,0.05299534716485217,-0.002523754462719043,-0.0034572231776854893,0.5993788819875776,
seq=1 & contra_tend5,370,220,0.03701281203910941,0.02636268438257039,0.06302850970303767,0.01798878260373285,0.05576763325608691,0.6454545454545455,
seq=1 & viradas5>=3,1341,835,0.005294064848713147,-0.0029548382384750375,0.032700160210181926,0.0012916488632431027,-0.006391998577172029,0.6215568862275449,
seq=1 & viradas5<=1,748,474,-0.01567901889861133,-0.0012532568674510445,0.04361920193744651,-0.00700516317681778,-0.012891284446866077,0.620253164556962,
seq=1 & manha,2697,1501,-0.00037546010647500615,-0.0025459749309753423,0.02441880719956762,0.0020899547588093593,-0.003914126439858945,0.620253164556962,
seq=1 & tarde,454,403,-0.008907933645966582,-0.02478369536993348,0.04675983992276358,-0.009671633129800997,-0.012759528356982042,0.6004962779156328,
seq=1 & cdelta_fav,1329,830,0.00706502572305966,0.0024873685614232753,0.032512998069315464,0.005604676111179114,-0.0007536629559517132,0.6265060240963856,
seq=1 & cdelta_ctr,2202,1335,-0.005962558944417716,-0.007242049292808688,0.025931898351579122,-0.00019531866411853142,-0.00029851844595813154,0.6149812734082397,
seq>=3 & seq>=5,1992,1263,-0.03630376659830484,-0.0028620532786371184,0.02710448794972977,-0.016667138787724717,-0.0013673933064717791,0.4885193982581156,
seq>=3 & rqtd>1.5,1076,699,-0.03001002719548876,-0.0041109307195430185,0.036508178532893204,-0.010843759098825304,-0.0037525730724605444,0.5793991416309013,
seq>=3 & rqtd<0.6,1635,1004,-0.0073962385165063016,0.004601289695233116,0.030197134641387447,-0.004740198373701405,0.003071442055800702,0.4362549800796813,
seq>=3 & rdur>1.5,1024,691,-0.03150694483214264,0.010063293411004308,0.03651212029916119,-0.018443461232410172,0.0028133258627450956,0.5890014471780028,
seq>=3 & rdur<0.6,2489,1553,-0.013705391466479545,0.0005315069111561106,0.024403793723893577,-0.0009923447871398308,0.0037058722960473787,0.4449452672247263,
seq>=3 & rtam<0.8,233,126,0.06396357249327794,0.070520300293018,0.08482551265564416,0.015427571696887656,0.017124716707035196,0.5952380952380952,
seq>=3 & part>.85,558,368,-0.008844494216764663,0.056113682879756675,0.04981550731738326,-0.005337550042417932,0.04022910282486705,0.529891304347826,
seq>=3 & part<.70,909,494,-0.034146404233740685,-0.05893066009727602,0.043567297880744926,-0.014518314089358268,-0.03188311558118118,0.451417004048583,
seq>=3 & vel_alta,1428,862,-0.02042469204952983,0.01682732100146083,0.032650870657759706,-0.007546595311631509,0.015621137397127203,0.45243619489559167,
seq>=3 & vel_baixa,830,528,-0.03793145499097546,0.02436037284844086,0.04157306858835886,-0.01565165855155276,0.014219863370312289,0.5909090909090909,
seq>=3 & acel>2,1520,975,-0.050746307775568655,-0.015282004592769335,0.030911583353974013,-0.02217336541198058,-0.005340974710521916,0.5302564102564102,
seq>=3 & acel<0.5,1459,916,-0.015095462668805286,0.002401149694590752,0.03159784156634375,-0.009785743584758467,0.01927211259493438,0.4334061135371179,
seq>=3 & relqtd>2,1452,905,-0.03430773226845619,-0.01368118205021253,0.0320829981159525,-0.009560528691124556,-0.00685463643160921,0.538121546961326,
seq>=3 & relqtd<0.5,955,597,-0.022431129209499794,-0.008148590457700727,0.03886109066404552,-0.007248680016652586,0.011618637890650116,0.4204355108877722,
seq>=3 & tend5>0,4449,2748,-0.020604222186315708,-0.00041826030989667624,0.01836757944663287,-0.006483885993453427,-0.0006031589701686155,0.4887190684133916,
seq>=3 & tend5forte,3427,2140,-0.02153839767866625,0.0005447701512503388,0.02081301252931362,-0.008469860276892576,-0.001229343656665419,0.49018691588785046,
seq>=3 & viradas5<=1,3399,2108,-0.02476904797962778,0.00591510620016664,0.02103527699135462,-0.013217296851376126,0.0015891132517217976,0.49478178368121445,
seq>=3 & manha,3309,1802,-0.013403368584447973,-0.0008520381446993641,0.022712746825659828,-0.0005403349036080434,-0.002426143738383565,0.4911209766925638,
seq>=3 & tarde,588,527,-0.04013675955790588,-0.013215793490412424,0.04165103490173531,-0.02976630568386599,-0.011824092603555983,0.47058823529411764,
seq>=3 & cdelta_fav,4248,2624,-0.017337210935579665,-0.00553187265333932,0.018768109786828385,-0.0031934542005422916,-0.00547861119366625,0.48285060975609756,
seq>=3 & cdelta_ctr,201,124,-0.08965031070933402,0.10779237508682506,0.08738749917938615,-0.07602495194512762,0.10256770098513622,0.6129032258064516,
seq>=5 & rqtd>1.5,524,345,-0.05407044631289489,0.0038021109133899197,0.05224399991980396,-0.03255969315738979,0.006622714613255376,0.5826086956521739,
seq>=5 & rqtd<0.6,677,426,-0.017180980429727273,-0.0004900838430022221,0.04652549257471021,-0.007835743589651358,0.0005578952495200032,0.431924882629108,
seq>=5 & rdur>1.5,437,312,-0.04173493593736645,0.010520022493308306,0.05453275308199404,-0.028045396345343986,0.009496958633638792,0.592948717948718,
seq>=5 & rdur<0.6,1130,705,-0.03082278710494428,-0.01324516849779132,0.03620346451823259,-0.012142338906370218,-0.012178082213593587,0.4340425531914894,
seq>=5 & part>.85,271,167,0.012662636725132593,0.04419033282533719,0.07451543120124396,0.024142592851041783,0.030218348804595497,0.5209580838323353,
seq>=5 & part<.70,404,221,-0.03619188347433969,-0.05908941006906657,0.06506803522024845,-0.02673661137936041,-0.023254671569765937,0.45248868778280543,
seq>=5 & vel_alta,636,388,-0.03954782849610653,0.009753182244370062,0.0486776083750385,-0.013087721678734163,0.0056625798916114314,0.4484536082474227,
seq>=5 & vel_baixa,343,241,-0.027195370357755645,0.02165832603717487,0.06134385136657847,-0.021732721176884576,0.02094749867060843,0.5892116182572614,
seq>=5 & acel>2,692,441,-0.05683604255161396,-0.04810316665680795,0.046289868356844496,-0.03271978158570142,-0.01281598010057358,0.5011337868480725,
seq>=5 & acel<0.5,631,399,-0.035558409485958065,0.028991551686926666,0.04784718626060932,-0.026047223739879322,0.02212989000055714,0.46115288220551376,
seq>=5 & relqtd>2,626,403,-0.040362253826481884,-0.05443920562897984,0.04837796208439796,-0.009916132335373305,-0.023832416164155077,0.5012406947890818,
seq>=5 & relqtd<0.5,438,276,-0.05550041832384729,0.018895504788035245,0.05733944872806595,-0.04059744406420147,0.0193995772311869,0.44565217391304346,
seq>=5 & tend5>0,1992,1263,-0.03630376659830484,-0.0028620532786371184,0.02710448794972977,-0.016667138787724717,-0.0013673933064717791,0.4885193982581156,
seq>=5 & tend5forte,1992,1263,-0.03630376659830484,-0.0028620532786371184,0.02710448794972977,-0.016667138787724717,-0.0013673933064717791,0.4885193982581156,
seq>=5 & viradas5<=1,1992,1263,-0.03630376659830484,-0.0028620532786371184,0.02710448794972977,-0.016667138787724717,-0.0013673933064717791,0.4885193982581156,
seq>=5 & manha,1500,828,-0.030721254519018713,-0.007507324650951777,0.033461885282458886,-0.011170853476839326,-0.0032245011579441945,0.4867149758454106,
seq>=5 & tarde,249,238,-0.029581167519416907,-0.011024742972742613,0.06241420546908729,-0.025733638261538728,-0.015211893891373505,0.47478991596638653,
seq>=5 & cdelta_fav,1992,1260,-0.03630376659830484,-0.003982541850212982,0.027138930201851454,-0.016667138787724717,-0.0021034733828203473,0.4873015873015873,
rqtd>1.5 & rdur>1.5,2460,1572,-0.008034264280964081,-0.015224993833577722,0.02393050513625441,-0.006720387115596611,-0.0028628931703556745,0.6043256997455471,
rqtd>1.5 & part<.70,1095,615,-0.00624218426038146,-0.030358955687570653,0.0385984857954786,-0.010235967353079562,-0.02595784541305791,0.5723577235772358,
rqtd>1.5 & vel_baixa,1642,997,-0.005220196459689182,-0.003471485024160535,0.029781220693289954,-0.006548833496615139,0.007173224162561066,0.6228686058174524,
rqtd>1.5 & acel>2,1906,1246,-0.01749667917917613,-0.013848941392330037,0.026816597339663708,-0.012331463507968926,-0.002077208006657266,0.6075441412520064,
rqtd>1.5 & relqtd>2,1709,1123,-0.006846309535975989,-0.015159555834528165,0.028172241748656107,-0.005684000249529499,-0.002644951296408586,0.609973285841496,
rqtd>1.5 & tend5>0,1777,1157,-0.006569443583717983,-0.007973759414889947,0.02799090261222962,-0.00265077914051705,0.0012509958427982255,0.5946413137424373,
rqtd>1.5 & tend5forte,1150,746,-0.018032486478483278,-0.019454323100917083,0.03514704232818925,-0.004111211197394736,-0.01619248105341706,0.5737265415549598,
rqtd>1.5 & viradas5>=3,641,432,0.03588626886043013,-0.0289307721039788,0.04525655062819382,0.024483033387882443,-0.007564653348147504,0.6111111111111112,
rqtd>1.5 & viradas5<=1,1332,878,-0.028950384384876206,0.011113778278717837,0.03228924076337103,-0.02822705677899548,0.0030489732410690757,0.6093394077448747,
rqtd>1.5 & manha,2155,1327,-0.0028723952152736065,-0.008082909114400877,0.02609729272272395,-0.0020779802368260693,-0.00704303110980117,0.6066314996232103,
rqtd>1.5 & tarde,387,294,-0.030057812395214694,-0.046358910334883166,0.05469312926006928,-0.016243142546119145,-0.00621621108470441,0.5816326530612245,
rqtd>1.5 & cdelta_fav,1773,1159,0.0006883677157245618,-0.013385887769015625,0.02796767453069174,0.00398515901838224,4.23103745792841e-05,0.5901639344262295,
rqtd>1.5 & cdelta_ctr,1173,748,-0.015747916094541858,-0.004166951041452181,0.03446683034198142,-0.01836733614819193,-0.003148067143182125,0.6296791443850267,
rqtd<0.6 & rdur<0.6,3028,1854,-0.011057743093910829,0.0011376825919311136,0.022231852214323052,-0.0034116600358568695,8.32858111701088e-05,0.4617044228694714,
rqtd<0.6 & rtam<0.8,523,298,0.023005869633897492,0.0029427384865852377,0.055143193435145496,0.02016748530083473,-0.025247446154863212,0.5671140939597316,
rqtd<0.6 & part>.85,848,531,-0.0087210698302475,-0.006030100928160652,0.041173438115797024,0.008397307806548815,-0.014479531799333712,0.4952919020715631,
rqtd<0.6 & part<.70,416,172,0.042125903745316565,0.014405728587187307,0.07353597816266778,0.016831067921918894,0.004238232248838399,0.4883720930232558,
rqtd<0.6 & vel_alta,1924,1097,-0.018397568075574945,-0.0011673661998166036,0.02882781552115384,-0.0037822792072453237,0.012169146454342427,0.45396536007292615,
rqtd<0.6 & acel>2,288,145,-0.019306128612439355,0.03783092702108806,0.07949861304276358,0.005412027698652485,-0.006363975326148143,0.5793103448275863,
rqtd<0.6 & acel<0.5,2013,1237,-0.015527002355414722,-0.004556654924464936,0.02728366324818728,-0.011703248056200285,0.005494785034388516,0.43249797898140663,
rqtd<0.6 & relqtd>2,344,185,-0.006439203368062399,0.0830791247309618,0.06817193046109281,0.03722952066456934,0.0020483510921690947,0.6486486486486487,
rqtd<0.6 & relqtd<0.5,1605,956,-0.017851317191666768,-0.011921413288882073,0.030981545291639944,-0.012526877257309164,-0.0061782746839466295,0.42573221757322177,
rqtd<0.6 & tend5>0,2474,1509,-0.009843573795260165,-0.005782277656949889,0.02467947536108585,-0.008459079203923872,-0.0041987982666298355,0.4459907223326706,
rqtd<0.6 & tend5forte,1520,947,-0.011505265062030968,-0.001956909059171214,0.031175210057790052,-0.009052623217997989,0.002317458879535909,0.44139387539598735,
rqtd<0.6 & viradas5>=3,562,354,-0.030866007245371842,-0.028327524701251106,0.050300017786340995,-0.03334094324890024,-0.01919194496386326,0.4858757062146893,
rqtd<0.6 & viradas5<=1,1629,1005,-0.009886657641331868,0.008816792529921118,0.030290343102473832,-0.0023399345751513715,0.0012340430326172873,0.45174129353233833,
rqtd<0.6 & manha,2492,1270,-0.007885145329616452,-0.0011182028563309603,0.026887642532029035,-0.005647152961665838,0.0003725556021892715,0.47086614173228347,
rqtd<0.6 & tarde,452,439,-0.04937041346082474,-0.021832520318328302,0.04527338706461362,-0.023804655223000053,-0.04273191154233464,0.4328018223234624,
rqtd<0.6 & cdelta_fav,2328,1446,-0.010210681397034578,-0.00971632595314943,0.025112495819648424,-0.0036309554883204214,-0.007572915300638309,0.4412171507607192,
rqtd<0.6 & cdelta_ctr,934,518,-0.015466026099233546,0.02848218966408072,0.042366961724940456,-0.004119873734146873,0.020027332070627315,0.528957528957529,
rdur>1.5 & part<.70,1340,671,-0.0022191190573206815,-0.019695085829638703,0.036966632391633475,-0.0013584362699052548,-0.020148647481478314,0.5722801788375559,
rdur>1.5 & vel_baixa,1996,1208,-0.007553298930539515,0.0003830839541271599,0.02714409525833475,-0.004233370376817407,0.011570924877549977,0.6134105960264901,
rdur>1.5 & acel>2,1910,1196,-0.013313748623425626,-0.0025407541999902857,0.027394961572631663,-0.010468833708667849,0.0025644302399711284,0.6137123745819398,
rdur>1.5 & acel<0.5,222,144,0.02592895948281035,-0.0024803052009178144,0.07913636045610441,-0.022569071174852625,-0.05763991350241869,0.5694444444444444,
rdur>1.5 & relqtd>2,1629,1027,-0.004010285686534397,-0.011631563824019185,0.02948893536144867,-0.005136198280928045,-0.001640251401604482,0.611489776046738,
rdur>1.5 & relqtd<0.5,224,131,0.00835530360371813,-0.02178489184569792,0.08448681831428924,-0.010364374669633731,-0.05609169404984323,0.5419847328244275,
rdur>1.5 & tend5>0,2015,1276,-0.01268216511292741,0.005760967203402398,0.026549138728591465,-0.0148089266801789,0.0004366561371344952,0.6018808777429467,
rdur>1.5 & tend5forte,1137,758,-0.024080929447749377,-0.005792335062513143,0.03461961335462504,-0.011522181931949111,-0.01103892612110368,0.5857519788918206,
rdur>1.5 & viradas5>=3,831,526,0.0130105808147193,-0.007706017033540576,0.04104443902223576,0.0019938766685398623,-0.0018894183981495451,0.6178707224334601,
rdur>1.5 & viradas5<=1,1292,843,-0.03711072111180716,-0.0009607738685961508,0.03308164282098031,-0.030113773396582114,-0.003805736505814819,0.5907473309608541,
rdur>1.5 & manha,2201,1276,-0.00886200897008869,-0.0030764478113734475,0.02669796447875566,-0.012464738139919631,-0.015110282617570515,0.6057993730407524,
rdur>1.5 & tarde,528,421,-0.016523974364107203,-0.021817536006560577,0.04608273028403361,0.010824777493922733,0.008692642096123922,0.5843230403800475,
rdur>1.5 & cdelta_fav,1978,1264,-0.007555222127093859,-0.0022804131532080624,0.026664997787312725,-0.009767018567292807,0.001422846824569592,0.5949367088607594,
rdur>1.5 & cdelta_ctr,1302,788,-0.01488941461109674,-0.011903003748490048,0.03409716697016851,-0.008647803887608347,-0.012586074850715792,0.6078680203045685,
rdur<0.6 & rtam<0.8,541,321,0.02618345605487029,0.008886662045076538,0.053046905247580864,0.02592848866324098,-0.00758228572081959,0.5794392523364486,
rdur<0.6 & part>.85,910,580,-0.00029536288498435004,0.009671519634756926,0.03948546875428746,0.017981904447123893,-0.006015121385939202,0.5137931034482759,
rdur<0.6 & part<.70,607,349,0.010691257937107563,-0.014709436294430583,0.051969544422707986,0.014022012559384343,-0.00034505351442063343,0.4899713467048711,
rdur<0.6 & vel_alta,2262,1320,-0.016371005261132818,0.002328614161585309,0.026368378398607603,-0.0025479227236994634,0.01138756315714864,0.4590909090909091,
rdur<0.6 & acel>2,751,509,-0.022229073452736937,-0.008062390845213537,0.04236394806067732,-0.0032482251275847136,0.0025841373191579347,0.5363457760314342,
rdur<0.6 & acel<0.5,2346,1468,-0.011583757653731862,2.4631789245530626e-05,0.024974563123196392,-0.007823324297461104,0.008849864394634237,0.44141689373297005,
rdur<0.6 & relqtd>2,808,503,-0.017470794460987014,0.0217655554665894,0.04243282148449484,0.015047677649314046,0.00660772600151522,0.5785288270377733,
rdur<0.6 & relqtd<0.5,1753,1084,-0.009345340047328841,-0.0029772124629250524,0.029058187025921202,-0.009484764276415,-0.0007773476293791189,0.43634686346863466,
rdur<0.6 & tend5>0,3437,2157,-0.016055165146428064,-0.0023473507622476667,0.020659710692618544,-0.006093667203575644,0.0013789930290985363,0.4585071859063514,
rdur<0.6 & tend5forte,2307,1454,-0.016731741335496656,-0.008193327833471147,0.02527236839457365,-0.006780152129906622,0.0004106032770792411,0.44635488308115545,
rdur<0.6 & viradas5>=3,677,429,-0.022666310068138188,-0.014020223629058819,0.04558461302002153,-0.02067378331192301,-0.01050217221364515,0.5104895104895105,
rdur<0.6 & viradas5<=1,2435,1547,-0.016172909960722164,0.0036461709755199146,0.02451769509087199,-0.002859790969618197,-0.0015568315515303711,0.464770523594053,
rdur<0.6 & manha,3650,2028,-0.009022637872073377,-0.0032984669397354126,0.02128520772195882,-0.00021655293963348876,-0.0005389558632145767,0.48520710059171596,
rdur<0.6 & tarde,471,486,-0.04349046494531357,-0.018474063869299142,0.042929196700494714,-0.012301290457853676,-0.022798385863591283,0.4382716049382716,
rdur<0.6 & cdelta_fav,3274,2079,-0.014180047864129965,-0.0035219587623503824,0.02097258082221608,-0.001148877112226303,-0.00158834998438668,0.45646945646945647,
rdur<0.6 & cdelta_ctr,1221,761,-0.008568464909726407,0.012520299818924765,0.03491318279157015,0.0018412516640073603,0.014454205154275914,0.5427069645203679,
rtam<0.8 & part>.85,440,309,0.043172521537743834,0.01958227252511098,0.05377180682421644,0.033227806978902256,-0.00396363920963873,0.598705501618123,
rtam<0.8 & vel_alta,419,263,0.03215403913268394,0.004018474500888774,0.05889964182868605,0.02940475233990139,0.006176284713825023,0.5665399239543726,
rtam<0.8 & relqtd>2,217,158,0.04766747536749595,0.0803023991950885,0.07269374387076602,0.06516236106537733,0.011865689822498235,0.689873417721519,
rtam<0.8 & tend5>0,384,242,0.05515030301512558,0.023229560783741023,0.06105656174328134,0.016475560999359446,-0.008003332450844322,0.5785123966942148,
rtam<0.8 & tend5forte,220,140,0.09214016566114702,0.02509163289952069,0.08079080251806861,0.03870168593902646,0.003348161020724455,0.5714285714285714,
rtam<0.8 & viradas5<=1,263,144,0.02214579011478451,0.022057264433406158,0.0810815270492405,0.026418757700988484,0.0053146416822195735,0.5694444444444444,
rtam<0.8 & manha,536,285,0.026789816718422933,-0.004341284540358198,0.056189127541167366,0.02509111438801982,-0.00570185348475685,0.5754385964912281,
rtam<0.8 & cdelta_fav,350,215,0.059677302766708656,0.018435338981072753,0.06417130686804151,0.02241609944474098,-0.005788102481244571,0.5720930232558139,
rtam<0.8 & cdelta_ctr,233,156,-0.007433933322862533,-0.016984487959962602,0.07815690871478537,0.02675259820269087,-0.010812984642116902,0.5833333333333334,
part>.85 & vel_alta,820,587,-0.000629288271258759,-0.005717473106669008,0.03948767649792722,0.012832126877716761,-0.0004238984901616153,0.504258943781942,
part>.85 & acel<0.5,445,322,-0.0398180843056066,-0.04124218964467576,0.05312393284884371,-0.0064922619704870866,-0.019899100087579544,0.40372670807453415,
part>.85 & relqtd>2,294,234,0.012224583409645884,0.05948027509034226,0.06143248339157249,0.04073395898112142,-0.01927567087791867,0.6581196581196581,
part>.85 & relqtd<0.5,325,233,-0.05053834640462174,-0.06658694342483533,0.06112709664893507,0.0019303502930845002,-0.035195861930471965,0.37339055793991416,
part>.85 & tend5>0,782,573,-0.01075334313560792,0.016700402167301925,0.039884485130203574,-0.008209303352944706,0.005917701110999371,0.5218150087260035,
part>.85 & tend5forte,539,384,-0.020655018706459312,0.018292305131616848,0.04889916459924718,-0.0036150862150482964,0.020151001817921052,0.5052083333333334,
part>.85 & viradas5<=1,550,349,-0.02181448709819443,0.03916869614381496,0.05190981697412686,0.004372269330578801,0.030920876190255363,0.5329512893982808,
part>.85 & manha,844,558,0.01907397003523183,0.009374760185364915,0.04024912948285345,0.024446740434579284,-0.008001032632392716,0.543010752688172,
part>.85 & cdelta_fav,753,545,-0.0060147178778858406,0.017765542509365267,0.04049393013309998,0.0008856470699508689,0.01058350994858054,0.5211009174311927,
part>.85 & cdelta_ctr,298,233,-0.01692153586444979,-0.02149901973054451,0.06372419379032299,0.0216310974074967,-0.04190892180770197,0.5579399141630901,
part<.70 & vel_baixa,999,507,0.00817753369306954,-0.01816145644469665,0.042383337367730645,0.0131365294333773,-0.012787227279208951,0.5759368836291914,
part<.70 & acel>2,1256,698,-0.0386988440189651,-0.01326110835572607,0.036058662750956226,-0.024433337236937306,-0.015715098859402962,0.5659025787965616,
part<.70 & acel<0.5,493,248,0.0499627139990985,0.011585395643687203,0.060604416431764285,0.018281089321191348,0.0013648409557348404,0.5201612903225806,
part<.70 & relqtd>2,983,529,-0.01997562257727777,-0.021709578619650557,0.04117650656667627,-0.015877075931887658,-0.0238811241517682,0.5689981096408318,
part<.70 & relqtd<0.5,479,213,0.033308308338564026,-0.02346876491044182,0.06638484824432551,0.007408434764477583,-0.016909528418178582,0.4835680751173709,
part<.70 & tend5>0,1723,873,-0.009101189866574905,-0.033318849044651426,0.0325826229330665,-0.00475396140627927,-0.018214159571299366,0.5063001145475372,
part<.70 & tend5forte,949,499,-0.020618026838107047,-0.04914373573704088,0.04344475374417429,-0.0033096088288042556,-0.05282277563469856,0.4849699398797595,
part<.70 & viradas5>=3,637,292,0.016370267013347956,-0.03865079419300996,0.055683961695584726,2.36951529024629e-05,-0.008152734023620501,0.5582191780821918,
part<.70 & viradas5<=1,1126,656,-0.00985673283998519,-0.022473663812977385,0.03772863098622302,-0.012496945541083614,0.0009673042733439837,0.5045731707317073,
part<.70 & manha,1991,1009,-0.001522630108050896,-0.009038742772247225,0.030220409478686025,-0.007723496368799591,-0.0019474614520688634,0.5500495540138751,
part<.70 & tarde,310,190,0.014726916318497004,-0.03522633097853261,0.0685961715327157,0.030610163610757708,-0.02038786789916268,0.5157894736842106,
part<.70 & cdelta_fav,1650,853,-0.01061616158881283,-0.039488989384589494,0.03294201517518982,-0.0012038156846592453,-0.025958357201362123,0.5029308323563892,
part<.70 & cdelta_ctr,1063,557,0.014217265933518894,0.02357211183334061,0.040291023940000795,0.0033365310283626055,0.029110459381419908,0.5978456014362658,
vel_alta & acel<0.5,1466,848,-0.03151653107700672,-0.02211383705792757,0.03286934367637851,-0.01621180530267209,0.0013032610859601342,0.4044811320754717,
vel_alta & relqtd>2,350,236,0.013878733063021145,0.05885534524735323,0.06182169627058579,0.05359199404371294,0.018117204266320425,0.6186440677966102,
vel_alta & relqtd<0.5,1070,610,-0.029990403357781307,-0.03176505325133218,0.0383169462612679,-0.01817154917058183,-0.0036656285410641485,0.3901639344262295,
vel_alta & tend5>0,1916,1160,-0.01592004106975134,0.004654645554318143,0.028062028723870865,-0.009682291001120055,0.012335881477165996,0.45517241379310347,
vel_alta & tend5forte,1317,799,-0.026189894657692718,0.010249096999130076,0.033968376189125966,-0.017109039623425235,0.017134761984106874,0.4555694618272841,
vel_alta & viradas5>=3,328,213,0.005031044115009547,-0.05212067864729523,0.06367316184641138,-0.014450182922627482,-0.008232639421993704,0.4694835680751174,
vel_alta & viradas5<=1,1356,830,-0.0306539717128743,0.02570982423931707,0.033552868000071796,-0.015057667625031352,0.014746237704369329,0.4759036144578313,
vel_alta & manha,2239,1254,-0.009130283333753465,0.0014913577042045367,0.027110532528692936,-0.000945822597917322,0.0010451766346336513,0.4728867623604466,
vel_alta & cdelta_fav,1794,1111,-0.014409058399334347,0.0021300582449033036,0.028567540247571833,-0.003152346703448763,0.009050610350526603,0.45184518451845185,
vel_alta & cdelta_ctr,639,360,-0.02303863818370244,-0.0010888618053196137,0.05153323547537758,0.0001912834400143291,0.005406670646721697,0.5194444444444445,
vel_baixa & acel>2,1436,887,-0.01608767016945533,0.004195030385620816,0.03158137528074981,-0.015447153400345488,-0.0008884956648589897,0.62119503945885,
vel_baixa & acel<0.5,250,152,-0.008299927500382772,-0.009441189179829968,0.07833923314858693,0.0035931091690931433,0.0009541115372044975,0.5328947368421053,
vel_baixa & relqtd>2,1222,749,-0.004665368953633273,-0.005425447650262638,0.03410447004160403,-0.008756071338085388,-0.003750933504515244,0.6194926568758344,
vel_baixa & relqtd<0.5,236,138,-0.018001617686008747,-0.047852523520199614,0.08360241311027962,0.019083316353658293,-0.023090517206991207,0.4927536231884058,
vel_baixa & tend5>0,1561,975,-0.017692708580712216,0.013656877104531263,0.030247020244596284,-0.01572118722157946,0.010588136459563253,0.601025641025641,
vel_baixa & tend5forte,886,577,-0.038344429603816683,0.018665580987521267,0.03923192693896232,-0.01799022312729875,0.014925706233907671,0.5996533795493935,
vel_baixa & viradas5>=3,618,376,0.019195896735566337,-0.007795348122374881,0.04879719293644442,0.0006984586260464667,0.004104804121409071,0.6170212765957447,
vel_baixa & viradas5<=1,1043,637,-0.027862739354707684,-0.011059743307914406,0.038078176264023926,-0.025109033127811545,-0.007791575317370137,0.5714285714285714,
vel_baixa & manha,956,510,-0.0029666737607349537,0.007080348704091279,0.041719960127775596,-0.005495184712605058,0.00011870560522218457,0.6352941176470588,
vel_baixa & tarde,926,666,-0.015317302190889615,-0.01565116178374099,0.03696812875040437,-0.006890907762634482,-0.010515719415899892,0.5645645645645646,
vel_baixa & cdelta_fav,1574,981,-0.017399954798217005,-0.00017340305434928157,0.030202918744692702,-0.012350692392546325,0.007316150057257077,0.5881753312945973,
vel_baixa & cdelta_ctr,946,566,0.011891126004108367,-0.0013047060436461686,0.040067644811942395,0.002359552652144146,0.0005886945463411609,0.6148409893992933,
acel>2 & relqtd>2,2795,1725,-0.014086190766061144,-0.014915555459875924,0.02285520351177458,-0.003788501038155269,-0.013681582735891715,0.5837681159420289,
acel>2 & tend5>0,2203,1363,-0.029184185338942976,-0.006466477751213027,0.025807615044731416,-0.014207327892034776,-0.004348533126507507,0.5627292736610419,
acel>2 & tend5forte,1377,882,-0.04197975159602269,-0.023473938393533445,0.03238186551293444,-0.01138448163951,-0.018532703308880752,0.5317460317460317,
acel>2 & contra_tend5,218,136,0.020895457566160958,0.014835939258886946,0.08120008312769934,-0.0016797925160923753,0.038222009418968576,0.6397058823529411,
acel>2 & viradas5>=3,646,406,0.016415108283362963,-0.012571012328855241,0.04682763481911704,0.006620189808845232,-0.02550664727980252,0.6157635467980296,
acel>2 & viradas5<=1,1703,1086,-0.04327814936951981,-0.011840843929497285,0.02925812175610055,-0.023943613314899397,-0.002983054090120084,0.5561694290976059,
acel>2 & manha,2596,1481,-0.014706297301373216,-0.006368041662444958,0.024759974104830267,-0.0046235381143388266,-0.005564263401608067,0.5854152599594868,
acel>2 & tarde,489,413,-0.03688411244971699,-0.017145415193417158,0.04664059093679864,-0.021166203972487346,-0.0259679962904761,0.5738498789346247,
acel>2 & cdelta_fav,2108,1328,-0.025121301677342084,-0.010219982662443824,0.026129873400957265,-0.008465822153206102,-0.00963704425194309,0.5594879518072289,
acel>2 & cdelta_ctr,1396,868,-0.011548709664846366,0.0028839529232355505,0.032244199173590074,-0.007355868355887111,-0.0012862420581299032,0.6232718894009217,
acel<0.5 & relqtd<0.5,2299,1402,-0.0028597736171738176,-0.00803963773854185,0.02555983859592951,-0.0009895024346339742,-0.009912235586097091,0.4529243937232525,
acel<0.5 & tend5>0,2373,1462,-0.011145381951897137,-0.007722979267123712,0.02510329259578059,-0.012638768419923476,0.0013669519262198644,0.44459644322845415,
acel<0.5 & tend5forte,1496,937,-0.021186297861863147,0.00047276525143876585,0.03138029523252759,-0.02010646163754019,0.0192268953582887,0.44610458911419426,
acel<0.5 & viradas5>=3,603,366,-0.015667981378764854,-0.02114686948641326,0.050015345737350086,-0.026331353848771468,-0.02210508743217872,0.4918032786885246,
acel<0.5 & viradas5<=1,1511,947,-0.004834587829925983,0.013574977886241657,0.031160652064438292,0.00118041631388601,0.007593040048937739,0.4582893347412883,
acel<0.5 & manha,2303,1264,-0.0012950682156509697,0.003059625440753479,0.026956131051163533,-0.012341141341820482,-0.00012346169456484358,0.47151898734177217,
acel<0.5 & tarde,452,405,-0.05569562658462881,-0.038949291581086044,0.04692616585167814,-0.006355910337239477,-0.033245664291063334,0.4222222222222222,
acel<0.5 & cdelta_fav,2283,1434,-0.013703358666025315,-0.01112705572018353,0.025264664127087645,-0.006585060380971785,-0.0053813113990861415,0.4407252440725244,
acel<0.5 & cdelta_ctr,869,522,0.004115761148228472,0.03840077616277711,0.04183964458338983,-0.004521376989408471,0.028233465420944636,0.5402298850574713,
relqtd>2 & tend5>0,2020,1208,-0.018991010583539802,-0.004780694969645999,0.027343393947794968,-0.004093031835781396,-0.003637022710087464,0.5695364238410596,
relqtd>2 & tend5forte,1265,783,-0.025695990306456435,-0.020460541866697813,0.03433938652097271,-0.003539461248222923,-0.020785782285149466,0.5389527458492975,
relqtd>2 & contra_tend5,200,118,0.03964459072623423,0.0048352689096148056,0.08731049913377947,0.020134755858436434,0.021996380299017133,0.635593220338983,
relqtd>2 & viradas5>=3,571,349,0.015111909099153012,-0.002931430281372041,0.049895228267567426,0.010367660182885525,-0.017601767804811746,0.6361031518624641,
relqtd>2 & viradas5<=1,1513,967,-0.03477174615182967,-0.018666340611799108,0.031037543665810092,-0.015739936337109347,-0.013003649328344961,0.5563598759048604,
relqtd>2 & manha,2352,1321,-0.006578893992506436,-0.002243260863532195,0.026248954815096252,0.007672698004858256,-0.013004823365036893,0.5942467827403483,
relqtd>2 & tarde,407,350,-0.038847949139382,-0.026575100460266746,0.049921610867286595,-0.04131067612646004,-0.012794470437044337,0.5771428571428572,
relqtd>2 & cdelta_fav,1920,1175,-0.011051187651403217,-0.009039101643855076,0.027682513068645116,0.0029368384705965797,-0.009926162948404055,0.5668085106382978,
relqtd>2 & cdelta_ctr,1192,746,-0.015106021279042078,-0.0004642543261052567,0.03470709541508261,-0.005650493535388477,-0.006919249991860657,0.628686327077748,
relqtd<0.5 & tend5>0,1775,1053,-0.015087869108479807,-0.019570132068660304,0.029574437335198517,-0.010721517311361766,-0.006478035873851399,0.4358974358974359,
relqtd<0.5 & tend5forte,1071,660,-0.023455197825761217,-0.018213938456067627,0.03735729203063179,-0.01778236434771658,0.0006215274428374948,0.4318181818181818,
relqtd<0.5 & viradas5>=3,514,293,-0.011651027893568448,-0.011205584476254719,0.05659974418602024,-0.022669521674329927,-0.016612005761731937,0.49829351535836175,
relqtd<0.5 & viradas5<=1,1133,696,-0.007285294186828729,-0.0011668739240008738,0.03622692509889202,0.003210493880668104,0.0010659547737887258,0.4410919540229885,
relqtd<0.5 & manha,1769,944,0.0027083172104260893,-0.007169262529213569,0.031189099844466647,-0.011380432951794873,-0.005415177768053354,0.4629237288135593,
relqtd<0.5 & tarde,391,328,-0.06405081762959454,-0.0634671986118705,0.052329725949998546,-0.0024097443710137654,-0.0655898596423327,0.39634146341463417,
relqtd<0.5 & cdelta_fav,1719,1047,-0.016705427420663364,-0.022056153330535365,0.029544157841029078,-0.0037518929870928386,-0.012128860823513764,0.4326647564469914,
relqtd<0.5 & cdelta_ctr,771,441,0.015390305456726776,0.022895345571469806,0.04592247831902382,-0.004301128009013706,0.00805573921600183,0.5147392290249433,
tend5>0 & tend5forte,4385,2739,-0.020034503671818537,-0.004504073134028874,0.018374595811806872,-0.0075454174308093175,-0.0025931535930783056,0.5001825483753195,
tend5>0 & viradas5>=3,1345,818,0.002368368259905923,-0.013790545052569209,0.033097678436389284,-0.007826938234526213,-0.013137260991892954,0.5452322738386308,
tend5>0 & viradas5<=1,3399,2108,-0.02476904797962778,0.00591510620016664,0.02103527699135462,-0.013217296851376126,0.0015891132517217976,0.49478178368121445,
tend5>0 & manha,5286,2860,-0.008143867858572223,-0.0034792173612426254,0.017920017200297893,-0.0049874781531738235,-0.0064504140654575316,0.5153846153846153,
tend5>0 & tarde,903,838,-0.048408143071193045,-0.015177110093381558,0.03292643282830637,-0.03173490901869855,-0.013592884243093075,0.49403341288782815,
tend5>0 & cdelta_fav,6473,3974,-0.012897034800986095,-0.005673174240370625,0.015185365730283408,-0.005078481187794092,-0.007886209309916535,0.5070457976849522,
tend5>0 & cdelta_ctr,552,325,-0.03656711187630641,0.044795154414855494,0.053385271203868816,-0.04925567904409315,0.05274884983385824,0.5907692307692308,
tend5forte & viradas5>=3,429,279,0.0012979084992815462,-0.03191552263050101,0.05748254698918758,0.013239273447216345,-0.03237689544034695,0.5053763440860215,
tend5forte & viradas5<=1,2686,1683,-0.02617720277360774,0.012044629910651803,0.023557881711713857,-0.013993179375806129,0.003290574356005298,0.5014854426619133,
tend5forte & manha,3303,1807,-0.009076294766839388,-0.008509642029610371,0.022654352572913976,-0.0014021689783780932,-0.009553054374428242,0.5008301051466519,
tend5forte & tarde,541,526,-0.07373154895017753,-0.019534049675520134,0.041739340714541745,-0.03777603629878702,-0.014801220399497399,0.47718631178707227,
tend5forte & cdelta_fav,4369,2722,-0.020223564879218215,-0.004167261395730473,0.018410893531155683,-0.007559731045880514,-0.0027012244738513335,0.5,
contra_tend5 & manha,283,154,0.039534105863017324,0.042951633461719305,0.07492837485901437,0.020016446906646158,0.06987161205688369,0.6623376623376623,
contra_tend5 & cdelta_ctr,366,218,0.033325721512997064,0.023228017883251798,0.06345716610450516,0.014834429059379192,0.05337797469172358,0.6422018348623854,
viradas5>=3 & manha,1517,862,0.00599937124218909,-0.021259507527775844,0.03235940129067293,-0.011520448954358336,-0.025956125445533832,0.5614849187935035,
viradas5>=3 & tarde,263,227,-0.043737892311812326,0.016732062631950945,0.061970374068954795,-0.020210579150663852,0.019630210747581183,0.5903083700440529,
viradas5>=3 & cdelta_fav,1239,769,0.0021528168378129706,-0.012116543485450628,0.034146780983064,-0.002839831483795508,-0.0180497922381906,0.5487646293888166,
viradas5>=3 & cdelta_ctr,755,455,-0.007871490712059295,-0.011293351900738186,0.044504550638995964,-0.011559551548628236,0.0042594321529393665,0.6021978021978022,
viradas5<=1 & manha,3583,2009,-0.017898689856754826,0.012964430110986452,0.021526520173862147,-0.008293190261413487,0.0051549362385098964,0.5266301642608263,
viradas5<=1 & tarde,649,558,-0.027105059029250752,-0.035525139082610846,0.04053958506117076,-0.01196500514910356,-0.03188483917683077,0.46953405017921146,
viradas5<=1 & cdelta_fav,3375,2110,-0.023534126439480513,5.859529856443304e-05,0.020991787792172215,-0.009007026078392204,-0.0005066869405795808,0.4890995260663507,
viradas5<=1 & cdelta_ctr,1450,905,-0.015771835316916113,0.011242681300771032,0.03198700381757152,-0.01169658569418789,-0.0016475744642970263,0.5723756906077349,
manha & cdelta_fav,5008,2751,-0.0025863869288823256,-0.003586871184009479,0.018219880254296272,0.0008112981333446061,-0.008150359397014207,0.5154489276626681,
manha & cdelta_ctr,2619,1429,-0.01715281011997056,0.004580209627709506,0.025390897492284882,-0.01184524133323037,0.0005454265250940304,0.5836249125262422,
tarde & cdelta_fav,920,835,-0.05408001721216334,-0.024420319393984855,0.032951783950929917,-0.025393252812518873,-0.01723798571197749,0.48502994011976047,
tarde & cdelta_ctr,421,358,0.029612197204753346,-0.0049775925765076475,0.0500235210666046,0.015868517964137355,-0.0190428328559466,0.5726256983240223,
