i,saiu,s,ent,res,pnl,dia,barras,gatilho,tam,fams
172,193,1,174905.0,alvo,225.0,2026-06-30,21,168,1.6176470588235294,['medias']
272,273,-1,173830.0,stop,-150.0,2026-07-01,1,271,3.5426008968609866,['vwap']
275,276,1,174105.0,stop,-150.0,2026-07-01,1,273,2.8727272727272726,['vwap']
279,280,1,173645.0,stop,-150.0,2026-07-01,1,278,1.9602649006622517,"['pivos', 'diant']"
310,313,1,173240.0,zero,0.0,2026-07-01,3,307,1.9146482122260668,['medias']
388,390,1,172550.0,stop,-150.0,2026-07-01,2,383,2.217659137577002,['medias']
445,448,1,172900.0,stop,-150.0,2026-07-01,3,443,1.6491228070175439,"['medias', 'vwap']"
487,493,1,173900.0,alvo,225.0,2026-07-01,6,483,1.5172413793103448,[]
721,723,-1,174240.0,stop,-150.0,2026-07-01,2,718,2.549800796812749,['pivos']
818,819,-1,174870.0,stop,-150.0,2026-07-02,1,817,1.6341030195381883,[]
820,821,1,175180.0,alvo,225.0,2026-07-02,1,818,4.0358744394618835,"['medias', 'vwap', 'diant']"
861,868,-1,176305.0,alvo,225.0,2026-07-02,7,856,1.644359464627151,['pivos']
965,970,1,175645.0,alvo,225.0,2026-07-02,5,962,1.7112299465240641,"['medias', 'vwap', 'pivos']"
1024,1033,1,176015.0,zero,0.0,2026-07-02,9,1020,1.6556291390728477,[]
1073,1082,-1,175205.0,alvo,225.0,2026-07-02,9,1068,1.543859649122807,[]
1100,1105,-1,174805.0,stop,-150.0,2026-07-02,5,1098,1.5607985480943738,['medias']
1259,1269,1,174880.0,alvo,225.0,2026-07-02,10,1256,1.6252821670428894,[]
1273,1286,1,175320.0,stop,-150.0,2026-07-02,13,1271,1.6981132075471699,[]
1294,1296,-1,175670.0,stop,-150.0,2026-07-03,2,1289,1.88911704312115,['vwap']
1297,1301,1,175960.0,alvo,225.0,2026-07-03,4,1293,2.057142857142857,['vwap']
1423,1431,-1,175785.0,zero,0.0,2026-07-03,8,1421,1.5353535353535352,[]
1489,1505,1,176010.0,alvo,225.0,2026-07-03,16,1485,1.5694164989939638,['medias']
1620,1645,-1,176920.0,alvo,225.0,2026-07-03,25,1615,1.5718157181571815,"['medias', 'diant']"
1655,1660,-1,176575.0,stop,-150.0,2026-07-03,5,1651,1.834862385321101,['medias']
1669,1673,-1,176505.0,alvo,225.0,2026-07-06,4,1668,2.8508771929824563,"['medias', 'vwap']"
1971,1985,1,174185.0,stop,-150.0,2026-07-06,14,1966,1.6252821670428894,['medias']
2048,2056,1,174445.0,alvo,225.0,2026-07-06,8,2043,1.942257217847769,['medias']
2130,2146,1,174695.0,zero,0.0,2026-07-06,16,2127,1.6981132075471699,"['medias', 'pivos']"
2149,2150,-1,174275.0,stop,-150.0,2026-07-07,1,2148,2.2278481012658227,['vwap']
2158,2159,-1,174890.0,stop,-150.0,2026-07-07,1,2155,1.5579710144927537,['pivos']
2396,2399,1,174755.0,alvo,225.0,2026-07-07,3,2392,1.5250544662309369,[]
2450,2464,1,173820.0,alvo,225.0,2026-07-07,14,2445,1.5132924335378324,[]
2475,2489,-1,174315.0,alvo,225.0,2026-07-07,14,2472,1.5720524017467248,[]
2620,2662,-1,174070.0,alvo,225.0,2026-07-07,42,2616,1.6786570743405276,['medias']
2668,2670,-1,172215.0,zero,0.0,2026-07-08,2,2665,3.1279620853080567,['vwap']
2672,2676,1,172775.0,alvo,225.0,2026-07-08,4,2667,3.0885122410546137,['vwap']
2763,2765,1,173785.0,stop,-150.0,2026-07-08,2,2758,1.5270935960591132,['medias']
2834,2836,1,172970.0,alvo,225.0,2026-07-08,2,2832,1.5217391304347827,"['medias', 'pivos']"
2848,2849,1,173440.0,stop,-150.0,2026-07-08,1,2846,1.5336463223787167,['vwap']
2874,2885,-1,172980.0,alvo,225.0,2026-07-08,11,2872,1.786833855799373,"['medias', 'vwap']"
3019,3022,1,172325.0,alvo,225.0,2026-07-08,3,3016,1.5113350125944585,[]
3136,3138,-1,173020.0,alvo,225.0,2026-07-09,2,3135,2.706766917293233,['vwap']
3142,3143,1,173005.0,stop,-150.0,2026-07-09,1,3137,2.32967032967033,"['medias', 'pivos']"
3241,3258,1,173445.0,alvo,225.0,2026-07-09,17,3238,1.507760532150776,"['medias', 'vwap']"
3309,3311,1,173230.0,stop,-150.0,2026-07-09,2,3305,1.5114235500878734,['medias']
3347,3351,1,173900.0,stop,-150.0,2026-07-09,4,3345,1.670061099796334,"['pivos', 'diant']"
3471,3475,-1,174425.0,stop,-150.0,2026-07-09,4,3468,1.518987341772152,['medias']
3564,3565,-1,176175.0,stop,-150.0,2026-07-10,1,3562,1.7153284671532847,[]
3566,3567,1,176440.0,stop,-150.0,2026-07-10,1,3564,1.8657937806873977,['vwap']
3677,3678,-1,178955.0,alvo,225.0,2026-07-10,1,3676,2.111801242236025,[]
3684,3685,1,178905.0,stop,-150.0,2026-07-10,1,3680,1.6502463054187193,[]
3719,3728,-1,177955.0,alvo,225.0,2026-07-10,9,3717,1.5309446254071661,['medias']
3740,3748,-1,177995.0,stop,-150.0,2026-07-10,8,3738,1.8238021638330757,[]
3809,3810,1,178685.0,stop,-150.0,2026-07-10,1,3805,1.6074766355140186,['medias']
3848,3854,1,178295.0,alvo,225.0,2026-07-10,6,3844,1.693121693121693,[]
3980,3994,1,179735.0,zero,0.0,2026-07-10,14,3977,1.597938144329897,[]
4051,4052,1,180095.0,stop,-150.0,2026-07-13,1,4050,2.113323124042879,['medias']
4057,4058,-1,179865.0,stop,-150.0,2026-07-13,1,4052,1.5317919075144508,['medias']
4217,4224,-1,179690.0,alvo,225.0,2026-07-13,7,4214,1.6104868913857677,"['medias', 'vwap']"
4250,4263,1,179375.0,zero,0.0,2026-07-13,13,4246,1.6696914700544465,['medias']
4468,4478,-1,177735.0,alvo,225.0,2026-07-13,10,4464,1.5426997245179064,['medias']
4519,4520,-1,178000.0,stop,-150.0,2026-07-14,1,4518,2.1645021645021645,"['vwap', 'pivos']"
4521,4523,-1,177890.0,stop,-150.0,2026-07-14,2,4520,1.9101123595505618,['vwap']
4525,4526,-1,177940.0,stop,-150.0,2026-07-14,1,4523,1.722488038277512,"['vwap', 'pivos']"
4577,4578,1,177630.0,alvo,225.0,2026-07-14,1,4576,1.5901060070671378,['medias']
4580,4581,-1,177980.0,stop,-150.0,2026-07-14,1,4579,2.2523744911804613,['pivos']
4704,4708,1,178425.0,stop,-150.0,2026-07-14,4,4700,1.520912547528517,['medias']
4970,4984,-1,178500.0,alvo,225.0,2026-07-14,14,4968,1.6260162601626016,[]
4987,4988,1,177905.0,stop,-150.0,2026-07-15,1,4986,2.038216560509554,['vwap']
4990,4991,1,177905.0,stop,-150.0,2026-07-15,1,4988,1.828793774319066,['vwap']
5044,5046,-1,178075.0,alvo,225.0,2026-07-15,2,5043,1.5885947046843176,['pivos']
5048,5056,1,178065.0,alvo,225.0,2026-07-15,8,5045,1.9083969465648856,['medias']
5270,5282,-1,177745.0,alvo,225.0,2026-07-15,12,5267,1.5384615384615385,"['medias', 'vwap']"
5427,5428,-1,177985.0,stop,-150.0,2026-07-16,1,5424,1.680129240710824,[]
5530,5534,1,177095.0,stop,-150.0,2026-07-16,4,5525,1.724941724941725,"['pivos', 'diant']"
5554,5577,-1,176820.0,alvo,225.0,2026-07-16,23,5550,1.6091954022988506,"['medias', 'diant']"
5629,5634,-1,175550.0,stop,-150.0,2026-07-16,5,5627,1.6666666666666667,['medias']
5713,5718,-1,176440.0,stop,-150.0,2026-07-16,5,5711,1.6149068322981366,['medias']
5827,5862,1,175390.0,zero,0.0,2026-07-16,35,5822,1.7411764705882353,[]
5883,5889,1,175305.0,stop,-150.0,2026-07-16,6,5880,1.8428184281842819,[]
5895,5898,1,174905.0,alvo,225.0,2026-07-17,3,5894,1.6135881104033971,['vwap']
5903,5906,-1,175310.0,stop,-150.0,2026-07-17,3,5902,1.550387596899225,['medias']
5907,5909,-1,175240.0,stop,-150.0,2026-07-17,2,5906,1.6294349540078843,['medias']
5911,5912,1,175560.0,stop,-150.0,2026-07-17,1,5907,1.5822002472187886,['medias']
5990,5992,1,175310.0,stop,-150.0,2026-07-17,2,5988,1.5246636771300448,"['medias', 'vwap']"
6039,6044,1,175075.0,alvo,225.0,2026-07-17,5,6034,1.8108651911468814,[]
6047,6049,-1,175125.0,stop,-150.0,2026-07-17,2,6043,1.504950495049505,"['medias', 'vwap']"
6070,6071,-1,175125.0,stop,-150.0,2026-07-17,1,6066,1.5492957746478873,"['medias', 'vwap']"
6212,6219,-1,175780.0,alvo,225.0,2026-07-17,7,6208,1.5789473684210527,['medias']
6261,6267,-1,175215.0,alvo,225.0,2026-07-17,6,6257,1.5816326530612246,['medias']
6312,6324,-1,175180.0,alvo,225.0,2026-07-17,12,6310,1.5957446808510638,[]
6326,6327,1,175085.0,stop,-150.0,2026-07-17,1,6323,1.70316301703163,['medias']
6331,6332,1,175255.0,stop,-150.0,2026-07-20,1,6329,2.0757825370675453,"['medias', 'vwap', 'pivos']"
6336,6339,1,175305.0,zero,0.0,2026-07-20,3,6332,1.7679558011049723,"['medias', 'vwap', 'pivos']"
6644,6649,1,175255.0,stop,-150.0,2026-07-20,5,6642,1.8133333333333332,['pivos']
6692,6726,-1,175180.0,alvo,225.0,2026-07-20,34,6690,1.5337423312883436,"['medias', 'vwap', 'pivos']"
6747,6748,1,175040.0,stop,-150.0,2026-07-21,1,6745,1.5778251599147122,['medias']
6749,6758,-1,174870.0,alvo,225.0,2026-07-21,9,6747,1.5294117647058822,"['medias', 'vwap', 'pivos']"
6825,6830,1,174840.0,stop,-150.0,2026-07-21,5,6820,1.5466666666666666,"['medias', 'vwap']"
7093,7098,1,174515.0,stop,-150.0,2026-07-21,5,7091,1.5723270440251573,['vwap']
7164,7165,-1,174615.0,fim,-75.0,2026-07-21,1,7161,1.5032679738562091,['medias']
7169,7171,-1,174740.0,stop,-150.0,2026-07-22,2,7168,1.8344519015659955,[]
7250,7256,1,175365.0,stop,-150.0,2026-07-22,6,7248,1.6517857142857142,"['medias', 'vwap', 'diant']"
7259,7270,1,175415.0,alvo,225.0,2026-07-22,11,7255,1.5163934426229508,"['medias', 'vwap', 'diant']"
7372,7376,-1,177650.0,stop,-150.0,2026-07-22,4,7370,1.939799331103679,[]
7414,7421,-1,177720.0,alvo,225.0,2026-07-22,7,7412,1.5625,['medias']
7510,7512,-1,177270.0,stop,-150.0,2026-07-22,2,7505,1.5492957746478873,[]
7649,7664,1,179025.0,zero,0.0,2026-07-22,15,7645,1.6621983914209115,[]
7668,7669,-1,177820.0,stop,-150.0,2026-07-23,1,7666,2.640845070422535,['vwap']
7673,7678,1,178105.0,alvo,225.0,2026-07-23,5,7668,1.8153364632237872,['vwap']
7688,7689,-1,178270.0,stop,-150.0,2026-07-23,1,7686,1.7082785808147174,['medias']
7805,7810,1,178230.0,alvo,225.0,2026-07-23,5,7804,1.5384615384615385,['vwap']
7924,7939,-1,178485.0,zero,0.0,2026-07-23,15,7922,1.5071283095723014,['medias']
8018,8022,1,177695.0,stop,-150.0,2026-07-23,4,8013,1.7567567567567568,[]
8080,8101,-1,177785.0,stop,-150.0,2026-07-23,21,8078,1.8266978922716628,['medias']
8107,8108,1,177490.0,stop,-150.0,2026-07-24,1,8104,1.9883040935672514,"['pivos', 'diant']"
8110,8112,-1,177100.0,alvo,225.0,2026-07-24,2,8106,2.2338568935427574,"['pivos', 'diant']"
8498,8502,-1,175865.0,zero,0.0,2026-07-27,4,8496,1.9532908704883227,[]
8504,8520,-1,175670.0,zero,0.0,2026-07-27,16,8500,1.949579831932773,"['vwap', 'pivos']"
8535,8542,-1,175555.0,stop,-150.0,2026-07-27,7,8532,1.6883116883116882,"['medias', 'vwap']"
8564,8573,-1,175490.0,alvo,225.0,2026-07-27,9,8561,1.5550755939524838,['medias']
8770,8787,1,175955.0,zero,0.0,2026-07-27,17,8767,1.6,['medias']
8827,8833,-1,175820.0,stop,-150.0,2026-07-27,6,8823,1.8006430868167203,['medias']
8868,8882,1,176630.0,fim,140.0,2026-07-27,14,8863,1.6271186440677967,[]
8890,8892,-1,177645.0,alvo,225.0,2026-07-28,2,8886,1.791044776119403,[]
8956,8970,-1,179315.0,alvo,225.0,2026-07-28,14,8954,1.5,[]
9067,9068,1,178140.0,stop,-150.0,2026-07-28,1,9064,1.7120622568093384,['pivos']
9083,9091,-1,178085.0,alvo,225.0,2026-07-28,8,9080,1.8015267175572518,['medias']
9123,9128,1,178000.0,alvo,225.0,2026-07-28,5,9121,1.5180265654648957,['medias']
9187,9192,-1,177935.0,alvo,225.0,2026-07-28,5,9186,1.6666666666666667,"['medias', 'pivos']"
9342,9343,1,178120.0,alvo,225.0,2026-07-29,1,9341,3.1619047619047618,"['medias', 'vwap', 'pivos']"
9345,9348,-1,178195.0,zero,0.0,2026-07-29,3,9343,2.1251819505094613,[]
9349,9351,-1,177895.0,alvo,225.0,2026-07-29,2,9347,1.8691588785046729,"['medias', 'vwap', 'pivos']"
9484,9486,-1,176820.0,stop,-150.0,2026-07-29,2,9481,1.670061099796334,"['medias', 'diant']"
9487,9492,1,177090.0,stop,-150.0,2026-07-29,5,9483,1.5810276679841897,"['medias', 'diant']"
9681,9682,-1,175275.0,stop,-150.0,2026-07-29,1,9679,3.813387423935091,"['medias', 'pivos']"
9836,9837,1,175000.0,alvo,225.0,2026-07-30,1,9835,3.421516754850088,"['medias', 'vwap']"
9839,9840,1,175440.0,stop,-150.0,2026-07-30,1,9837,1.548731642189586,[]
9887,9903,-1,175450.0,alvo,225.0,2026-07-30,16,9885,1.9502868068833652,['pivos']
10004,10005,-1,175275.0,stop,-150.0,2026-07-30,1,10002,1.5495495495495495,"['medias', 'vwap']"
10157,10162,1,176850.0,stop,-150.0,2026-07-30,5,10154,1.569767441860465,['medias']
10203,10208,-1,177615.0,stop,-150.0,2026-07-30,5,10198,1.6568047337278107,[]
10212,10216,-1,177770.0,stop,-150.0,2026-07-30,4,10209,1.5258855585831064,[]
10245,10247,1,177475.0,alvo,225.0,2026-07-31,2,10243,3.612662942271881,['vwap']
10337,10348,-1,178920.0,alvo,225.0,2026-07-31,11,10333,1.5492957746478873,['pivos']
10402,10404,1,179105.0,stop,-150.0,2026-07-31,2,10397,1.6990291262135921,"['medias', 'pivos']"
10582,10584,-1,179495.0,alvo,225.0,2026-08-03,2,10581,1.6790123456790123,[]
10590,10594,-1,179235.0,stop,-150.0,2026-08-03,4,10588,1.5879828326180256,['medias']
10628,10629,1,178530.0,stop,-150.0,2026-08-03,1,10623,1.76,['pivos']
10757,10770,1,177930.0,zero,0.0,2026-08-03,13,10754,1.8850574712643677,['medias']
10829,10862,1,178180.0,alvo,225.0,2026-08-03,33,10827,1.5105740181268883,['medias']
10865,10869,-1,178455.0,stop,-150.0,2026-08-03,4,10863,1.6314199395770392,[]
10904,10908,1,178760.0,stop,-150.0,2026-08-03,4,10899,1.5508021390374331,['medias']
10912,10918,1,179230.0,alvo,225.0,2026-08-04,6,10909,3.8113948919449903,['vwap']
10971,10981,-1,180440.0,zero,0.0,2026-08-04,10,10968,1.5178571428571428,[]
11016,11024,-1,180885.0,alvo,225.0,2026-08-04,8,11011,2.0588235294117645,['pivos']
11028,11031,1,180860.0,alvo,225.0,2026-08-04,3,11023,1.510204081632653,['medias']
11034,11038,-1,181410.0,alvo,225.0,2026-08-04,4,11032,2.3400936037441498,[]
11378,11392,-1,178325.0,fim,-35.0,2026-08-04,14,11374,1.5718157181571815,['medias']
11394,11398,1,178995.0,alvo,225.0,2026-08-05,4,11393,3.0289532293986636,['vwap']
11404,11405,-1,179155.0,stop,-150.0,2026-08-05,1,11400,1.6943521594684385,[]
11619,11627,1,179815.0,alvo,225.0,2026-08-05,8,11616,1.6544117647058822,['medias']
11650,11653,1,180265.0,stop,-150.0,2026-08-05,3,11646,1.6017316017316017,['medias']
11861,11865,1,177950.0,stop,-150.0,2026-08-06,4,11860,2.443609022556391,[]
11866,11870,-1,177620.0,zero,0.0,2026-08-06,4,11861,2.5466893039049237,[]
11871,11874,-1,177450.0,stop,-150.0,2026-08-06,3,11869,1.5252152521525215,[]
11924,11933,1,176815.0,alvo,225.0,2026-08-06,9,11922,1.5694164989939638,[]
11940,11942,1,176895.0,stop,-150.0,2026-08-06,2,11936,1.90990990990991,['medias']
12342,12343,1,176455.0,alvo,225.0,2026-08-07,1,12341,2.18978102189781,['vwap']
12345,12348,-1,176520.0,alvo,225.0,2026-08-07,3,12344,1.8996415770609318,['pivos']
12392,12393,-1,175420.0,stop,-150.0,2026-08-07,1,12391,2.907662082514735,"['medias', 'diant']"
12395,12399,1,175830.0,alvo,225.0,2026-08-07,4,12394,1.9346049046321525,"['medias', 'diant']"
12450,12452,1,176310.0,stop,-150.0,2026-08-07,2,12448,1.5031315240083507,['medias']
12497,12499,1,175600.0,stop,-150.0,2026-08-07,2,12495,1.5448851774530272,['diant']
12744,12754,-1,172720.0,alvo,225.0,2026-08-07,10,12741,1.518987341772152,['medias']
12813,12816,-1,173475.0,alvo,225.0,2026-08-10,3,12811,1.5327102803738317,[]
13142,13144,1,172385.0,stop,-150.0,2026-08-10,2,13139,1.736842105263158,"['medias', 'diant']"
13230,13239,-1,172625.0,alvo,225.0,2026-08-10,9,13228,1.7438692098092643,[]
13263,13265,1,171830.0,stop,-150.0,2026-08-11,2,13260,1.6352201257861636,['diant']
13327,13334,-1,171965.0,stop,-150.0,2026-08-11,7,13325,1.5803814713896458,"['medias', 'vwap']"
13336,13357,1,172145.0,zero,0.0,2026-08-11,21,13334,1.8271604938271604,"['medias', 'vwap']"
13372,13375,1,171945.0,stop,-150.0,2026-08-11,3,13368,1.5850815850815851,[]
13376,13386,-1,171725.0,alvo,225.0,2026-08-11,10,13371,1.7289719626168225,[]
13398,13408,1,171665.0,alvo,225.0,2026-08-11,10,13393,1.8604651162790697,['medias']
13478,13496,-1,170665.0,alvo,225.0,2026-08-11,18,13475,1.597938144329897,[]
13564,13575,-1,168905.0,zero,0.0,2026-08-11,11,13559,1.650943396226415,[]
13579,13587,-1,169005.0,alvo,225.0,2026-08-11,8,13577,1.5813953488372092,['medias']
13620,13624,1,168110.0,stop,-150.0,2026-08-11,4,13618,1.5176151761517616,[]
13653,13663,-1,167670.0,stop,-150.0,2026-08-11,10,13651,1.5977961432506886,[]
13702,13714,-1,167835.0,zero,0.0,2026-08-11,12,13699,1.588089330024814,['medias']
13741,13742,-1,171275.0,stop,-150.0,2026-08-12,1,13738,1.7318435754189945,['pivos']
13745,13752,-1,171645.0,alvo,225.0,2026-08-12,7,13743,1.8669527896995708,['vwap']
13824,13829,1,171890.0,zero,0.0,2026-08-12,5,13819,1.516245487364621,['medias']
13901,13905,-1,171550.0,alvo,225.0,2026-08-12,4,13899,1.6508795669824086,[]
14243,14245,-1,169660.0,stop,-150.0,2026-08-13,2,14240,1.8687872763419484,"['medias', 'vwap', 'pivos']"
14282,14294,1,170310.0,alvo,225.0,2026-08-13,12,14279,1.5625,['diant']
14328,14331,1,171135.0,stop,-150.0,2026-08-13,3,14327,1.6135881104033971,['pivos']
14337,14339,-1,170975.0,stop,-150.0,2026-08-13,2,14335,1.593625498007968,['medias']
14567,14571,1,170530.0,stop,-150.0,2026-08-13,4,14562,1.6284987277353689,"['medias', 'vwap']"
14738,14740,1,169585.0,stop,-150.0,2026-08-14,2,14736,1.6037735849056605,"['medias', 'pivos']"
14742,14747,-1,169325.0,stop,-150.0,2026-08-14,5,14738,2.156448202959831,"['medias', 'pivos', 'diant']"
14775,14782,-1,169630.0,stop,-150.0,2026-08-14,7,14773,1.6417910447761195,"['medias', 'vwap']"
14815,14819,-1,168915.0,stop,-150.0,2026-08-14,4,14814,1.5904572564612327,[]
14824,14831,-1,168980.0,zero,0.0,2026-08-14,7,14819,1.851179673321234,['medias']
14917,14921,1,168800.0,stop,-150.0,2026-08-14,4,14913,1.5853658536585367,['medias']
14970,14974,-1,168485.0,stop,-150.0,2026-08-14,4,14967,1.5560640732265447,['medias']
15006,15016,-1,168090.0,stop,-150.0,2026-08-14,10,15004,1.6624685138539044,['pivos']
15056,15060,1,168890.0,alvo,225.0,2026-08-14,4,15054,1.5,['medias']
15112,15116,1,170095.0,zero,0.0,2026-08-14,4,15110,1.9012797074954295,['medias']
15122,15126,-1,170575.0,zero,0.0,2026-08-17,4,15119,1.7302052785923754,['vwap']
15166,15186,-1,169550.0,zero,0.0,2026-08-17,20,15164,1.5058823529411764,[]
15268,15270,-1,170690.0,alvo,225.0,2026-08-17,2,15266,1.5384615384615385,['medias']
15274,15280,-1,170325.0,alvo,225.0,2026-08-17,6,15271,1.6083916083916083,['medias']
15517,15520,-1,169745.0,stop,-150.0,2026-08-17,3,15512,1.5384615384615385,['medias']
15579,15580,1,168975.0,stop,-150.0,2026-08-18,1,15577,2.8183361629881154,[]
15696,15697,1,170240.0,stop,-150.0,2026-08-18,1,15692,1.6414686825053997,"['medias', 'pivos']"
15711,15716,1,170125.0,alvo,225.0,2026-08-18,5,15710,1.507760532150776,['medias']
15927,15941,1,169955.0,stop,-150.0,2026-08-18,14,15926,1.5294117647058822,['medias']
15983,15986,1,169420.0,stop,-150.0,2026-08-18,3,15979,1.7128463476070528,['diant']
16004,16014,-1,169325.0,zero,0.0,2026-08-18,10,16002,1.5384615384615385,"['medias', 'diant']"
16024,16025,-1,168750.0,stop,-150.0,2026-08-19,1,16023,2.8189910979228485,['vwap']
16029,16030,1,169195.0,stop,-150.0,2026-08-19,1,16025,2.4907521578298395,['vwap']
16097,16101,1,170640.0,alvo,225.0,2026-08-19,4,16092,1.5662650602409638,['medias']
16122,16123,-1,171535.0,stop,-150.0,2026-08-19,1,16117,1.6586921850079746,[]
16125,16128,-1,171480.0,stop,-150.0,2026-08-19,3,16123,1.8710493046776233,['diant']
16132,16133,-1,171350.0,stop,-150.0,2026-08-19,1,16128,1.6570771001150748,"['medias', 'diant']"
16226,16227,1,172350.0,stop,-150.0,2026-08-19,1,16221,1.694915254237288,['medias']
16345,16355,-1,172395.0,alvo,225.0,2026-08-19,10,16340,2.085661080074488,['medias']
16432,16439,-1,170845.0,stop,-150.0,2026-08-19,7,16429,1.5053763440860215,['medias']
16461,16469,1,170835.0,alvo,225.0,2026-08-19,8,16458,1.6783216783216783,[]
16485,16507,1,170670.0,alvo,225.0,2026-08-19,22,16482,1.902552204176334,[]
16527,16528,1,170100.0,stop,-150.0,2026-08-20,1,16526,2.7009646302250805,[]
16761,16771,1,171020.0,zero,0.0,2026-08-20,10,16756,1.687170474516696,['medias']
16851,16868,-1,172345.0,alvo,225.0,2026-08-20,17,16846,1.6728624535315986,[]
17014,17025,-1,170745.0,stop,-150.0,2026-08-20,11,17010,1.5013404825737264,['vwap']
17047,17048,1,171910.0,stop,-150.0,2026-08-21,1,17045,2.8758169934640523,['vwap']
17089,17091,-1,171045.0,stop,-150.0,2026-08-21,2,17087,1.5151515151515151,[]
17100,17109,1,171440.0,alvo,225.0,2026-08-21,9,17095,1.6016427104722792,['medias']
17140,17142,-1,171815.0,stop,-150.0,2026-08-21,2,17135,1.5757575757575757,[]
17144,17145,-1,171775.0,stop,-150.0,2026-08-21,1,17142,1.5234375,['medias']
17173,17186,-1,171645.0,zero,0.0,2026-08-21,13,17169,1.9744058500914077,['medias']
17243,17245,1,173250.0,stop,-150.0,2026-08-21,2,17242,1.507823613086771,[]
17463,17477,1,174230.0,zero,0.0,2026-08-21,14,17458,1.6432865731462927,['medias']
17538,17541,1,173195.0,zero,0.0,2026-08-24,3,17536,1.914580265095729,['vwap']
17543,17545,-1,173020.0,zero,0.0,2026-08-24,2,17541,1.9770114942528736,"['vwap', 'pivos']"
17660,17679,1,172405.0,zero,0.0,2026-08-24,19,17658,1.5213358070500929,['medias']
17698,17702,1,172630.0,alvo,225.0,2026-08-24,4,17695,1.643835616438356,"['medias', 'vwap']"
17707,17711,1,173130.0,zero,0.0,2026-08-24,4,17705,1.8722139673105498,[]
17737,17739,-1,173620.0,alvo,225.0,2026-08-24,2,17733,1.5879017013232515,[]
17748,17751,1,173440.0,alvo,225.0,2026-08-24,3,17745,1.7252396166134185,"['medias', 'pivos']"
17788,17793,1,174935.0,zero,0.0,2026-08-24,5,17786,1.5765069551777435,[]
17923,17925,-1,175540.0,stop,-150.0,2026-08-24,2,17919,1.5116279069767442,"['medias', 'pivos']"
17944,17950,-1,175405.0,alvo,225.0,2026-08-24,6,17941,1.52,['medias']
18074,18076,-1,174985.0,alvo,225.0,2026-08-25,2,18071,2.5785123966942147,['vwap']
18132,18138,-1,174670.0,alvo,225.0,2026-08-25,6,18130,1.5925058548009368,"['medias', 'vwap']"
18177,18184,1,174455.0,alvo,225.0,2026-08-25,7,18176,1.7706237424547284,"['medias', 'pivos']"
18391,18400,1,174875.0,alvo,225.0,2026-08-25,9,18387,1.5267175572519085,[]
18626,18627,1,178025.0,alvo,225.0,2026-08-26,1,18625,3.109404990403071,"['vwap', 'diant']"
18723,18732,-1,177630.0,alvo,225.0,2026-08-26,9,18721,1.5594541910331383,"['medias', 'diant']"
19127,19129,1,177685.0,zero,0.0,2026-08-27,2,19126,2.6859504132231407,"['medias', 'vwap']"
19130,19133,1,177645.0,stop,-150.0,2026-08-27,3,19129,1.8042813455657492,"['medias', 'vwap']"
19297,19302,1,176945.0,alvo,225.0,2026-08-27,5,19295,1.625,"['medias', 'vwap', 'pivos', 'diant']"
19397,19404,1,176735.0,alvo,225.0,2026-08-27,7,19392,1.5304347826086957,['medias']
19418,19422,1,177495.0,stop,-150.0,2026-08-27,4,19416,1.5355805243445693,[]
19502,19514,1,177885.0,alvo,225.0,2026-08-27,12,19498,1.712962962962963,[]
19519,19529,-1,178035.0,zero,0.0,2026-08-27,10,19514,1.5151515151515151,[]
19538,19548,-1,177910.0,zero,0.0,2026-08-27,10,19536,1.7647058823529411,"['medias', 'pivos']"
19609,19610,1,177830.0,stop,-150.0,2026-08-27,1,19606,1.7471264367816093,[]
19622,19623,1,177705.0,alvo,225.0,2026-08-28,1,19621,2.414486921529175,['vwap']
19833,19834,1,177795.0,alvo,225.0,2026-08-28,1,19832,1.9127988748241913,[]
19861,19865,-1,177495.0,alvo,225.0,2026-08-28,4,19859,1.6615384615384616,['medias']
