data;dia;setup;lado;ent;res;pnl;pnl_usd;barras
2026-05-04 08:22:45;2026-05-04;C;venda;4611,11;alvo;8,75;875,0;2
2026-05-04 14:39:30;2026-05-04;B;compra;4553,05;alvo;8,75;875,0;10
2026-05-04 16:05:03;2026-05-04;L;venda;4566,13;stop;-7,0;-700,0;2
2026-05-05 01:10:00;2026-05-05;C;venda;4522,45;zero;0,0;0,0;35
2026-05-05 04:02:54;2026-05-05;B;venda;4532,43;stop;-7,0;-700,0;4
2026-05-05 14:39:16;2026-05-05;L;compra;4556,58;alvo;8,75;875,0;18
2026-05-05 16:09:51;2026-05-05;L;compra;4576,31;zero;0,0;0,0;54
2026-05-05 22:50:37;2026-05-05;L;compra;4556,46;fim;1,1400000000003274;114,00000000003274;21
2026-05-06 04:00:09;2026-05-06;B;venda;4621,61;alvo;8,75;875,0;7
2026-05-06 15:15:41;2026-05-06;L;venda;4672,98;alvo;8,75;875,0;4
2026-05-06 16:00:10;2026-05-06;L;compra;4680,61;alvo;8,75;875,0;2
2026-05-06 18:20:38;2026-05-06;A;venda;4702,35;alvo;8,75;875,0;14
2026-05-06 19:59:08;2026-05-06;A;venda;4683,77;stop;-7,0;-700,0;65
2026-05-07 02:30:24;2026-05-07;L;venda;4693,3;stop;-7,0;-700,0;9
2026-05-07 04:15:56;2026-05-07;B;venda;4712,12;zero;0,0;0,0;24
2026-05-07 12:59:16;2026-05-07;L;venda;4728,74;stop;-7,0;-700,0;10
2026-05-07 16:10:39;2026-05-07;C;compra;4737,62;alvo;8,75;875,0;15
2026-05-07 16:46:28;2026-05-07;L;venda;4747,56;zero;0,0;0,0;32
2026-05-07 20:12:55;2026-05-07;B;compra;4712,59;stop;-7,0;-700,0;7
2026-05-07 21:37:55;2026-05-07;L;compra;4710,83;stop;-7,0;-700,0;6
2026-05-07 21:46:05;2026-05-07;L;venda;4706,66;alvo;8,75;875,0;5
2026-05-08 03:06:30;2026-05-08;B;venda;4705,32;alvo;8,75;875,0;8
2026-05-08 11:37:31;2026-05-08;B;venda;4723,08;alvo;8,75;875,0;27
2026-05-08 12:39:37;2026-05-08;L;venda;4713,26;stop;-7,0;-700,0;19
2026-05-08 13:28:20;2026-05-08;L;compra;4721,27;stop;-7,0;-700,0;43
2026-05-08 16:35:22;2026-05-08;B;venda;4742,8;alvo;8,75;875,0;32
2026-05-08 17:31:35;2026-05-08;L;venda;4720,3;alvo;8,75;875,0;37
2026-05-08 18:30:44;2026-05-08;L;compra;4708,42;alvo;8,75;875,0;42
2026-05-08 21:01:38;2026-05-08;B;venda;4724,49;fim;8,144999999999982;814,4999999999982;74
2026-05-11 01:01:47;2026-05-11;B;compra;4697,32;stop;-7,0;-700,0;1
2026-05-11 04:00:20;2026-05-11;B;compra;4677,75;alvo;8,75;875,0;5
2026-05-11 07:22:17;2026-05-11;B;compra;4671,53;zero;0,0;0,0;35
2026-05-11 08:50:30;2026-05-11;B;compra;4659,63;stop;-7,0;-700,0;2
2026-05-11 10:54:10;2026-05-11;L;venda;4669,89;stop;-7,0;-700,0;15
2026-05-11 17:33:00;2026-05-11;L;venda;4720,36;stop;-7,0;-700,0;5
2026-05-11 19:43:39;2026-05-11;L;venda;4712,67;stop;-7,0;-700,0;15
2026-05-11 23:00:38;2026-05-11;B;venda;4735,82;fim;1,019999999999527;101,9999999999527;16
2026-05-12 06:45:00;2026-05-12;L;compra;4724,0;stop;-7,0;-700,0;27
2026-05-12 09:44:06;2026-05-12;A;venda;4702,4;alvo;8,75;875,0;15
2026-05-12 17:35:41;2026-05-12;L;compra;4680,7;zero;0,0;0,0;14
2026-05-12 22:33:15;2026-05-12;B;venda;4707,68;stop;-7,0;-700,0;17
2026-05-13 01:03:15;2026-05-13;B;venda;4716,57;stop;-7,0;-700,0;30
2026-05-13 04:01:24;2026-05-13;C;compra;4712,1;stop;-7,0;-700,0;12
2026-05-13 07:42:16;2026-05-13;L;compra;4698,31;alvo;8,75;875,0;44
2026-05-13 11:48:24;2026-05-13;A;venda;4697,78;alvo;8,75;875,0;18
2026-05-13 13:10:38;2026-05-13;L;compra;4705,3;stop;-7,0;-700,0;14
2026-05-13 15:17:22;2026-05-13;L;venda;4691,7;alvo;8,75;875,0;11
2026-05-13 17:37:02;2026-05-13;L;compra;4687,14;stop;-7,0;-700,0;8
2026-05-13 20:30:10;2026-05-13;L;compra;4697,5;stop;-7,0;-700,0;4
2026-05-14 01:03:14;2026-05-14;C;venda;4693,56;stop;-7,0;-700,0;14
2026-05-14 02:45:09;2026-05-14;A;compra;4695,29;alvo;8,75;875,0;34
2026-05-14 04:08:54;2026-05-14;C;compra;4686,96;alvo;8,75;875,0;57
2026-05-14 09:10:10;2026-05-14;L;venda;4691,88;stop;-7,0;-700,0;19
2026-05-14 12:10:36;2026-05-14;L;compra;4694,31;alvo;8,75;875,0;33
2026-05-14 14:59:29;2026-05-14;A;compra;4696,55;alvo;8,75;875,0;15
2026-05-14 16:00:43;2026-05-14;A;compra;4702,82;stop;-7,0;-700,0;15
2026-05-14 17:57:57;2026-05-14;L;compra;4685,26;stop;-7,0;-700,0;3
2026-05-15 02:16:33;2026-05-15;L;venda;4659,11;alvo;8,75;875,0;9
2026-05-15 04:01:19;2026-05-15;L;compra;4622,15;zero;0,0;0,0;7
2026-05-15 06:57:20;2026-05-15;A;venda;4614,45;stop;-7,0;-700,0;7
2026-05-15 08:03:39;2026-05-15;B;compra;4600,03;stop;-7,0;-700,0;5
2026-05-15 09:02:05;2026-05-15;A;venda;4562,77;stop;-7,0;-700,0;6
2026-05-15 10:49:47;2026-05-15;A;compra;4575,07;stop;-7,0;-700,0;8
2026-05-15 11:09:00;2026-05-15;B;compra;4562,94;stop;-7,0;-700,0;7
2026-05-15 11:45:13;2026-05-15;A;venda;4563,35;alvo;8,75;875,0;9
2026-05-15 19:25:41;2026-05-15;L;compra;4537,95;alvo;8,75;875,0;26
2026-05-15 20:29:23;2026-05-15;A;compra;4557,61;stop;-7,0;-700,0;65
2026-05-15 22:18:44;2026-05-15;L;venda;4551,33;alvo;8,75;875,0;29
2026-05-18 03:35:21;2026-05-18;L;venda;4497,24;alvo;8,75;875,0;6
2026-05-18 17:35:30;2026-05-18;B;compra;4546,16;stop;-7,0;-700,0;6
2026-05-18 18:45:45;2026-05-18;L;compra;4538,74;alvo;8,75;875,0;23
2026-05-18 22:02:33;2026-05-18;L;compra;4549,32;alvo;8,75;875,0;1
2026-05-18 23:57:32;2026-05-18;B;venda;4566,62;fim;0,3099999999994907;30,99999999994907;1
2026-05-19 04:07:46;2026-05-19;L;venda;4568,43;alvo;8,75;875,0;8
2026-05-19 12:30:35;2026-05-19;A;venda;4543,29;alvo;8,75;875,0;38
2026-05-19 19:27:08;2026-05-19;L;compra;4507,59;stop;-7,0;-700,0;53
2026-05-19 23:03:34;2026-05-19;B;compra;4481,86;fim;0,0500000000001819;5,00000000001819;18
2026-05-20 03:17:01;2026-05-20;L;compra;4484,83;alvo;8,75;875,0;7
2026-05-20 09:25:40;2026-05-20;L;venda;4472,54;alvo;8,75;875,0;8
2026-05-20 16:01:31;2026-05-20;A;compra;4495,2;alvo;8,75;875,0;12
2026-05-20 18:17:27;2026-05-20;L;compra;4546,06;stop;-7,0;-700,0;2
2026-05-20 19:33:01;2026-05-20;L;compra;4526,47;alvo;8,75;875,0;30
2026-05-21 01:11:25;2026-05-21;L;venda;4542,47;zero;0,0;0,0;41
2026-05-21 08:31:00;2026-05-21;L;venda;4524,46;stop;-7,0;-700,0;20
2026-05-21 09:23:11;2026-05-21;L;compra;4535,48;stop;-7,0;-700,0;9
2026-05-21 10:07:46;2026-05-21;A;venda;4520,51;zero;0,0;0,0;37
2026-05-21 14:21:36;2026-05-21;A;venda;4520,95;alvo;8,75;875,0;9
2026-05-21 15:37:51;2026-05-21;A;venda;4514,35;alvo;8,75;875,0;17
2026-05-21 16:00:47;2026-05-21;A;venda;4505,73;stop;-7,0;-700,0;6
2026-05-21 18:07:10;2026-05-21;C;compra;4500,84;alvo;8,75;875,0;8
2026-05-21 20:12:16;2026-05-21;B;venda;4530,38;zero;0,0;0,0;6
2026-05-21 21:04:27;2026-05-21;A;compra;4547,4;stop;-7,0;-700,0;34
2026-05-22 03:00:26;2026-05-22;B;compra;4532,37;zero;0,0;0,0;37
2026-05-22 08:25:46;2026-05-22;C;venda;4529,06;alvo;8,75;875,0;18
2026-05-22 10:41:06;2026-05-22;L;venda;4519,29;stop;-7,0;-700,0;17
2026-05-22 15:13:22;2026-05-22;L;compra;4526,7;zero;0,0;0,0;19
2026-05-22 16:00:39;2026-05-22;L;compra;4525,49;zero;0,0;0,0;35
2026-05-25 01:02:49;2026-05-25;L;compra;4545,0;alvo;8,75;875,0;3
2026-05-25 03:02:05;2026-05-25;A;compra;4567,13;alvo;8,75;875,0;23
2026-05-25 07:39:10;2026-05-25;A;venda;4562,0;alvo;8,75;875,0;35
2026-05-26 02:03:47;2026-05-26;A;compra;4574,09;stop;-7,0;-700,0;10
2026-05-26 02:36:59;2026-05-26;B;compra;4557,22;stop;-7,0;-700,0;13
2026-05-26 07:17:31;2026-05-26;L;venda;4539,48;alvo;8,75;875,0;6
2026-05-26 09:25:36;2026-05-26;C;venda;4535,7;alvo;8,75;875,0;35
2026-05-26 14:25:51;2026-05-26;B;compra;4524,81;stop;-7,0;-700,0;5
2026-05-26 14:43:44;2026-05-26;L;venda;4510,43;zero;0,0;0,0;51
2026-05-26 16:52:51;2026-05-26;L;venda;4521,3;alvo;8,75;875,0;18
2026-05-26 17:33:46;2026-05-26;L;compra;4517,53;zero;0,0;0,0;26
2026-05-26 18:03:48;2026-05-26;L;venda;4510,54;alvo;8,75;875,0;60
2026-05-26 20:58:49;2026-05-26;B;compra;4491,32;stop;-7,0;-700,0;7
2026-05-27 01:13:02;2026-05-27;A;compra;4503,74;alvo;8,75;875,0;25
2026-05-27 02:46:34;2026-05-27;L;compra;4523,69;stop;-7,0;-700,0;13
2026-05-27 13:25:33;2026-05-27;B;compra;4477,97;stop;-7,0;-700,0;11
2026-05-27 16:08:18;2026-05-27;L;venda;4417,38;alvo;8,75;875,0;15
2026-05-27 16:31:13;2026-05-27;A;venda;4414,55;stop;-7,0;-700,0;3
2026-05-27 19:04:50;2026-05-27;L;venda;4437,66;stop;-7,0;-700,0;12
2026-05-27 20:29:15;2026-05-27;L;venda;4449,61;stop;-7,0;-700,0;31
2026-05-27 22:32:54;2026-05-27;L;venda;4452,08;fim;-4,350000000000364;-435,0000000000364;30
2026-05-28 05:57:23;2026-05-28;A;venda;4397,96;alvo;8,75;875,0;12
2026-05-28 07:51:23;2026-05-28;A;venda;4371,44;stop;-7,0;-700,0;20
2026-05-28 13:51:36;2026-05-28;L;venda;4383,71;stop;-7,0;-700,0;48
2026-05-28 15:06:30;2026-05-28;C;venda;4392,32;alvo;8,75;875,0;11
2026-05-28 17:00:45;2026-05-28;A;compra;4428,51;stop;-7,0;-700,0;4
2026-05-28 22:51:44;2026-05-28;B;compra;4498,19;fim;-2,6099999999996726;-260,99999999996726;22
2026-05-29 04:40:55;2026-05-29;L;venda;4507,77;alvo;8,75;875,0;38
2026-05-29 12:01:16;2026-05-29;L;compra;4513,77;alvo;8,75;875,0;5
2026-05-29 14:24:02;2026-05-29;L;venda;4533,4;alvo;8,75;875,0;36
2026-05-29 19:33:49;2026-05-29;L;venda;4569,5;alvo;8,75;875,0;32
2026-05-29 21:18:42;2026-05-29;A;venda;4557,95;alvo;8,75;875,0;39
2026-06-01 04:00:11;2026-06-01;B;compra;4535,78;stop;-7,0;-700,0;6
2026-06-01 06:18:48;2026-06-01;L;venda;4519,05;alvo;8,75;875,0;29
2026-06-01 11:08:49;2026-06-01;B;compra;4495,24;alvo;8,75;875,0;29
2026-06-01 13:31:07;2026-06-01;C;venda;4503,94;stop;-7,0;-700,0;9
2026-06-01 14:01:16;2026-06-01;A;compra;4503,35;zero;0,0;0,0;59
2026-06-01 18:01:21;2026-06-01;L;compra;4458,63;alvo;8,75;875,0;20
2026-06-01 22:01:36;2026-06-01;L;venda;4487,67;fim;4,9050000000002;490,50000000002;42
2026-06-02 01:04:39;2026-06-02;L;compra;4483,32;alvo;8,75;875,0;43
2026-06-02 10:07:50;2026-06-02;B;venda;4537,22;alvo;8,75;875,0;54
2026-06-02 12:10:50;2026-06-02;L;venda;4530,36;alvo;8,75;875,0;100
2026-06-02 16:40:36;2026-06-02;A;venda;4512,98;alvo;8,75;875,0;19
2026-06-03 01:35:16;2026-06-03;L;compra;4488,64;stop;-7,0;-700,0;10
2026-06-03 02:19:36;2026-06-03;B;compra;4471,97;stop;-7,0;-700,0;6
2026-06-03 05:44:23;2026-06-03;L;compra;4480,57;stop;-7,0;-700,0;2
2026-06-03 07:15:17;2026-06-03;B;venda;4487,15;alvo;8,75;875,0;4
2026-06-03 09:02:35;2026-06-03;A;venda;4464,02;zero;0,0;0,0;44
2026-06-03 12:37:20;2026-06-03;A;venda;4444,26;stop;-7,0;-700,0;14
2026-06-03 14:09:25;2026-06-03;A;compra;4463,41;stop;-7,0;-700,0;35
2026-06-03 21:20:32;2026-06-03;A;venda;4437,71;stop;-7,0;-700,0;17
2026-06-04 04:01:05;2026-06-04;L;venda;4450,49;stop;-7,0;-700,0;3
2026-06-04 09:33:37;2026-06-04;L;venda;4473,77;alvo;8,75;875,0;8
2026-06-04 11:31:45;2026-06-04;L;compra;4464,19;alvo;8,75;875,0;42
2026-06-04 13:27:30;2026-06-04;L;venda;4467,82;stop;-7,0;-700,0;12
2026-06-04 15:36:13;2026-06-04;B;venda;4501,84;stop;-7,0;-700,0;9
2026-06-04 16:38:40;2026-06-04;A;compra;4508,43;zero;0,0;0,0;13
2026-06-04 20:29:26;2026-06-04;C;compra;4476,53;fim;-1,1199999999998909;-111,99999999998909;70
2026-06-05 07:04:19;2026-06-05;L;compra;4441,59;zero;0,0;0,0;56
2026-06-05 16:32:12;2026-06-05;L;venda;4405,33;alvo;8,75;875,0;7
2026-06-05 20:21:09;2026-06-05;L;venda;4340,22;stop;-7,0;-700,0;17
2026-06-05 21:20:19;2026-06-05;A;venda;4327,62;alvo;8,75;875,0;21
2026-06-08 01:03:05;2026-06-08;L;venda;4323,5;alvo;8,75;875,0;3
2026-06-08 01:12:51;2026-06-08;L;venda;4319,75;stop;-7,0;-700,0;1
2026-06-08 02:47:26;2026-06-08;B;venda;4338,82;stop;-7,0;-700,0;5
2026-06-08 04:00:24;2026-06-08;A;compra;4340,16;stop;-7,0;-700,0;6
2026-06-08 08:32:12;2026-06-08;B;compra;4301,8;stop;-7,0;-700,0;2
2026-06-08 09:06:57;2026-06-08;L;compra;4302,2;zero;0,0;0,0;28
2026-06-08 11:11:09;2026-06-08;A;venda;4295,03;alvo;8,75;875,0;34
2026-06-08 12:38:07;2026-06-08;L;compra;4291,24;alvo;8,75;875,0;9
2026-06-08 15:01:04;2026-06-08;B;venda;4333,8;alvo;8,75;875,0;9
2026-06-08 17:40:34;2026-06-08;A;venda;4319,59;stop;-7,0;-700,0;5
2026-06-08 18:46:05;2026-06-08;L;compra;4337,37;zero;0,0;0,0;127
2026-06-09 03:39:06;2026-06-09;L;compra;4319,24;alvo;8,75;875,0;23
2026-06-09 08:34:00;2026-06-09;L;compra;4339,24;alvo;8,75;875,0;5
2026-06-09 15:00:01;2026-06-09;A;compra;4340,02;stop;-7,0;-700,0;42
2026-06-09 18:33:29;2026-06-09;L;venda;4268,57;stop;-7,0;-700,0;2
2026-06-09 19:10:43;2026-06-09;B;compra;4262,2;stop;-7,0;-700,0;11
2026-06-09 21:17:29;2026-06-09;L;venda;4265,32;stop;-7,0;-700,0;6
2026-06-10 01:45:28;2026-06-10;B;compra;4247,43;stop;-7,0;-700,0;2
2026-06-10 04:01:00;2026-06-10;A;venda;4214,39;alvo;8,75;875,0;2
2026-06-10 04:33:17;2026-06-10;L;compra;4197,84;zero;0,0;0,0;8
2026-06-10 08:30:51;2026-06-10;L;compra;4184,73;alvo;8,75;875,0;9
2026-06-10 15:13:32;2026-06-10;L;venda;4141,09;alvo;8,75;875,0;12
2026-06-10 18:48:56;2026-06-10;L;venda;4115,17;stop;-7,0;-700,0;1
2026-06-10 21:51:32;2026-06-10;L;venda;4100,92;alvo;8,75;875,0;16
2026-06-10 22:41:39;2026-06-10;L;compra;4088,74;stop;-7,0;-700,0;17
2026-06-10 23:04:12;2026-06-10;L;venda;4078,23;alvo;8,75;875,0;20
2026-06-11 01:04:01;2026-06-11;L;venda;4063,34;alvo;8,75;875,0;4
2026-06-11 01:21:03;2026-06-11;B;compra;4040,89;alvo;8,75;875,0;6
2026-06-11 03:02:03;2026-06-11;L;venda;4057,01;alvo;8,75;875,0;2
2026-06-11 04:01:58;2026-06-11;B;venda;4082,64;alvo;8,75;875,0;7
2026-06-11 16:02:15;2026-06-11;C;venda;4083,35;alvo;8,75;875,0;12
2026-06-11 20:02:18;2026-06-11;B;compra;4077,22;alvo;8,75;875,0;22
2026-06-12 01:25:00;2026-06-12;A;compra;4206,51;alvo;8,75;875,0;8
2026-06-12 05:02:04;2026-06-12;A;venda;4188,63;stop;-7,0;-700,0;6
2026-06-12 08:08:29;2026-06-12;B;compra;4186,17;stop;-7,0;-700,0;13
2026-06-12 10:48:06;2026-06-12;L;compra;4177,69;alvo;8,75;875,0;5
2026-06-12 20:07:40;2026-06-12;B;venda;4224,08;zero;0,0;0,0;48
2026-06-12 22:28:27;2026-06-12;B;compra;4208,48;fim;7,75;775,0;34
2026-06-15 03:31:05;2026-06-15;A;compra;4300,05;stop;-7,0;-700,0;13
2026-06-15 08:30:07;2026-06-15;B;venda;4332,27;alvo;8,75;875,0;4
2026-06-15 10:01:14;2026-06-15;A;venda;4308,37;stop;-7,0;-700,0;10
2026-06-15 14:38:02;2026-06-15;B;venda;4345,19;alvo;8,75;875,0;5
2026-06-15 17:46:33;2026-06-15;L;compra;4357,99;stop;-7,0;-700,0;19
2026-06-16 01:04:44;2026-06-16;A;venda;4312,93;stop;-7,0;-700,0;59
2026-06-16 04:02:37;2026-06-16;C;venda;4324,78;alvo;8,75;875,0;24
2026-06-16 09:32:31;2026-06-16;A;venda;4316,9;stop;-7,0;-700,0;14
2026-06-16 14:57:39;2026-06-16;L;venda;4340,26;stop;-7,0;-700,0;23
2026-06-16 17:00:44;2026-06-16;A;venda;4337,8;alvo;8,75;875,0;14
2026-06-16 18:34:01;2026-06-16;A;venda;4326,85;stop;-7,0;-700,0;15
2026-06-16 18:55:22;2026-06-16;C;venda;4339,39;stop;-7,0;-700,0;16
2026-06-16 22:59:00;2026-06-16;L;venda;4332,8;fim;1,4099999999998545;140,99999999998545;14
2026-06-17 03:07:24;2026-06-17;A;venda;4336,2;stop;-7,0;-700,0;23
2026-06-17 13:37:02;2026-06-17;L;venda;4329,66;zero;0,0;0,0;82
2026-06-17 17:32:36;2026-06-17;B;venda;4363,2;alvo;8,75;875,0;5
2026-06-17 21:01:05;2026-06-17;L;venda;4352,93;alvo;8,75;875,0;1
2026-06-17 22:14:20;2026-06-17;B;compra;4264,39;stop;-7,0;-700,0;2
2026-06-18 04:01:29;2026-06-18;L;compra;4316,59;alvo;8,75;875,0;3
2026-06-18 08:30:04;2026-06-18;B;venda;4323,84;alvo;8,75;875,0;9
2026-06-18 13:13:56;2026-06-18;A;venda;4265,48;stop;-7,0;-700,0;4
2026-06-18 18:13:55;2026-06-18;L;compra;4249,18;stop;-7,0;-700,0;5
2026-06-18 23:40:03;2026-06-18;L;compra;4214,43;fim;-5,460000000000036;-546,0000000000036;5
2026-06-19 03:02:08;2026-06-19;L;compra;4192,29;stop;-7,0;-700,0;4
2026-06-19 13:09:25;2026-06-19;L;venda;4157,04;alvo;8,75;875,0;25
2026-06-19 17:48:03;2026-06-19;A;venda;4147,16;stop;-7,0;-700,0;39
2026-06-22 02:35:40;2026-06-22;C;compra;4145,73;stop;-7,0;-700,0;6
2026-06-22 03:07:34;2026-06-22;L;compra;4143,96;alvo;8,75;875,0;4
2026-06-22 08:30:49;2026-06-22;L;compra;4192,08;alvo;8,75;875,0;47
2026-06-22 10:37:48;2026-06-22;A;compra;4196,4;stop;-7,0;-700,0;10
2026-06-22 13:12:09;2026-06-22;B;venda;4213,32;alvo;8,75;875,0;40
2026-06-22 17:12:40;2026-06-22;L;venda;4204,97;alvo;8,75;875,0;7
2026-06-22 17:45:25;2026-06-22;A;venda;4196,21;stop;-7,0;-700,0;2
2026-06-23 03:00:38;2026-06-23;L;venda;4190,36;alvo;8,75;875,0;7
2026-06-23 07:29:50;2026-06-23;A;venda;4140,0;alvo;8,75;875,0;12
2026-06-23 07:58:25;2026-06-23;B;compra;4126,22;stop;-7,0;-700,0;1
2026-06-23 10:00:41;2026-06-23;A;venda;4114,98;stop;-7,0;-700,0;5
2026-06-23 10:40:58;2026-06-23;B;compra;4108,71;stop;-7,0;-700,0;8
2026-06-23 14:01:58;2026-06-23;A;compra;4118,46;alvo;8,75;875,0;8
2026-06-23 14:21:25;2026-06-23;A;compra;4127,21;stop;-7,0;-700,0;11
2026-06-23 14:57:21;2026-06-23;L;venda;4123,35;alvo;8,75;875,0;12
2026-06-23 16:23:10;2026-06-23;A;venda;4111,51;stop;-7,0;-700,0;3
2026-06-23 18:01:21;2026-06-23;C;venda;4133,9;alvo;8,75;875,0;9
2026-06-23 20:01:47;2026-06-23;L;venda;4133,53;alvo;8,75;875,0;42
2026-06-24 01:04:10;2026-06-24;L;compra;4111,49;stop;-7,0;-700,0;11
2026-06-24 01:50:23;2026-06-24;A;venda;4108,26;alvo;8,75;875,0;7
2026-06-24 03:59:22;2026-06-24;A;venda;4098,26;alvo;8,75;875,0;3
2026-06-24 05:00:30;2026-06-24;A;venda;4091,82;alvo;8,75;875,0;7
2026-06-24 10:32:11;2026-06-24;B;compra;4081,47;stop;-7,0;-700,0;15
2026-06-24 14:25:38;2026-06-24;B;compra;4041,85;alvo;8,75;875,0;20
2026-06-24 15:26:05;2026-06-24;B;compra;4009,4;alvo;8,75;875,0;3
2026-06-24 16:35:15;2026-06-24;A;venda;3992,6;stop;-7,0;-700,0;5
2026-06-24 18:11:53;2026-06-24;B;compra;3999,06;alvo;8,75;875,0;7
2026-06-24 20:24:53;2026-06-24;B;compra;3994,37;stop;-7,0;-700,0;6
2026-06-24 22:31:50;2026-06-24;L;compra;3984,53;alvo;8,75;875,0;25
2026-06-25 02:05:50;2026-06-25;A;compra;3992,96;alvo;8,75;875,0;10
2026-06-25 03:47:28;2026-06-25;B;compra;3979,26;alvo;8,75;875,0;4
2026-06-25 04:02:17;2026-06-25;A;venda;4000,9;alvo;8,75;875,0;6
2026-06-25 08:26:02;2026-06-25;A;compra;3992,05;stop;-7,0;-700,0;11
2026-06-25 10:33:27;2026-06-25;L;compra;3984,29;stop;-7,0;-700,0;5
2026-06-25 14:38:09;2026-06-25;A;venda;3978,46;stop;-7,0;-700,0;3
2026-06-25 15:20:13;2026-06-25;L;compra;3980,94;alvo;8,75;875,0;7
2026-06-25 17:54:36;2026-06-25;L;venda;4017,9;alvo;8,75;875,0;17
2026-06-25 18:48:33;2026-06-25;A;compra;4030,44;alvo;8,75;875,0;6
2026-06-25 20:21:12;2026-06-25;L;venda;4031,28;stop;-7,0;-700,0;39
2026-06-25 22:42:43;2026-06-25;L;venda;4036,08;alvo;8,75;875,0;5
2026-06-26 04:03:54;2026-06-26;L;venda;4022,15;alvo;8,75;875,0;54
2026-06-26 08:30:57;2026-06-26;A;compra;4016,06;stop;-7,0;-700,0;11
2026-06-26 10:01:36;2026-06-26;B;venda;4033,64;zero;0,0;0,0;69
2026-06-26 12:22:20;2026-06-26;L;compra;4044,07;alvo;8,75;875,0;48
2026-06-29 03:42:59;2026-06-29;A;venda;4066,26;stop;-7,0;-700,0;10
2026-06-29 06:11:09;2026-06-29;A;compra;4067,16;zero;0,0;0,0;40
2026-06-29 11:59:38;2026-06-29;L;venda;4047,84;stop;-7,0;-700,0;6
2026-06-29 12:56:53;2026-06-29;B;compra;4033,03;stop;-7,0;-700,0;1
2026-06-29 14:23:19;2026-06-29;B;compra;4030,8;alvo;8,75;875,0;17
2026-06-29 16:56:34;2026-06-29;B;compra;4029,17;stop;-7,0;-700,0;10
2026-06-29 17:13:46;2026-06-29;L;venda;4014,96;alvo;8,75;875,0;3
2026-06-30 01:03:58;2026-06-30;L;compra;4017,39;stop;-7,0;-700,0;12
2026-06-30 01:57:10;2026-06-30;A;venda;4016,2;alvo;8,75;875,0;25
2026-06-30 04:47:05;2026-06-30;L;compra;3968,82;stop;-7,0;-700,0;3
2026-06-30 13:00:41;2026-06-30;C;venda;4024,33;stop;-7,0;-700,0;23
2026-06-30 17:00:38;2026-06-30;L;venda;4028,56;stop;-7,0;-700,0;9
2026-06-30 18:23:33;2026-06-30;L;venda;4026,87;stop;-7,0;-700,0;15
2026-06-30 22:58:33;2026-06-30;B;compra;4015,64;stop;-7,0;-700,0;17
2026-07-01 05:31:03;2026-07-01;A;venda;3983,57;alvo;8,75;875,0;57
2026-07-01 10:00:56;2026-07-01;L;compra;3970,66;stop;-7,0;-700,0;4
2026-07-01 18:07:57;2026-07-01;L;compra;4088,7;stop;-7,0;-700,0;13
2026-07-01 20:15:16;2026-07-01;A;venda;4071,49;alvo;8,75;875,0;37
2026-07-02 04:01:59;2026-07-02;B;venda;4063,22;alvo;8,75;875,0;15
2026-07-02 06:06:51;2026-07-02;B;venda;4059,1;stop;-7,0;-700,0;10
2026-07-02 08:08:54;2026-07-02;B;compra;4058,42;alvo;8,75;875,0;28
2026-07-02 14:21:17;2026-07-02;L;compra;4062,8;alvo;8,75;875,0;23
2026-07-02 20:29:33;2026-07-02;B;compra;4111,92;alvo;8,75;875,0;26
2026-07-03 04:00:22;2026-07-03;L;compra;4148,08;alvo;8,75;875,0;4
2026-07-03 07:22:59;2026-07-03;L;compra;4179,48;stop;-7,0;-700,0;30
2026-07-03 15:59:36;2026-07-03;A;venda;4174,47;alvo;8,75;875,0;27
2026-07-03 17:06:03;2026-07-03;B;compra;4163,79;stop;-7,0;-700,0;2
2026-07-06 04:49:07;2026-07-06;A;compra;4197,57;stop;-7,0;-700,0;4
2026-07-06 08:01:36;2026-07-06;L;compra;4158,7;stop;-7,0;-700,0;7
2026-07-06 08:41:03;2026-07-06;A;venda;4156,12;alvo;8,75;875,0;13
2026-07-06 09:16:08;2026-07-06;L;compra;4149,33;alvo;8,75;875,0;42
2026-07-06 13:36:44;2026-07-06;C;venda;4154,3;alvo;8,75;875,0;54
2026-07-06 17:31:41;2026-07-06;L;compra;4134,69;alvo;8,75;875,0;26
2026-07-06 22:36:23;2026-07-06;A;compra;4160,47;fim;4,6599999999998545;465,99999999998545;23
2026-07-07 22:18:15;2026-07-07;B;compra;4098,21;alvo;8,75;875,0;11
2026-07-08 03:35:53;2026-07-08;L;compra;4107,63;alvo;8,75;875,0;3
2026-07-08 04:00:26;2026-07-08;L;venda;4113,51;alvo;8,75;875,0;5
2026-07-08 07:18:41;2026-07-08;L;venda;4123,24;stop;-7,0;-700,0;24
2026-07-08 10:14:01;2026-07-08;L;venda;4119,92;stop;-7,0;-700,0;19
2026-07-08 11:16:27;2026-07-08;L;compra;4117,5;stop;-7,0;-700,0;1
2026-07-08 15:30:42;2026-07-08;A;compra;4069,07;alvo;8,75;875,0;12
2026-07-09 01:03:45;2026-07-09;L;compra;4075,6;alvo;8,75;875,0;37
2026-07-09 04:32:11;2026-07-09;L;venda;4066,76;stop;-7,0;-700,0;5
2026-07-09 08:02:41;2026-07-09;L;compra;4067,4;alvo;8,75;875,0;30
2026-07-09 09:08:36;2026-07-09;L;compra;4088,9;alvo;8,75;875,0;8
2026-07-09 15:38:58;2026-07-09;L;compra;4117,27;stop;-7,0;-700,0;13
2026-07-09 18:43:37;2026-07-09;B;venda;4131,21;stop;-7,0;-700,0;30
2026-07-09 23:01:34;2026-07-09;L;compra;4122,36;fim;1,1900000000005093;119,00000000005093;11
2026-07-10 01:04:34;2026-07-10;L;compra;4124,45;stop;-7,0;-700,0;35
2026-07-10 03:52:21;2026-07-10;L;compra;4123,32;zero;0,0;0,0;29
2026-07-10 14:26:19;2026-07-10;L;compra;4105,2;stop;-7,0;-700,0;6
2026-07-10 15:15:31;2026-07-10;C;venda;4114,74;alvo;8,75;875,0;8
2026-07-10 17:13:23;2026-07-10;L;venda;4101,62;stop;-7,0;-700,0;12
2026-07-13 01:02:18;2026-07-13;A;compra;4096,23;stop;-7,0;-700,0;1
2026-07-13 01:05:35;2026-07-13;C;compra;4087,84;stop;-7,0;-700,0;5
2026-07-13 01:50:22;2026-07-13;L;venda;4078,55;zero;0,0;0,0;28
2026-07-13 04:25:19;2026-07-13;A;venda;4077,43;stop;-7,0;-700,0;6
2026-07-13 14:07:07;2026-07-13;L;compra;4063,99;stop;-7,0;-700,0;23
2026-07-13 17:00:50;2026-07-13;B;compra;4040,73;stop;-7,0;-700,0;7
2026-07-13 18:04:59;2026-07-13;L;compra;4012,05;zero;0,0;0,0;53
2026-07-13 19:31:22;2026-07-13;B;compra;4000,94;stop;-7,0;-700,0;3
2026-07-13 19:35:25;2026-07-13;B;compra;3993,02;alvo;8,75;875,0;95
2026-07-13 23:08:49;2026-07-13;L;compra;4003,49;fim;-2,4799999999995634;-247,99999999995634;15
2026-07-14 04:01:31;2026-07-14;A;compra;3997,4;alvo;8,75;875,0;46
2026-07-14 07:00:16;2026-07-14;L;venda;4017,58;stop;-7,0;-700,0;39
2026-07-14 15:31:12;2026-07-14;B;venda;4089,94;stop;-7,0;-700,0;1
2026-07-14 23:53:39;2026-07-14;A;venda;4052,46;fim;-0,5399999999999636;-53,99999999999636;1
2026-07-15 04:01:28;2026-07-15;A;compra;4059,2;stop;-7,0;-700,0;22
2026-07-15 08:32:54;2026-07-15;B;compra;4025,28;alvo;8,75;875,0;6
2026-07-15 12:03:13;2026-07-15;L;compra;4031,93;alvo;8,75;875,0;90
2026-07-15 16:49:23;2026-07-15;A;compra;4056,11;zero;0,0;0,0;69
2026-07-15 21:33:04;2026-07-15;L;compra;4075,58;stop;-7,0;-700,0;6
2026-07-16 01:02:59;2026-07-16;B;venda;4064,94;alvo;8,75;875,0;55
2026-07-16 07:16:35;2026-07-16;L;compra;4035,3;stop;-7,0;-700,0;22
2026-07-16 09:24:35;2026-07-16;L;venda;4031,32;zero;0,0;0,0;157
2026-07-16 15:30:59;2026-07-16;A;venda;4027,85;alvo;8,75;875,0;5
2026-07-16 15:45:57;2026-07-16;L;venda;4004,28;alvo;8,75;875,0;9
2026-07-16 16:40:17;2026-07-16;L;venda;3987,36;stop;-7,0;-700,0;11
2026-07-17 02:02:48;2026-07-17;A;venda;3978,34;stop;-7,0;-700,0;17
2026-07-17 05:31:23;2026-07-17;A;venda;3983,59;alvo;8,75;875,0;5
2026-07-17 07:39:42;2026-07-17;L;venda;3983,75;zero;0,0;0,0;45
2026-07-17 14:31:10;2026-07-17;L;compra;3993,87;stop;-7,0;-700,0;25
2026-07-17 17:01:24;2026-07-17;L;compra;3995,22;alvo;8,75;875,0;58
2026-07-17 18:06:13;2026-07-17;L;compra;4008,95;alvo;8,75;875,0;39
2026-07-17 21:00:50;2026-07-17;B;compra;4008,25;fim;7,704999999999927;770,4999999999927;84
2026-07-20 03:37:04;2026-07-20;L;compra;4003,4;alvo;8,75;875,0;16
2026-07-20 07:56:07;2026-07-20;B;compra;4019,47;stop;-7,0;-700,0;8
2026-07-20 08:30:05;2026-07-20;L;venda;4013,3;alvo;8,75;875,0;55
2026-07-20 10:31:11;2026-07-20;L;compra;4007,09;alvo;8,75;875,0;4
2026-07-20 15:05:22;2026-07-20;L;venda;4016,45;alvo;8,75;875,0;78
2026-07-20 17:01:22;2026-07-20;B;compra;4003,84;alvo;8,75;875,0;52
2026-07-21 01:45:26;2026-07-21;B;compra;4004,24;alvo;8,75;875,0;39
2026-07-21 06:27:57;2026-07-21;L;compra;4046,07;alvo;8,75;875,0;49
2026-07-21 09:17:25;2026-07-21;L;compra;4069,57;alvo;8,75;875,0;14
2026-07-21 12:52:08;2026-07-21;A;venda;4067,84;alvo;8,75;875,0;34
2026-07-21 15:17:25;2026-07-21;A;venda;4059,27;alvo;8,75;875,0;47
2026-07-21 18:33:27;2026-07-21;A;compra;4078,01;stop;-7,0;-700,0;36
2026-07-22 01:08:43;2026-07-22;B;compra;4077,35;alvo;8,75;875,0;30
2026-07-22 05:17:45;2026-07-22;A;compra;4121,7;alvo;8,75;875,0;26
2026-07-22 07:05:23;2026-07-22;L;venda;4129,66;alvo;8,75;875,0;66
2026-07-22 12:31:49;2026-07-22;A;compra;4118,31;alvo;8,75;875,0;76
2026-07-22 16:00:04;2026-07-22;L;venda;4115,8;stop;-7,0;-700,0;8
2026-07-22 17:42:51;2026-07-22;L;venda;4151,21;zero;0,0;0,0;25
2026-07-23 01:05:51;2026-07-23;L;venda;4121,65;stop;-7,0;-700,0;9
2026-07-23 03:01:07;2026-07-23;L;compra;4131,31;zero;0,0;0,0;53
2026-07-23 05:24:40;2026-07-23;A;venda;4116,51;stop;-7,0;-700,0;13
2026-07-23 15:21:51;2026-07-23;A;venda;4077,44;alvo;8,75;875,0;12
2026-07-23 17:38:24;2026-07-23;L;compra;4056,45;stop;-7,0;-700,0;28
2026-07-23 19:25:15;2026-07-23;L;compra;4048,58;stop;-7,0;-700,0;55
2026-07-24 02:55:35;2026-07-24;L;compra;4047,67;stop;-7,0;-700,0;34
2026-07-24 08:04:35;2026-07-24;A;venda;4027,55;stop;-7,0;-700,0;38
2026-07-24 10:00:21;2026-07-24;B;venda;4037,61;stop;-7,0;-700,0;6
2026-07-24 11:26:37;2026-07-24;L;venda;4048,73;stop;-7,0;-700,0;13
2026-07-24 12:04:30;2026-07-24;L;compra;4056,6;zero;0,0;0,0;102
2026-07-24 16:35:43;2026-07-24;A;venda;4050,73;stop;-7,0;-700,0;10
2026-07-24 18:13:02;2026-07-24;A;compra;4067,73;alvo;8,75;875,0;3
2026-07-24 21:31:46;2026-07-24;B;compra;4054,13;fim;-1,0599999999999454;-105,99999999999454;52
2026-07-27 01:07:48;2026-07-27;L;compra;4089,91;alvo;8,75;875,0;40
2026-07-27 03:04:20;2026-07-27;L;compra;4101,01;alvo;8,75;875,0;6
2026-07-27 04:03:08;2026-07-27;A;compra;4105,79;stop;-7,0;-700,0;19
2026-07-27 05:38:06;2026-07-27;C;compra;4098,6;stop;-7,0;-700,0;12
2026-07-27 06:33:44;2026-07-27;A;venda;4089,21;stop;-7,0;-700,0;67
2026-07-27 21:15:19;2026-07-27;L;compra;4075,19;alvo;8,75;875,0;35
2026-07-27 23:25:58;2026-07-27;L;venda;4080,89;fim;4,449999999999818;444,9999999999818;7
2026-07-28 01:08:17;2026-07-28;L;compra;4078,97;stop;-7,0;-700,0;4
2026-07-28 03:00:23;2026-07-28;L;compra;4072,17;stop;-7,0;-700,0;3
2026-07-28 04:04:16;2026-07-28;A;venda;4058,82;alvo;8,75;875,0;15
2026-07-28 08:30:48;2026-07-28;L;compra;4041,46;alvo;8,75;875,0;42
2026-07-28 10:50:25;2026-07-28;L;venda;4049,4;alvo;8,75;875,0;48
2026-07-28 14:15:16;2026-07-28;A;venda;4026,75;stop;-7,0;-700,0;39
2026-07-28 15:49:50;2026-07-28;A;compra;4034,59;stop;-7,0;-700,0;28
2026-07-28 18:12:17;2026-07-28;C;venda;4031,5;stop;-7,0;-700,0;9
2026-07-28 19:11:02;2026-07-28;L;venda;4044,38;alvo;8,75;875,0;49
2026-07-28 23:37:29;2026-07-28;L;compra;4028,3;fim;0,10999999999967258;10,999999999967258;5
2026-07-29 04:30:02;2026-07-29;L;compra;4016,73;alvo;8,75;875,0;7
2026-07-29 05:27:04;2026-07-29;L;compra;4031,83;stop;-7,0;-700,0;34
2026-07-29 11:15:55;2026-07-29;L;venda;4040,86;alvo;8,75;875,0;52
2026-07-29 15:11:17;2026-07-29;L;compra;4029,45;stop;-7,0;-700,0;4
2026-07-29 16:33:46;2026-07-29;A;venda;4013,85;alvo;8,75;875,0;24
2026-07-29 19:56:51;2026-07-29;B;venda;4031,43;stop;-7,0;-700,0;10
2026-07-29 22:09:02;2026-07-29;A;compra;4094,98;zero;0,0;0,0;15
2026-07-29 23:03:07;2026-07-29;B;compra;4047,68;alvo;8,75;875,0;22
2026-07-30 04:00:46;2026-07-30;A;venda;4073,1;stop;-7,0;-700,0;2
2026-07-30 06:37:13;2026-07-30;B;compra;4051,61;zero;0,0;0,0;46
2026-07-30 08:39:29;2026-07-30;L;venda;4033,13;stop;-7,0;-700,0;51
2026-07-30 15:41:25;2026-07-30;C;venda;4080,52;alvo;8,75;875,0;10
2026-07-30 17:22:01;2026-07-30;L;venda;4093,31;stop;-7,0;-700,0;12
2026-07-30 20:30:14;2026-07-30;L;venda;4101,91;stop;-7,0;-700,0;60
2026-07-30 23:03:22;2026-07-30;B;venda;4116,37;alvo;8,75;875,0;15
2026-07-31 02:45:24;2026-07-31;A;venda;4109,36;alvo;8,75;875,0;13
2026-07-31 10:17:00;2026-07-31;L;compra;4076,92;stop;-7,0;-700,0;9
2026-07-31 10:38:14;2026-07-31;L;venda;4071,27;alvo;8,75;875,0;24
2026-07-31 15:31:01;2026-07-31;A;venda;4049,9;alvo;8,75;875,0;19
2026-07-31 17:00:19;2026-07-31;A;venda;4028,57;zero;0,0;0,0;23
2026-07-31 17:56:36;2026-07-31;B;venda;4047,58;alvo;8,75;875,0;29
2026-07-31 18:52:56;2026-07-31;C;venda;4045,68;stop;-7,0;-700,0;56
2026-08-03 05:20:09;2026-08-03;C;venda;4059,73;zero;0,0;0,0;15
2026-08-03 08:18:27;2026-08-03;L;venda;4056,93;stop;-7,0;-700,0;12
2026-08-03 12:26:42;2026-08-03;B;compra;4053,41;stop;-7,0;-700,0;38
2026-08-03 15:21:17;2026-08-03;L;venda;4053,44;alvo;8,75;875,0;12
2026-08-03 17:51:32;2026-08-03;L;compra;4034,18;alvo;8,75;875,0;125
2026-08-04 03:03:31;2026-08-04;L;compra;4058,58;alvo;8,75;875,0;4
2026-08-04 04:27:00;2026-08-04;L;compra;4049,42;alvo;8,75;875,0;11
2026-08-04 05:01:52;2026-08-04;B;venda;4060,77;zero;0,0;0,0;89
2026-08-04 10:38:20;2026-08-04;A;compra;4064,69;zero;0,0;0,0;30
2026-08-04 12:48:41;2026-08-04;A;venda;4051,07;stop;-7,0;-700,0;21
2026-08-04 14:41:10;2026-08-04;L;compra;4061,59;alvo;8,75;875,0;6
2026-08-04 16:22:09;2026-08-04;C;venda;4076,9;stop;-7,0;-700,0;2
2026-08-04 17:15:22;2026-08-04;B;venda;4091,31;alvo;8,75;875,0;7
2026-08-05 02:16:38;2026-08-05;A;venda;4073,75;zero;0,0;0,0;24
2026-08-05 08:32:39;2026-08-05;A;compra;4140,37;alvo;8,75;875,0;4
2026-08-05 11:48:17;2026-08-05;L;venda;4162,68;alvo;8,75;875,0;39
2026-08-05 16:00:59;2026-08-05;B;compra;4187,01;alvo;8,75;875,0;19
2026-08-05 16:36:08;2026-08-05;A;compra;4197,55;zero;0,0;0,0;16
2026-08-05 18:45:04;2026-08-05;L;venda;4255,46;alvo;8,75;875,0;6
2026-08-05 18:59:35;2026-08-05;B;compra;4232,51;stop;-7,0;-700,0;6
2026-08-06 01:04:01;2026-08-06;L;compra;4249,72;alvo;8,75;875,0;20
2026-08-06 02:38:11;2026-08-06;B;venda;4277,73;alvo;8,75;875,0;14
2026-08-06 04:38:14;2026-08-06;C;venda;4289,41;stop;-7,0;-700,0;1
2026-08-06 05:12:48;2026-08-06;L;venda;4297,11;alvo;8,75;875,0;10
2026-08-06 20:01:24;2026-08-06;L;compra;4240,64;alvo;8,75;875,0;71
2026-08-06 22:26:01;2026-08-06;L;venda;4241,72;zero;0,0;0,0;19
2026-08-07 03:38:12;2026-08-07;C;compra;4238,05;stop;-7,0;-700,0;2
2026-08-07 04:22:34;2026-08-07;L;compra;4245,58;alvo;8,75;875,0;18
2026-08-07 05:57:53;2026-08-07;A;compra;4252,38;alvo;8,75;875,0;28
2026-08-07 07:02:04;2026-08-07;L;compra;4264,91;alvo;8,75;875,0;48
2026-08-07 12:31:12;2026-08-07;A;compra;4303,11;alvo;8,75;875,0;8
2026-08-07 14:52:04;2026-08-07;A;compra;4321,82;stop;-7,0;-700,0;15
2026-08-07 16:00:24;2026-08-07;A;compra;4357,18;stop;-7,0;-700,0;5
2026-08-07 18:10:17;2026-08-07;L;compra;4348,74;zero;0,0;0,0;37
2026-08-10 04:04:01;2026-08-10;L;compra;4333,4;stop;-7,0;-700,0;2
2026-08-10 08:30:34;2026-08-10;A;compra;4333,51;alvo;8,75;875,0;8
2026-08-10 15:56:25;2026-08-10;A;venda;4335,29;alvo;8,75;875,0;48
2026-08-10 17:33:05;2026-08-10;L;compra;4347,67;alvo;8,75;875,0;66
2026-08-10 21:32:12;2026-08-10;L;compra;4376,52;alvo;8,75;875,0;41
2026-08-10 22:25:34;2026-08-10;B;venda;4389,18;fim;-1,1899999999995998;-118,99999999995998;45
2026-08-11 03:00:19;2026-08-11;L;compra;4401,38;alvo;8,75;875,0;17
2026-08-11 03:41:07;2026-08-11;A;compra;4409,46;zero;0,0;0,0;14
2026-08-11 04:41:12;2026-08-11;A;compra;4417,72;alvo;8,75;875,0;10
2026-08-11 04:56:07;2026-08-11;L;compra;4430,07;stop;-7,0;-700,0;10
2026-08-11 14:02:22;2026-08-11;L;compra;4387,49;alvo;8,75;875,0;50
2026-08-11 18:14:12;2026-08-11;A;compra;4392,55;stop;-7,0;-700,0;4
2026-08-11 20:02:57;2026-08-11;L;compra;4382,72;stop;-7,0;-700,0;22
2026-08-12 01:56:10;2026-08-12;A;compra;4372,22;stop;-7,0;-700,0;4
2026-08-12 04:00:47;2026-08-12;A;compra;4380,1;alvo;8,75;875,0;10
2026-08-12 08:05:15;2026-08-12;L;venda;4402,27;alvo;8,75;875,0;12
2026-08-12 15:12:09;2026-08-12;L;venda;4408,93;stop;-7,0;-700,0;12
2026-08-12 16:00:46;2026-08-12;A;compra;4432,83;stop;-7,0;-700,0;13
2026-08-12 16:39:00;2026-08-12;L;compra;4415,08;alvo;8,75;875,0;12
2026-08-12 21:28:11;2026-08-12;L;compra;4407,8;alvo;8,75;875,0;22
2026-08-12 22:50:20;2026-08-12;L;venda;4411,58;fim;2,9200000000000728;292,0000000000073;21
2026-08-13 03:01:11;2026-08-13;C;venda;4415,39;stop;-7,0;-700,0;6
2026-08-13 07:02:19;2026-08-13;L;venda;4398,63;zero;0,0;0,0;39
2026-08-13 10:07:22;2026-08-13;A;venda;4379,8;alvo;8,75;875,0;31
2026-08-13 17:16:28;2026-08-13;L;compra;4370,29;zero;0,0;0,0;16
2026-08-13 21:30:59;2026-08-13;L;compra;4357,89;stop;-7,0;-700,0;26
2026-08-13 22:16:05;2026-08-13;L;venda;4348,28;fim;-2,9400000000005093;-294,00000000005093;43
2026-08-14 04:19:53;2026-08-14;L;venda;4322,51;alvo;8,75;875,0;43
2026-08-14 05:28:30;2026-08-14;L;compra;4314,65;alvo;8,75;875,0;35
2026-08-14 08:01:41;2026-08-14;A;compra;4324,51;stop;-7,0;-700,0;10
2026-08-14 10:05:24;2026-08-14;A;compra;4334,93;alvo;8,75;875,0;26
2026-08-14 14:32:15;2026-08-14;L;compra;4358,09;alvo;8,75;875,0;15
2026-08-14 19:33:42;2026-08-14;L;venda;4383,45;alvo;8,75;875,0;69
2026-08-14 22:56:20;2026-08-14;A;venda;4376,28;fim;0,11999999999989086;11,999999999989086;15
2026-08-17 03:59:05;2026-08-17;L;compra;4399,25;alvo;8,75;875,0;8
2026-08-17 10:12:11;2026-08-17;A;compra;4398,3;alvo;8,75;875,0;14
2026-08-17 13:18:48;2026-08-17;L;compra;4396,4;zero;0,0;0,0;60
2026-08-17 16:48:15;2026-08-17;C;venda;4390,36;stop;-7,0;-700,0;3
2026-08-17 17:19:21;2026-08-17;B;venda;4419,63;stop;-7,0;-700,0;6
2026-08-17 18:10:25;2026-08-17;L;venda;4418,51;stop;-7,0;-700,0;16
2026-08-17 21:24:01;2026-08-17;L;compra;4412,42;stop;-7,0;-700,0;4
2026-08-17 21:31:55;2026-08-17;B;compra;4403,22;alvo;8,75;875,0;27
2026-08-18 03:00:57;2026-08-18;A;compra;4422,86;alvo;8,75;875,0;23
2026-08-18 07:20:39;2026-08-18;L;compra;4391,62;alvo;8,75;875,0;91
2026-08-18 10:36:06;2026-08-18;L;venda;4398,99;alvo;8,75;875,0;18
2026-08-18 12:35:45;2026-08-18;A;venda;4394,62;alvo;8,75;875,0;116
2026-08-18 20:25:42;2026-08-18;L;compra;4364,85;stop;-7,0;-700,0;16
2026-08-19 05:04:51;2026-08-19;L;venda;4354,71;stop;-7,0;-700,0;12
2026-08-19 08:45:29;2026-08-19;L;compra;4338,34;alvo;8,75;875,0;45
2026-08-19 10:02:29;2026-08-19;B;venda;4350,65;stop;-7,0;-700,0;17
2026-08-19 11:01:14;2026-08-19;A;compra;4353,75;alvo;8,75;875,0;71
2026-08-19 15:13:26;2026-08-19;L;compra;4368,26;alvo;8,75;875,0;15
2026-08-19 16:01:22;2026-08-19;B;venda;4441,79;alvo;8,75;875,0;3
2026-08-19 21:08:35;2026-08-19;L;venda;4489,1;alvo;8,75;875,0;15
2026-08-20 02:01:17;2026-08-20;L;venda;4521,49;alvo;8,75;875,0;23
2026-08-20 03:51:38;2026-08-20;B;compra;4506,4;stop;-7,0;-700,0;9
2026-08-20 08:30:49;2026-08-20;A;venda;4484,7;stop;-7,0;-700,0;26
2026-08-20 10:15:51;2026-08-20;L;venda;4489,96;stop;-7,0;-700,0;35
2026-08-20 12:38:11;2026-08-20;B;compra;4485,86;zero;0,0;0,0;68
2026-08-20 19:04:42;2026-08-20;L;compra;4520,44;stop;-7,0;-700,0;8
2026-08-20 22:45:57;2026-08-20;L;venda;4527,61;alvo;8,75;875,0;23
2026-08-21 03:04:01;2026-08-21;A;compra;4524,05;stop;-7,0;-700,0;8
2026-08-21 03:18:11;2026-08-21;L;venda;4517,38;zero;0,0;0,0;43
2026-08-21 04:36:42;2026-08-21;L;compra;4536,96;stop;-7,0;-700,0;2
2026-08-21 05:52:07;2026-08-21;B;venda;4540,31;alvo;8,75;875,0;22
2026-08-21 07:22:53;2026-08-21;L;compra;4542,31;stop;-7,0;-700,0;19
2026-08-21 10:23:36;2026-08-21;A;compra;4564,29;alvo;8,75;875,0;33
2026-08-21 11:38:27;2026-08-21;L;compra;4579,2;alvo;8,75;875,0;17
2026-08-21 14:23:44;2026-08-21;L;compra;4596,33;zero;0,0;0,0;37
2026-08-21 16:32:00;2026-08-21;L;compra;4582,57;stop;-7,0;-700,0;3
2026-08-21 16:36:48;2026-08-21;A;venda;4583,66;stop;-7,0;-700,0;3
2026-08-21 17:33:34;2026-08-21;A;compra;4593,6;stop;-7,0;-700,0;6
2026-08-21 20:08:33;2026-08-21;B;venda;4631,05;alvo;8,75;875,0;14
2026-08-24 08:14:39;2026-08-24;C;venda;4643,16;alvo;8,75;875,0;9
2026-08-24 08:31:55;2026-08-24;C;compra;4634,02;alvo;8,75;875,0;27
2026-08-24 15:42:32;2026-08-24;A;compra;4662,56;stop;-7,0;-700,0;2
2026-08-24 16:30:10;2026-08-24;L;venda;4674,64;alvo;8,75;875,0;19
2026-08-24 18:46:37;2026-08-24;L;venda;4661,5;alvo;8,75;875,0;2
2026-08-24 19:59:43;2026-08-24;L;venda;4645,68;stop;-7,0;-700,0;10
2026-08-25 05:34:30;2026-08-25;A;venda;4646,48;alvo;8,75;875,0;9
2026-08-25 07:32:55;2026-08-25;B;compra;4629,92;alvo;8,75;875,0;28
2026-08-25 08:50:12;2026-08-25;L;venda;4639,63;stop;-7,0;-700,0;12
2026-08-25 09:42:03;2026-08-25;B;venda;4652,05;alvo;8,75;875,0;8
2026-08-25 10:09:05;2026-08-25;L;venda;4640,27;alvo;8,75;875,0;30
2026-08-25 11:15:27;2026-08-25;A;venda;4626,67;stop;-7,0;-700,0;5
2026-08-25 12:35:12;2026-08-25;L;compra;4636,09;alvo;8,75;875,0;80
2026-08-25 20:16:37;2026-08-25;A;venda;4637,66;stop;-7,0;-700,0;3
2026-08-25 22:52:10;2026-08-25;A;compra;4662,49;fim;-3,649999999999636;-364,9999999999636;31
2026-08-26 01:37:40;2026-08-26;B;venda;4670,09;alvo;8,75;875,0;19
2026-08-26 04:00:39;2026-08-26;A;venda;4638,68;stop;-7,0;-700,0;5
2026-08-26 04:31:46;2026-08-26;L;compra;4641,68;alvo;8,75;875,0;16
2026-08-26 08:10:09;2026-08-26;A;venda;4645,6;alvo;8,75;875,0;42
2026-08-26 10:35:00;2026-08-26;L;compra;4633,29;stop;-7,0;-700,0;18
2026-08-26 12:01:46;2026-08-26;A;venda;4629,51;alvo;8,75;875,0;11
2026-08-26 16:02:04;2026-08-26;A;venda;4618,03;alvo;8,75;875,0;15
2026-08-26 17:04:24;2026-08-26;A;compra;4624,57;stop;-7,0;-700,0;22
2026-08-26 20:24:27;2026-08-26;C;venda;4597,93;alvo;8,75;875,0;113
2026-08-27 07:48:59;2026-08-27;A;venda;4620,28;alvo;8,75;875,0;25
2026-08-27 10:10:43;2026-08-27;L;compra;4602,87;stop;-7,0;-700,0;7
2026-08-27 12:02:19;2026-08-27;L;compra;4598,07;stop;-7,0;-700,0;23
2026-08-27 13:16:12;2026-08-27;L;compra;4579,57;alvo;8,75;875,0;26
2026-08-27 15:23:19;2026-08-27;L;venda;4598,18;alvo;8,75;875,0;12
2026-08-27 21:51:02;2026-08-27;A;venda;4606,61;stop;-7,0;-700,0;9
2026-08-27 22:05:47;2026-08-27;L;compra;4613,22;stop;-7,0;-700,0;16
2026-08-27 23:50:49;2026-08-27;L;compra;4603,11;fim;-1,1599999999998545;-115,99999999998545;4
2026-08-28 04:00:44;2026-08-28;A;venda;4591,18;stop;-7,0;-700,0;9
2026-08-28 07:30:31;2026-08-28;L;compra;4583,67;stop;-7,0;-700,0;31
2026-08-28 09:16:43;2026-08-28;C;venda;4583,16;stop;-7,0;-700,0;21
2026-08-28 09:50:41;2026-08-28;L;compra;4597,35;alvo;8,75;875,0;7
2026-08-28 12:36:20;2026-08-28;A;venda;4604,56;alvo;8,75;875,0;71
2026-08-28 15:32:18;2026-08-28;L;compra;4596,27;stop;-7,0;-700,0;4
2026-08-28 19:23:02;2026-08-28;L;venda;4474,57;zero;0,0;0,0;8
2026-08-28 19:45:21;2026-08-28;A;venda;4473,03;stop;-7,0;-700,0;2
2026-08-28 22:01:10;2026-08-28;A;venda;4458,61;stop;-7,0;-700,0;35
