price,score,n_events,unique_days,unique_weeks,unique_months,span_days,first_event,last_event,mean_strength,median_strength,max_strength,mean_reaction,n_scales,n_sources,mean_rel_volume,decayed_touches,c__scale_weight,c__n_pairs,c_touch,c_reaction,c_temporal,c_scale,c_volume,c_recency,c_confluence
188160.0000,86.0000,16,9,6,4,93.9521,2026-02-03 11:48:00,2026-05-08 10:39:00,2.6723,2.9936,4.0000,3184.6875,5,1,2.3058,10.3892,6.8000,5.0000,0.4113,0.8541,0.3166,0.9812,0.4232,0.8205,0.9812
187915.0000,68.7000,16,8,6,5,99.1097,2026-01-29 09:04:00,2026-05-08 11:42:00,2.8606,2.8740,4.0000,3680.3125,3,1,2.4488,10.1097,2.5000,3.0000,0.4113,0.8874,0.3353,0.2338,0.5427,0.8167,0.2713
187425.0000,80.8000,17,8,8,5,99.1750,2026-01-29 11:22:00,2026-05-08 15:34:00,3.1422,3.0848,4.0000,3813.8235,4,1,2.1340,10.7716,4.3000,4.0000,0.4505,0.9258,0.3360,0.7082,0.2696,0.8345,0.7218
186935.0000,80.6000,15,9,9,5,102.0062,2026-01-29 10:10:00,2026-05-11 10:19:00,2.7709,2.7686,4.0000,2914.3333,4,1,2.1328,9.4304,5.0000,4.0000,0.3771,0.8362,0.3641,0.9471,0.2662,0.8085,0.7218
186445.0000,83.3000,18,14,9,5,98.9674,2026-01-28 11:46:00,2026-05-07 10:59:00,2.7445,2.7837,4.0000,2949.1667,4,1,2.4395,11.0021,4.3000,4.0000,0.4863,0.8208,0.4560,0.7082,0.5358,0.8365,0.7218
185955.0000,73.4000,17,11,6,3,58.0535,2026-02-03 09:20:00,2026-04-02 10:37:00,2.4800,2.5464,4.0000,2276.1765,4,1,2.4435,10.3677,4.3000,4.0000,0.4505,0.5930,0.2998,0.7082,0.5392,0.7904,0.7218
185465.0000,82.5000,24,15,7,4,92.1750,2026-02-04 10:15:00,2026-05-07 14:27:00,2.6087,2.6944,3.8196,2502.5000,4,1,2.4387,14.7674,4.3000,4.0000,0.6809,0.6408,0.4318,0.7082,0.5324,0.8805,0.7218
184975.0000,75.8000,19,10,6,3,56.9632,2026-01-28 11:33:00,2026-03-26 10:40:00,2.5845,2.5464,4.0000,2436.5789,4,1,2.3299,11.0569,4.3000,4.0000,0.5239,0.6672,0.2823,0.7082,0.4539,0.8092,0.7218
184730.0000,79.7000,18,11,6,4,104.1917,2026-01-27 13:41:00,2026-05-11 18:17:00,2.9106,3.0666,4.0000,2543.6111,4,1,1.4384,10.5598,4.3000,4.0000,0.4863,0.9155,0.3687,0.7082,0.0034,0.8334,0.7218
184485.0000,66.8000,18,12,6,3,58.9993,2026-01-27 12:24:00,2026-03-27 12:23:00,2.3002,2.2668,3.0913,1838.6111,4,1,2.8546,10.6264,4.3000,4.0000,0.4863,0.1869,0.3150,0.7082,0.8259,0.7959,0.7218
183995.0000,70.4000,22,15,8,4,104.9264,2026-01-27 12:27:00,2026-05-12 10:41:00,2.3553,2.1822,4.0000,2069.7727,4,1,1.6457,13.1125,4.3000,4.0000,0.6143,0.3447,0.4468,0.7082,0.0137,0.8771,0.7218
183750.0000,87.2000,30,18,9,4,104.7618,2026-01-27 15:24:00,2026-05-12 09:41:00,2.4906,2.4437,4.0000,2362.6667,5,1,1.8257,17.7465,6.8000,5.0000,0.7782,0.5572,0.4846,0.9812,0.0512,0.9263,0.9812
183260.0000,78.2000,28,17,8,4,106.0139,2026-01-26 09:04:00,2026-05-12 09:24:00,2.4293,2.3497,3.7302,2600.0000,4,1,1.8238,16.6571,5.0000,4.0000,0.7560,0.3780,0.4735,0.9471,0.0478,0.9133,0.7218
183015.0000,80.2000,24,16,8,4,102.3007,2026-01-30 09:01:00,2026-05-12 16:14:00,2.5606,2.5236,4.0000,2322.7083,4,1,2.0001,14.3811,4.3000,4.0000,0.6809,0.6442,0.4561,0.7082,0.1399,0.8911,0.7218
182525.0000,73.4000,24,14,7,4,102.8847,2026-01-30 14:08:00,2026-05-13 11:22:00,2.4419,2.2498,4.0000,2526.4583,4,1,1.7904,14.3020,4.3000,4.0000,0.6809,0.4292,0.4221,0.7082,0.0307,0.8884,0.7218
182280.0000,75.0000,33,15,7,4,102.7285,2026-01-30 16:32:00,2026-05-13 10:01:00,2.2747,2.2523,4.0000,2099.8485,4,1,1.9052,20.5346,4.3000,4.0000,0.8464,0.3114,0.4414,0.7082,0.0683,0.9495,0.7218
182035.0000,59.9000,26,13,8,3,65.6528,2026-01-23 17:25:00,2026-03-30 09:05:00,2.3753,2.4346,3.4785,2089.0385,3,1,2.1559,15.4027,2.5000,3.0000,0.7235,0.3481,0.3398,0.2338,0.2867,0.8590,0.2713
181545.0000,78.5000,16,10,6,4,108.2097,2026-01-26 09:43:00,2026-05-14 14:45:00,2.6391,2.6807,4.0000,2508.4375,4,1,2.5611,9.7011,4.3000,4.0000,0.4113,0.7363,0.3560,0.7082,0.6280,0.8259,0.7218
181055.0000,69.6000,13,10,7,5,189.9292,2026-01-26 11:35:00,2026-08-04 09:53:00,2.5738,2.7170,3.2628,2092.3077,4,1,1.9429,8.2107,4.3000,4.0000,0.3259,0.5648,0.4076,0.7082,0.0887,0.8188,0.7218
180565.0000,59.5000,14,10,6,4,191.0312,2026-01-26 10:25:00,2026-08-05 11:10:00,2.6063,2.5830,3.8012,2416.7857,3,1,2.0723,9.4854,2.5000,3.0000,0.3549,0.6041,0.3696,0.2338,0.1945,0.8601,0.2713
180075.0000,83.7000,17,9,7,5,191.0028,2026-01-26 10:21:00,2026-08-05 10:25:00,2.7812,2.8525,3.9496,2524.4118,4,1,2.8246,11.5852,4.3000,4.0000,0.4505,0.7969,0.3859,0.7082,0.8020,0.8986,0.7218
179585.0000,86.1000,23,13,11,5,194.8688,2026-01-22 12:39:00,2026-08-05 09:30:00,2.6530,2.4049,4.0000,2645.4348,4,1,2.8061,16.8703,4.3000,4.0000,0.6519,0.6544,0.4657,0.7082,0.7850,0.9611,0.7218
179095.0000,80.3000,21,15,11,5,193.8799,2026-01-23 13:01:00,2026-08-05 10:08:00,2.4906,2.4734,3.4333,2542.8571,4,1,2.8502,16.3046,4.3000,4.0000,0.5836,0.4258,0.5053,0.7082,0.8225,0.9549,0.7218
178605.0000,72.0000,23,15,8,5,192.8021,2026-01-22 13:51:00,2026-08-03 09:06:00,2.2532,2.1458,3.5640,2235.8696,4,1,2.3071,18.8136,4.3000,4.0000,0.6519,0.1485,0.5046,0.7082,0.4334,0.9720,0.7218
178115.0000,73.0000,25,15,10,5,194.1042,2026-01-22 12:40:00,2026-08-04 15:10:00,2.2058,2.0627,3.6398,2001.0000,4,1,2.4234,19.4715,4.3000,4.0000,0.7031,0.1165,0.5073,0.7082,0.5222,0.9829,0.7218
177625.0000,85.5000,23,18,10,5,192.7188,2026-01-22 17:32:00,2026-08-03 10:47:00,2.5828,2.6011,3.9291,2287.8261,4,1,2.5522,17.8414,4.3000,4.0000,0.6519,0.6203,0.5423,0.7082,0.6143,0.9635,0.7218
177135.0000,78.1000,16,11,7,5,189.8465,2026-01-22 16:15:00,2026-07-31 12:34:00,2.7410,2.8065,3.2526,2228.4375,4,1,2.3244,12.6343,4.3000,4.0000,0.4113,0.6741,0.4230,0.7082,0.4505,0.9065,0.7218
176645.0000,82.9000,18,13,9,6,196.9014,2026-01-22 11:25:00,2026-08-07 09:03:00,2.6807,2.6460,3.4591,2656.3889,4,1,2.8254,14.9804,4.3000,4.0000,0.4863,0.6229,0.4964,0.7082,0.8055,0.9454,0.7218
176400.0000,72.7000,7,6,6,5,139.7222,2026-03-20 16:37:00,2026-08-07 09:57:00,3.2061,3.0977,4.0000,2717.1429,4,1,2.1781,6.1313,4.3000,4.0000,0.0853,0.9309,0.2957,0.7082,0.3072,0.7491,0.7218
175910.0000,66.2000,11,8,5,3,60.0681,2026-05-28 09:03:00,2026-07-27 10:41:00,2.4031,2.3975,3.0849,2325.9091,4,1,3.8152,9.8778,4.3000,4.0000,0.2474,0.3191,0.2374,0.7082,0.9829,0.8522,0.7218
175665.0000,68.4000,19,14,9,4,79.0521,2026-05-19 16:05:00,2026-08-06 17:20:00,2.6183,2.5464,3.9610,2224.7368,3,1,2.5550,16.9551,2.5000,3.0000,0.5239,0.6224,0.4044,0.2338,0.6177,0.9706,0.2713
175420.0000,84.5000,18,13,9,4,79.9632,2026-05-19 10:21:00,2026-08-07 09:28:00,2.4672,2.6650,3.4979,1999.1667,5,1,2.6425,15.5746,6.8000,5.0000,0.4863,0.5166,0.3820,0.9812,0.6962,0.9560,0.9812
174930.0000,55.9000,21,10,7,3,56.2104,2026-05-29 12:06:00,2026-07-24 17:09:00,2.2860,2.1448,3.5321,2132.1429,3,1,2.6166,18.5029,2.5000,3.0000,0.5836,0.1527,0.2817,0.2338,0.6792,0.9587,0.2713
174685.0000,63.0000,16,12,8,3,179.9611,2026-01-22 10:00:00,2026-07-21 09:04:00,2.4744,2.3281,4.0000,2979.6875,3,1,2.7907,13.7449,2.5000,3.0000,0.4113,0.5137,0.3546,0.2338,0.7747,0.9020,0.2713
174440.0000,84.2000,16,10,6,3,52.9458,2026-05-29 12:26:00,2026-07-21 11:08:00,2.7630,2.6379,4.0000,2547.8125,4,1,2.8300,14.0842,5.0000,4.0000,0.4113,0.7952,0.2796,0.9471,0.8123,0.9065,0.7218
173950.0000,82.3000,17,12,8,4,180.7111,2026-01-21 17:57:00,2026-07-21 11:01:00,2.8633,2.8932,3.7173,2555.5882,4,1,2.5282,14.3225,4.3000,4.0000,0.4505,0.7918,0.3948,0.7082,0.5973,0.9102,0.7218
173705.0000,85.9000,22,13,8,4,180.1153,2026-01-22 09:05:00,2026-07-21 11:51:00,2.7479,2.7015,4.0000,2812.9545,4,1,2.4067,18.5700,4.3000,4.0000,0.6143,0.8029,0.4141,0.7082,0.5085,0.9625,0.7218
173215.0000,63.6000,14,8,5,2,37.9924,2026-06-01 10:30:00,2026-07-09 10:19:00,2.6603,2.5760,3.9270,3508.5714,3,1,2.6287,11.9689,3.1000,3.0000,0.3549,0.6451,0.1837,0.4369,0.6860,0.8833,0.2713
172970.0000,53.7000,8,6,3,2,37.9451,2026-06-01 11:50:00,2026-07-09 10:31:00,2.7426,2.5628,4.0000,3336.8750,3,1,2.1091,6.7889,2.5000,3.0000,0.1416,0.7645,0.1277,0.2338,0.2321,0.7648,0.2713
172725.0000,49.1000,9,6,5,2,29.8285,2026-06-01 13:12:00,2026-07-01 09:05:00,2.3953,2.3169,2.9558,2438.8889,3,1,2.7852,7.4967,3.1000,3.0000,0.1860,0.2560,0.1202,0.4369,0.7679,0.7870,0.2713
172235.0000,73.4000,13,8,5,2,35.0951,2026-06-03 09:33:00,2026-07-08 11:50:00,2.5668,2.7928,3.4495,2268.0769,4,1,3.2468,10.9930,4.3000,4.0000,0.3259,0.6067,0.1823,0.7082,0.9386,0.8679,0.7218
171745.0000,40.9000,9,4,3,1,19.9924,2026-06-03 09:15:00,2026-06-23 09:04:00,2.1219,2.0444,2.7654,1812.7778,3,1,3.9168,7.4517,2.5000,3.0000,0.1860,0.0350,0.0315,0.2338,0.9898,0.7802,0.2713
171500.0000,37.2000,6,5,4,1,18.0354,2026-06-05 09:01:00,2026-06-23 09:52:00,2.5214,2.5693,2.9616,2313.3333,2,1,2.4776,5.0250,1.3000,2.0000,0.0256,0.4727,0.0517,0.0171,0.5563,0.6044,0.0290
171010.0000,33.4000,7,4,4,1,16.9472,2026-06-05 10:36:00,2026-06-22 09:20:00,2.4022,2.3362,3.3860,2067.1429,2,1,2.2739,5.7688,1.3000,2.0000,0.0853,0.3033,0.0281,0.0171,0.3959,0.6741,0.0290
170765.0000,27.8000,6,5,3,1,15.8326,2026-06-03 14:57:00,2026-06-19 10:56:00,1.8266,1.8299,2.1083,1473.3333,2,1,3.0819,4.8903,1.3000,2.0000,0.0256,0.0000,0.0490,0.0171,0.8942,0.5730,0.0290
170275.0000,59.3000,7,6,4,1,16.9021,2026-06-05 11:24:00,2026-06-22 09:03:00,2.4922,2.7380,3.3430,1567.8571,4,1,2.4037,5.7412,4.3000,4.0000,0.0853,0.5452,0.0758,0.7082,0.5051,0.6683,0.7218
170030.0000,68.8000,11,6,3,1,11.1146,2026-06-05 10:29:00,2026-06-16 13:14:00,2.5464,2.2634,4.0000,1738.1818,4,1,2.7239,9.0086,5.0000,4.0000,0.2474,0.5265,0.0730,0.9471,0.7440,0.8147,0.7218
169785.0000,50.1000,7,5,2,1,7.9486,2026-06-08 11:44:00,2026-06-16 10:30:00,2.7359,2.5007,3.4107,2907.1429,3,1,2.9307,5.7612,2.5000,3.0000,0.0853,0.5853,0.0456,0.2338,0.8532,0.6655,0.2713
169295.0000,57.6000,8,4,3,1,11.0174,2026-06-05 17:07:00,2026-06-16 17:32:00,3.1054,3.7270,4.0000,3683.1250,3,1,2.4287,6.5999,2.5000,3.0000,0.1416,0.9334,0.0240,0.2338,0.5290,0.7369,0.2713
168805.0000,45.6000,6,4,1,1,2.9507,2026-06-08 11:13:00,2026-06-11 10:02:00,2.4635,2.5509,2.8430,1609.1667,3,1,2.8826,4.8897,3.5000,3.0000,0.0256,0.4036,0.0212,0.4659,0.8294,0.5666,0.2713
165620.0000,47.2000,8,7,4,2,45.8618,2025-12-05 12:19:00,2026-01-20 09:00:00,2.5295,2.3465,3.6872,1988.7500,3,1,3.5243,4.0233,2.5000,3.0000,0.1416,0.4441,0.1616,0.2338,0.9727,0.4106,0.2713
164640.0000,25.0000,6,5,3,2,14.0375,2025-12-30 09:38:00,2026-01-13 10:32:00,1.9090,1.9212,2.2330,1670.8333,2,1,3.3543,2.9883,1.3000,2.0000,0.0256,0.0034,0.0805,0.0171,0.9590,0.2928,0.0290
164150.0000,49.6000,6,5,4,2,38.9111,2025-12-05 13:01:00,2026-01-13 10:53:00,2.8042,2.7654,4.0000,2117.5000,3,1,2.5822,2.9057,2.5000,3.0000,0.0256,0.8490,0.1030,0.2338,0.6451,0.2891,0.2713
163905.0000,40.5000,7,5,3,2,15.0069,2025-12-30 11:00:00,2026-01-14 11:10:00,2.2435,2.3039,3.5595,1990.0000,3,1,4.2150,3.4859,3.1000,3.0000,0.0853,0.1928,0.0811,0.4369,0.9966,0.3474,0.2713
163415.0000,29.1000,7,5,4,2,30.9174,2025-12-05 13:05:00,2026-01-05 11:06:00,2.2303,2.2817,2.9571,2118.5714,2,1,2.8991,3.3894,1.3000,2.0000,0.0853,0.1263,0.0955,0.0171,0.8464,0.3338,0.0290
162925.0000,43.8000,6,4,3,2,21.0826,2025-12-15 09:49:00,2026-01-05 11:48:00,2.7930,2.7403,4.0000,2220.8333,3,1,1.7576,2.8979,2.5000,3.0000,0.0256,0.8413,0.0657,0.2338,0.0273,0.2846,0.2713
162680.0000,54.9000,11,8,5,2,33.0132,2025-12-03 10:01:00,2026-01-05 10:20:00,2.7566,2.6878,3.8698,2841.3636,3,1,2.4578,5.1732,2.5000,3.0000,0.2474,0.7235,0.1776,0.2338,0.5461,0.5502,0.2713
162190.0000,44.1000,10,7,3,1,22.9660,2025-12-03 11:10:00,2025-12-26 10:21:00,2.7331,2.7351,3.5108,2014.0000,2,1,2.3359,4.7004,1.3000,2.0000,0.2150,0.6770,0.1110,0.0171,0.4608,0.4775,0.0290
161455.0000,42.4000,8,6,4,1,20.9069,2025-12-02 11:14:00,2025-12-23 09:00:00,2.4703,2.5053,3.1031,2108.1250,3,1,2.2952,3.7261,3.1000,3.0000,0.1416,0.4027,0.0805,0.4369,0.4164,0.3679,0.2713
160965.0000,39.1000,11,5,3,1,17.8139,2025-12-05 13:29:00,2025-12-23 09:01:00,2.2334,2.2726,2.9115,1890.0000,3,1,2.6998,5.1654,2.5000,3.0000,0.2474,0.1195,0.0510,0.2338,0.7304,0.5457,0.2713
160720.0000,55.2000,12,7,4,2,23.9924,2025-11-28 15:31:00,2025-12-22 15:20:00,2.6922,2.6422,3.8241,2937.0833,3,1,2.5779,5.5754,2.5000,3.0000,0.2901,0.6856,0.1445,0.2338,0.6416,0.5795,0.2713
160230.0000,73.5000,17,11,6,2,40.7681,2025-11-11 17:02:00,2025-12-22 11:28:00,2.5685,2.6513,3.7496,3122.6471,4,1,2.7799,7.7390,4.3000,4.0000,0.4505,0.6084,0.2496,0.7082,0.7645,0.7171,0.7218
159740.0000,59.7000,13,9,5,2,34.8368,2025-11-12 17:46:00,2025-12-17 13:51:00,2.6597,2.6524,3.7511,2514.6154,3,1,2.5704,5.8932,3.5000,3.0000,0.3259,0.6455,0.2043,0.4659,0.6382,0.6195,0.2713
159495.0000,42.6000,11,7,6,2,34.9646,2025-11-11 13:27:00,2025-12-16 12:36:00,2.5464,2.4943,3.8786,3019.5455,2,1,2.3069,4.9679,1.3000,2.0000,0.2474,0.5461,0.1541,0.0171,0.4300,0.5133,0.0290
159005.0000,40.9000,12,8,5,2,27.7688,2025-11-13 16:58:00,2025-12-11 11:25:00,2.2195,2.0382,4.0000,2729.1667,3,1,2.0453,5.4447,2.5000,3.0000,0.2901,0.2270,0.1741,0.2338,0.1741,0.5672,0.2713
158515.0000,43.0000,11,6,4,2,27.7646,2025-11-13 16:07:00,2025-12-11 10:28:00,2.4955,2.7563,3.4785,2366.8182,2,1,2.3806,4.9794,1.3000,2.0000,0.2474,0.5683,0.1182,0.0171,0.4949,0.5137,0.0290
158270.0000,43.3000,8,4,3,2,27.0028,2025-11-14 09:03:00,2025-12-11 09:07:00,2.4256,2.5920,3.3222,1983.7500,3,1,2.9461,3.6381,2.5000,3.0000,0.1416,0.4275,0.0684,0.2338,0.8601,0.3526,0.2713
156555.0000,45.5000,7,4,3,1,19.0854,2025-11-06 10:57:00,2025-11-25 13:00:00,2.7633,2.7289,3.3906,3157.8571,3,1,2.2119,3.0754,3.5000,3.0000,0.0853,0.6732,0.0301,0.4659,0.3276,0.2860,0.2713
147735.0000,31.0000,6,4,3,2,34.9431,2025-09-17 15:00:00,2025-10-22 13:38:00,2.1451,2.1539,2.3091,1893.3333,3,1,3.4332,2.3643,2.5000,3.0000,0.0256,0.0452,0.0759,0.2338,0.9659,0.2195,0.2713
147245.0000,40.8000,7,5,4,2,34.9583,2025-09-17 16:10:00,2025-10-22 15:10:00,2.6690,2.9206,3.2035,2395.0000,2,1,2.7255,2.6881,1.7000,2.0000,0.0853,0.6766,0.0989,0.0461,0.7474,0.2444,0.0290
146755.0000,32.5000,7,6,3,2,34.7799,2025-09-17 15:46:00,2025-10-22 10:29:00,2.0898,2.3007,2.5829,2517.1429,3,1,2.8392,2.7186,2.5000,3.0000,0.0853,0.0529,0.1230,0.2338,0.8157,0.2495,0.2713
146020.0000,29.7000,7,5,4,2,30.1264,2025-09-16 09:08:00,2025-10-16 12:10:00,2.2565,2.3000,2.8065,1534.2857,2,1,3.5761,2.6932,1.7000,2.0000,0.0853,0.1493,0.0948,0.0461,0.9795,0.2396,0.0290
145285.0000,64.1000,6,6,5,2,41.9396,2025-09-05 10:34:00,2025-10-17 09:07:00,3.0272,3.0215,3.6915,2491.6667,4,1,2.6484,2.2879,5.0000,4.0000,0.0256,0.8166,0.1311,0.9471,0.7031,0.2140,0.7218
144795.0000,38.4000,9,7,5,2,41.8444,2025-09-05 12:44:00,2025-10-17 09:00:00,2.3264,2.1722,2.9251,2588.8889,3,1,3.1011,3.3373,2.5000,3.0000,0.1860,0.1357,0.1589,0.2338,0.9113,0.3014,0.2713
144550.0000,55.5000,8,6,5,3,48.9458,2025-08-28 11:33:00,2025-10-16 10:15:00,2.7891,2.8227,3.5753,2250.6250,3,1,3.8280,3.0187,3.1000,3.0000,0.1416,0.7415,0.1753,0.4369,0.9863,0.2696,0.2713
144305.0000,39.1000,9,7,5,3,48.6639,2025-08-29 18:00:00,2025-10-17 09:56:00,2.2314,1.8619,3.5686,2428.8889,3,1,4.4141,3.3547,2.5000,3.0000,0.1860,0.0956,0.2030,0.2338,1.0000,0.3058,0.2713
142590.0000,47.6000,6,6,4,3,102.9743,2025-07-03 12:01:00,2025-10-14 11:24:00,2.7940,2.9173,3.5075,3507.5000,3,1,2.5180,2.1576,2.5000,3.0000,0.0256,0.7500,0.2073,0.2338,0.5904,0.2020,0.2713
141855.0000,58.1000,9,7,6,4,118.1688,2025-06-18 14:12:00,2025-10-14 18:15:00,2.6789,2.9069,4.0000,2413.3333,3,1,3.3991,3.1308,2.5000,3.0000,0.1860,0.8387,0.2828,0.2338,0.9625,0.2829,0.2713
141365.0000,75.3000,12,9,7,5,140.2208,2025-05-27 11:19:00,2025-10-14 16:37:00,2.8248,2.8657,4.0000,2871.6667,4,1,2.8104,4.0706,4.3000,4.0000,0.2901,0.8771,0.3770,0.7082,0.7986,0.3894,0.7218
140630.0000,65.8000,11,11,10,5,152.8625,2025-05-14 12:20:00,2025-10-14 09:02:00,2.7100,2.6008,4.0000,3164.0909,4,1,1.9536,3.4936,4.3000,4.0000,0.2474,0.7517,0.4183,0.7082,0.0922,0.3205,0.7218
140140.0000,68.0000,10,8,6,4,151.3812,2025-05-12 09:06:00,2025-10-10 18:15:00,2.6801,2.7244,3.9610,2577.0000,4,1,3.0441,3.1136,4.3000,4.0000,0.2150,0.7248,0.3131,0.7082,0.8874,0.2765,0.7218
139895.0000,51.2000,13,10,7,3,103.0028,2025-05-16 10:58:00,2025-08-27 11:02:00,2.4774,2.1631,4.0000,2226.9231,3,1,2.9899,3.9569,2.5000,3.0000,0.3259,0.4061,0.3124,0.2338,0.8737,0.3666,0.2713
139405.0000,61.7000,16,13,9,4,354.0208,2024-08-29 09:00:00,2025-08-18 09:30:00,2.2742,2.3273,3.1752,2337.5000,4,1,2.5827,4.6523,4.3000,4.0000,0.4113,0.2031,0.4366,0.7082,0.6485,0.4341,0.7218
138915.0000,65.4000,13,12,7,3,310.0535,2024-08-21 10:25:00,2025-06-27 11:42:00,2.5602,2.4734,3.5366,2196.9231,4,1,2.8867,3.5197,4.3000,4.0000,0.3259,0.4940,0.3737,0.7082,0.8396,0.2904,0.7218
138425.0000,63.3000,14,13,9,6,357.1215,2024-08-23 12:02:00,2025-08-15 14:57:00,2.4257,2.3226,4.0000,2251.4286,4,1,1.9913,4.0342,4.3000,4.0000,0.3549,0.4599,0.5067,0.7082,0.1331,0.3638,0.7218
138180.0000,67.4000,16,15,11,6,367.8042,2024-08-19 14:15:00,2025-08-22 09:33:00,2.4123,2.3475,3.4979,2389.6875,4,1,2.7392,4.1683,4.3000,4.0000,0.4113,0.3323,0.5544,0.7082,0.7509,0.3935,0.7218
137935.0000,75.6000,13,12,10,7,347.3153,2024-08-30 09:01:00,2025-08-12 16:35:00,2.7200,2.6194,4.0000,2100.7692,4,1,2.9926,3.6733,4.3000,4.0000,0.3259,0.7747,0.5060,0.7082,0.8771,0.3235,0.7218
137445.0000,51.9000,16,14,8,7,365.9549,2024-08-20 11:31:00,2025-08-21 10:26:00,2.2727,2.2719,2.7880,2052.8125,3,1,3.1595,4.4268,2.5000,3.0000,0.4113,0.1382,0.5558,0.2338,0.9215,0.4061,0.2713
137200.0000,58.6000,19,15,8,5,113.9993,2025-04-29 10:34:00,2025-08-21 10:33:00,2.3858,2.3091,3.5108,2339.4737,3,1,3.3050,5.6951,2.5000,3.0000,0.5239,0.2828,0.4903,0.2338,0.9522,0.5587,0.2713
136955.0000,71.4000,20,16,11,7,369.1840,2024-08-16 09:44:00,2025-08-20 14:09:00,2.3779,2.3039,3.7146,2192.7500,4,1,2.5999,5.6333,4.3000,4.0000,0.5563,0.2969,0.5932,0.7082,0.6689,0.5474,0.7218
136710.0000,71.4000,21,18,14,7,370.9000,2024-08-15 13:09:00,2025-08-21 10:45:00,2.2938,2.0264,4.0000,2106.4286,4,1,2.5943,5.6687,4.3000,4.0000,0.5836,0.2526,0.6169,0.7082,0.6587,0.5573,0.7218
136220.0000,81.0000,23,19,12,7,360.1653,2024-08-16 09:00:00,2025-08-11 12:58:00,2.4878,2.3943,4.0000,2447.3913,4,1,2.8095,5.7976,4.3000,4.0000,0.6519,0.5392,0.6281,0.7082,0.7952,0.5676,0.7218
135975.0000,74.4000,14,14,10,7,602.6250,2023-12-27 18:07:00,2025-08-21 09:07:00,2.6211,2.4888,4.0000,2998.9286,4,1,2.7854,3.4201,4.3000,4.0000,0.3549,0.6647,0.6111,0.7082,0.7713,0.2976,0.7218
135730.0000,74.2000,15,12,9,5,342.2069,2024-09-03 09:00:00,2025-08-11 13:58:00,2.6377,2.4916,4.0000,2566.0000,4,1,3.2596,4.0454,4.3000,4.0000,0.3771,0.6749,0.4539,0.7082,0.9454,0.3655,0.7218
135240.0000,80.4000,12,11,9,6,582.0361,2024-01-02 11:36:00,2025-08-06 12:28:00,2.6634,2.7244,3.9206,2655.8333,5,1,3.5744,3.0392,6.8000,5.0000,0.2901,0.7056,0.5227,0.9812,0.9761,0.2478,0.9812
134750.0000,77.9000,11,10,8,7,582.2687,2024-01-02 10:28:00,2025-08-06 16:55:00,2.9490,3.0138,4.0000,3365.4545,4,1,3.2509,3.1836,4.3000,4.0000,0.2474,0.9181,0.5299,0.7082,0.9420,0.2655,0.7218
134260.0000,48.1000,13,12,8,6,592.9250,2023-12-20 10:49:00,2025-08-04 09:01:00,2.2994,2.2087,2.9945,1644.6154,3,1,3.1153,3.3636,2.5000,3.0000,0.3259,0.1382,0.5392,0.2338,0.9181,0.2696,0.2713
134015.0000,62.4000,16,14,9,6,595.1069,2023-12-19 11:52:00,2025-08-05 14:26:00,2.3039,2.2612,3.5043,1715.9375,4,1,2.3383,3.9840,4.3000,4.0000,0.4113,0.2193,0.5829,0.7082,0.4642,0.3498,0.7218
133525.0000,78.2000,18,15,12,8,599.2201,2023-12-15 10:27:00,2025-08-05 15:44:00,2.5101,2.6170,4.0000,2435.5556,4,1,2.7615,4.2252,4.3000,4.0000,0.4863,0.6519,0.6482,0.7082,0.7577,0.3819,0.7218
133035.0000,63.1000,23,20,14,8,595.9653,2023-12-18 10:17:00,2025-08-05 09:27:00,2.2841,2.1684,4.0000,2512.3913,3,1,2.7932,5.3449,2.5000,3.0000,0.6519,0.2807,0.7069,0.2338,0.7782,0.5164,0.2713
132790.0000,79.2000,18,16,12,8,578.8958,2024-01-04 11:30:00,2025-08-05 09:00:00,2.6271,2.5005,4.0000,2158.8889,4,1,2.8084,4.4830,4.3000,4.0000,0.4863,0.6724,0.6540,0.7082,0.7918,0.3901,0.7218
132545.0000,87.2000,27,24,14,10,595.7382,2023-12-14 15:47:00,2025-08-01 09:30:00,2.6487,2.6833,3.8104,2396.6667,4,1,2.4870,6.3933,4.3000,4.0000,0.7406,0.6587,0.7863,0.7082,0.5666,0.5935,0.7218
132055.0000,79.1000,22,20,13,7,487.9340,2023-12-15 15:57:00,2025-04-16 14:22:00,2.4529,2.4049,4.0000,1940.0000,4,1,3.0135,4.7157,4.3000,4.0000,0.6143,0.5316,0.6502,0.7082,0.8805,0.4181,0.7218
131320.0000,72.3000,17,15,12,10,489.7028,2023-12-13 17:12:00,2025-04-16 10:04:00,2.5130,2.4330,4.0000,2327.3529,4,1,2.4762,3.4113,4.3000,4.0000,0.4505,0.5623,0.6534,0.7082,0.5529,0.2666,0.7218
131075.0000,86.7000,23,18,15,9,466.9187,2024-01-11 12:13:00,2025-04-22 10:16:00,2.8503,2.8567,4.0000,2874.1304,4,1,2.5619,4.7752,4.3000,4.0000,0.6519,0.8823,0.6627,0.7082,0.6314,0.4304,0.7218
130585.0000,78.0000,14,10,10,7,455.9785,2024-01-16 16:56:00,2025-04-16 16:25:00,3.3873,3.4398,4.0000,3498.5714,4,1,2.3106,2.8765,5.0000,4.0000,0.3549,0.9360,0.4924,0.9471,0.4369,0.2133,0.7218
129850.0000,79.9000,22,16,13,9,454.1653,2024-01-17 09:24:00,2025-04-15 13:22:00,2.6492,2.4802,4.0000,2655.2273,4,1,2.5575,4.5515,4.3000,4.0000,0.6143,0.6775,0.6376,0.7082,0.6212,0.3887,0.7218
129115.0000,92.6000,33,28,21,11,489.1701,2023-12-13 10:49:00,2025-04-15 14:54:00,2.4364,2.3638,4.0000,1971.5152,5,1,2.4198,6.6445,6.8000,5.0000,0.8464,0.4957,0.8145,0.9812,0.5188,0.6143,0.9812
128380.0000,81.2000,33,29,17,10,447.9257,2024-01-19 16:39:00,2025-04-11 14:52:00,2.2626,2.1297,4.0000,2089.0909,4,1,2.8037,6.5435,4.3000,4.0000,0.8464,0.2654,0.7919,0.7082,0.7816,0.5894,0.7218
127645.0000,87.7000,34,28,17,12,505.9208,2023-11-22 11:20:00,2025-04-11 09:26:00,2.3926,2.4008,4.0000,2301.4706,4,1,2.8295,6.4474,4.3000,4.0000,0.8703,0.4727,0.8395,0.7082,0.8089,0.5809,0.7218
127400.0000,85.5000,30,23,18,11,504.9639,2023-11-23 11:38:00,2025-04-11 10:46:00,2.5019,2.4604,3.8399,2654.5000,4,1,3.0764,6.0858,4.3000,4.0000,0.7782,0.4915,0.7744,0.7082,0.8908,0.5580,0.7218
127155.0000,88.6000,33,26,17,8,497.0208,2023-12-01 11:30:00,2025-04-11 12:00:00,2.4712,2.5555,4.0000,2445.6061,4,1,2.9670,6.6196,4.3000,4.0000,0.8464,0.5904,0.7272,0.7082,0.8669,0.5969,0.7218
126910.0000,92.7000,29,23,17,10,507.0139,2023-11-20 15:02:00,2025-04-10 15:22:00,2.6865,2.4369,4.0000,2663.9655,4,1,3.0995,5.9559,5.0000,4.0000,0.7645,0.6852,0.7514,0.9471,0.9078,0.5478,0.7218
126665.0000,90.0000,32,26,17,11,507.0201,2023-11-21 10:31:00,2025-04-11 11:00:00,2.5528,2.4734,4.0000,2265.9375,4,1,2.9812,6.4226,4.3000,4.0000,0.8225,0.6109,0.8032,0.7082,0.8703,0.5805,0.7218
126175.0000,92.5000,31,26,17,10,507.0493,2023-11-21 10:11:00,2025-04-11 11:22:00,2.7577,2.6057,4.0000,2821.7742,4,1,2.7225,6.5606,4.3000,4.0000,0.8020,0.7875,0.7788,0.7082,0.7372,0.5911,0.7218
125685.0000,73.8000,30,23,16,12,500.1806,2023-11-27 12:24:00,2025-04-10 16:44:00,2.5143,2.4629,4.0000,2285.0000,3,1,2.5038,6.6360,2.5000,3.0000,0.7782,0.5802,0.7885,0.2338,0.5734,0.5966,0.2713
125195.0000,83.0000,26,21,14,11,511.0715,2023-11-16 11:44:00,2025-04-10 13:27:00,2.4604,2.3593,4.0000,2559.2308,4,1,2.6920,5.7262,4.3000,4.0000,0.7235,0.5188,0.7600,0.7082,0.7270,0.5133,0.7218
124460.0000,74.5000,20,14,10,7,357.9076,2024-04-16 14:30:00,2025-04-09 12:17:00,2.8907,2.9516,4.0000,2928.7500,3,1,2.8834,4.5363,3.1000,3.0000,0.5563,0.9053,0.5531,0.4369,0.8328,0.3659,0.2713
123725.0000,65.0000,11,9,7,7,622.1257,2023-07-27 09:01:00,2025-04-09 12:02:00,2.8203,2.8339,4.0000,3109.5455,3,1,3.0827,2.4169,3.1000,3.0000,0.2474,0.8695,0.5240,0.4369,0.8976,0.1498,0.2713
122990.0000,45.7000,12,10,7,6,547.9444,2023-07-26 10:37:00,2025-01-24 09:17:00,2.3250,2.4323,3.1396,2071.2500,3,1,2.5466,2.4233,2.5000,3.0000,0.2901,0.2730,0.4963,0.2338,0.6075,0.1451,0.2713
122745.0000,72.2000,19,16,13,9,900.7201,2022-10-21 16:24:00,2025-04-09 09:41:00,2.4267,2.0587,4.0000,2289.2105,4,1,3.2848,3.5764,4.3000,4.0000,0.5239,0.3319,0.7148,0.7082,0.9488,0.2625,0.7218
122010.0000,57.1000,18,14,10,8,818.7271,2022-10-21 16:50:00,2025-01-17 10:17:00,2.4224,2.3136,3.9656,1927.2222,3,1,2.7227,3.1731,2.5000,3.0000,0.4863,0.3857,0.6596,0.2338,0.7406,0.2099,0.2713
121765.0000,71.4000,22,21,12,8,1253.0687,2021-08-12 13:14:00,2025-01-16 14:53:00,2.3734,2.1427,3.7466,1823.8636,4,1,2.8078,3.8519,4.3000,4.0000,0.6143,0.2363,0.7577,0.7082,0.7884,0.2829,0.7218
121520.0000,66.4000,22,18,13,7,1238.7826,2021-08-25 16:57:00,2025-01-15 11:44:00,2.2864,2.2850,3.7876,1850.0000,4,1,2.1017,3.8852,4.3000,4.0000,0.6143,0.2500,0.7043,0.7082,0.2253,0.2891,0.7218
121030.0000,62.5000,28,23,15,9,1040.1215,2021-08-13 13:13:00,2024-06-18 16:08:00,2.3732,2.2345,4.0000,2145.0000,3,1,2.1233,4.5115,2.5000,3.0000,0.7560,0.3857,0.7905,0.2338,0.2423,0.3406,0.2713
120540.0000,81.1000,31,25,19,10,1250.0389,2021-08-12 11:35:00,2025-01-13 12:31:00,2.4483,2.4104,3.9432,2564.5161,4,1,2.3212,5.1332,4.3000,4.0000,0.8020,0.4556,0.8348,0.7082,0.4471,0.4369,0.7218
120295.0000,73.8000,25,21,17,9,1026.0493,2022-03-25 09:39:00,2025-01-14 10:50:00,2.3358,2.3653,3.3623,2029.2000,4,1,2.7502,4.0876,4.3000,4.0000,0.7031,0.2526,0.7700,0.7082,0.7543,0.3133,0.7218
119560.0000,81.0000,28,25,20,11,1246.8326,2021-08-16 14:39:00,2025-01-14 10:38:00,2.4797,2.3917,4.0000,2555.3571,4,1,2.2799,4.5064,4.3000,4.0000,0.7560,0.5341,0.8585,0.7082,0.4061,0.3433,0.7218
119070.0000,81.2000,28,22,15,11,1246.8396,2021-08-16 15:26:00,2025-01-14 11:35:00,2.5213,2.5072,4.0000,2889.6429,4,1,2.1451,4.4112,4.3000,4.0000,0.7560,0.6058,0.8362,0.7082,0.2730,0.3382,0.7218
118580.0000,88.8000,35,29,19,11,808.0097,2021-08-17 11:13:00,2023-11-03 11:27:00,2.6316,2.7299,3.8333,2689.0000,4,1,2.2238,5.3824,4.3000,4.0000,0.8840,0.6847,0.8927,0.7082,0.3447,0.4594,0.7218
118090.0000,89.0000,32,25,17,10,748.9764,2021-08-17 10:54:00,2023-09-05 10:20:00,2.4714,2.4250,4.0000,2537.8125,5,1,2.3067,4.8928,6.8000,5.0000,0.8225,0.5418,0.8089,0.9812,0.4266,0.3706,0.9812
117845.0000,95.1000,37,30,20,10,765.6806,2021-08-17 17:10:00,2023-09-22 09:30:00,2.6974,2.5920,4.0000,2743.1081,5,1,1.9806,5.7201,6.8000,5.0000,0.9044,0.7338,0.8647,0.9812,0.1229,0.4577,0.9812
117600.0000,83.5000,33,26,19,10,783.9424,2021-08-18 10:24:00,2023-10-11 09:01:00,2.5142,2.5169,4.0000,2236.8182,4,1,2.1276,5.0898,4.3000,4.0000,0.8464,0.6032,0.8307,0.7082,0.2560,0.4078,0.7218
117110.0000,96.7000,34,27,19,11,770.7611,2021-09-02 16:35:00,2023-10-13 10:51:00,2.6844,2.6422,4.0000,2897.5000,5,1,2.2587,5.2344,6.8000,5.0000,0.8703,0.7619,0.8634,0.9812,0.3788,0.4256,0.9812
116620.0000,87.6000,32,28,22,12,804.1542,2021-08-19 11:18:00,2023-11-01 15:00:00,2.5209,2.6833,4.0000,2528.4375,4,1,2.3108,4.9370,4.3000,4.0000,0.8225,0.6826,0.8968,0.7082,0.4403,0.3993,0.7218
116130.0000,96.4000,34,25,17,12,799.0347,2021-08-19 10:12:00,2023-10-27 11:02:00,2.6057,2.6696,4.0000,2712.7941,5,1,2.3433,5.2262,6.8000,5.0000,0.8703,0.7210,0.8617,0.9812,0.4710,0.4294,0.9812
115885.0000,84.0000,30,20,16,11,804.1694,2021-08-19 11:38:00,2023-11-01 15:42:00,2.6855,2.6918,4.0000,2296.0000,4,1,1.9214,4.6296,4.3000,4.0000,0.7782,0.7799,0.8061,0.7082,0.0751,0.3560,0.7218
115640.0000,92.7000,27,22,15,9,796.9924,2021-08-19 10:18:00,2023-10-25 10:07:00,2.9246,2.8009,4.0000,3386.6667,5,1,2.0923,4.1719,6.8000,5.0000,0.7406,0.8925,0.7711,0.9812,0.2116,0.3007,0.9812
114905.0000,99.0000,36,30,20,11,803.1333,2021-08-19 09:02:00,2023-10-31 12:14:00,2.7061,2.7882,4.0000,2582.2222,5,1,2.2102,5.5354,6.8000,5.0000,0.8942,0.8080,0.9000,0.9812,0.3208,0.4594,0.9812
114415.0000,89.8000,41,30,22,11,782.0562,2021-09-09 10:04:00,2023-10-31 11:25:00,2.5625,2.4916,4.0000,2329.5122,4,1,2.2639,6.3135,4.3000,4.0000,0.9386,0.6288,0.8966,0.7082,0.3857,0.5276,0.7218
113680.0000,89.6000,38,29,24,11,782.0042,2021-09-08 16:35:00,2023-10-30 16:41:00,2.6303,2.5144,4.0000,2608.2895,4,1,2.2132,5.8425,4.3000,4.0000,0.9164,0.6800,0.8859,0.7082,0.3311,0.4969,0.7218
113435.0000,84.8000,33,28,19,13,768.7938,2021-09-22 15:13:00,2023-10-31 10:16:00,2.4289,2.3091,4.0000,2024.0909,4,1,2.1578,5.0541,5.0000,4.0000,0.8464,0.4548,0.8956,0.9471,0.2969,0.4143,0.7218
112945.0000,88.8000,33,28,21,14,756.8062,2021-09-09 15:04:00,2023-10-06 10:25:00,2.7141,2.6833,4.0000,2491.9697,4,1,2.0692,5.0221,4.3000,4.0000,0.8464,0.7927,0.9038,0.7082,0.1877,0.3939,0.7218
112700.0000,88.6000,61,43,28,15,618.1313,2021-09-22 11:02:00,2023-06-02 14:11:00,2.4199,2.3000,4.0000,2078.2787,4,1,2.2469,9.2864,4.3000,4.0000,0.9966,0.4394,0.9606,0.7082,0.3720,0.6147,0.7218
112455.0000,83.8000,52,38,24,14,744.0174,2021-09-22 09:17:00,2023-10-06 09:42:00,2.3235,2.1859,4.0000,1921.5385,4,1,2.1276,7.9090,4.3000,4.0000,0.9761,0.3166,0.9479,0.7082,0.2594,0.5863,0.7218
112210.0000,86.7000,58,41,27,16,625.8069,2021-09-17 15:56:00,2023-06-05 11:18:00,2.3687,2.2708,4.0000,2212.7586,4,1,2.1457,8.8291,4.3000,4.0000,0.9932,0.3908,0.9651,0.7082,0.2765,0.6085,0.7218
111965.0000,89.5000,45,39,27,15,744.0625,2021-09-22 09:40:00,2023-10-06 11:10:00,2.5159,2.5464,4.0000,2464.3333,4,1,1.9597,6.8600,4.3000,4.0000,0.9556,0.6237,0.9594,0.7082,0.1058,0.5573,0.7218
111475.0000,85.1000,46,31,22,14,613.0069,2021-09-17 13:28:00,2023-05-23 13:38:00,2.4259,2.2923,3.8851,1906.0870,4,1,2.3167,6.9892,4.3000,4.0000,0.9642,0.3703,0.9224,0.7082,0.4437,0.5413,0.7218
111230.0000,83.5000,54,36,26,14,607.1160,2021-09-29 09:05:00,2023-05-29 11:52:00,2.2351,2.1023,4.0000,2078.9815,4,1,2.3713,8.2544,4.3000,4.0000,0.9846,0.2423,0.9334,0.7082,0.4846,0.5846,0.7218
110740.0000,86.3000,54,38,28,14,615.2347,2021-09-21 09:01:00,2023-05-29 14:39:00,2.3425,2.2643,4.0000,2270.3704,4,1,2.2601,8.2674,4.3000,4.0000,0.9846,0.3780,0.9431,0.7082,0.3823,0.5881,0.7218
110495.0000,86.3000,42,33,22,16,604.0715,2021-09-29 10:46:00,2023-05-26 12:29:00,2.4130,2.3749,4.0000,2298.2143,4,1,2.1830,6.4055,4.3000,4.0000,0.9454,0.4804,0.9384,0.7082,0.3106,0.5096,0.7218
110250.0000,91.1000,49,37,29,16,610.0569,2021-09-21 11:01:00,2023-05-24 12:23:00,2.4726,2.4277,4.0000,2319.6939,4,1,2.4277,7.4913,4.3000,4.0000,0.9727,0.5469,0.9504,0.7082,0.5256,0.5625,0.7218
110005.0000,87.7000,40,31,24,14,604.0535,2021-09-20 10:31:00,2023-05-17 11:48:00,2.5836,2.5099,4.0000,2652.3750,4,1,1.8517,6.0864,4.3000,4.0000,0.9334,0.6570,0.9190,0.7082,0.0546,0.4877,0.7218
109760.0000,89.6000,46,37,25,14,587.9715,2021-10-21 09:41:00,2023-06-01 09:00:00,2.4940,2.4047,4.0000,2390.7609,4,1,2.2766,7.0472,4.3000,4.0000,0.9642,0.5546,0.9270,0.7082,0.4027,0.5577,0.7218
109515.0000,88.0000,46,34,25,15,617.1444,2021-09-21 11:11:00,2023-05-31 14:39:00,2.4301,2.4908,3.7511,2317.7174,4,1,2.3891,7.0340,4.3000,4.0000,0.9642,0.4484,0.9430,0.7082,0.4983,0.5543,0.7218
109270.0000,95.2000,53,41,28,17,616.0653,2021-09-21 10:41:00,2023-05-30 12:15:00,2.5403,2.5281,3.8698,2600.4717,5,1,1.7929,8.0883,6.8000,5.0000,0.9795,0.5546,0.9641,0.9812,0.0341,0.5819,0.9812
108780.0000,86.6000,64,45,27,15,619.0500,2021-09-20 09:08:00,2023-06-01 10:20:00,2.4421,2.2286,4.0000,2524.0625,4,1,2.0001,9.7987,4.3000,4.0000,1.0000,0.4164,0.9628,0.7082,0.1433,0.6256,0.7218
108045.0000,83.7000,37,33,19,13,596.8486,2021-09-20 15:16:00,2023-05-10 11:38:00,2.4462,2.3685,4.0000,2544.1892,4,1,2.0849,5.6290,4.3000,4.0000,0.9044,0.5085,0.9108,0.7082,0.2014,0.4273,0.7218
107555.0000,81.0000,35,29,19,13,566.0368,2021-10-22 09:10:00,2023-05-11 10:03:00,2.4291,2.2452,4.0000,2419.7143,4,1,2.1877,5.3350,4.3000,4.0000,0.8840,0.4138,0.8789,0.7082,0.3140,0.4116,0.7218
107065.0000,84.1000,42,33,22,13,563.0819,2021-10-22 10:11:00,2023-05-08 12:09:00,2.3812,2.3551,4.0000,2294.4048,4,1,2.1662,6.3988,4.3000,4.0000,0.9454,0.4369,0.8999,0.7082,0.3003,0.4915,0.7218
106575.0000,88.3000,39,27,21,13,563.8417,2021-10-22 13:42:00,2023-05-09 09:54:00,2.5399,2.5363,4.0000,2257.1795,4,1,2.2833,5.9326,4.3000,4.0000,0.9266,0.6365,0.8591,0.7082,0.4096,0.4662,0.7218
105840.0000,77.0000,40,31,18,11,545.9007,2021-10-29 15:52:00,2023-04-28 13:29:00,2.3199,2.2689,3.5947,1906.0000,4,1,2.0002,6.0740,4.3000,4.0000,0.9334,0.2483,0.8625,0.7082,0.1468,0.4655,0.7218
105105.0000,83.1000,34,26,16,10,541.9271,2021-10-29 10:58:00,2023-04-24 09:13:00,2.5543,2.4459,4.0000,2703.2353,4,1,2.2182,5.1747,4.3000,4.0000,0.8703,0.5981,0.7863,0.7082,0.3413,0.3754,0.7218
