data;setup;nivel;lado;entrada;hora;saida;motivo;pts
2021-08-24;C;R1;VENDA;119356;09:14;09:16;STOP+;45.00
2021-08-24;C;R2;VENDA;119632;10:03;10:05;STOP+;45.00
2021-08-24;C;R3;VENDA;120078;10:38;10:38;STOP;-100.00
2021-08-24;C;R4;VENDA;120353;10:50;10:52;STOP+;45.00
2021-08-25;C;S3;COMPRA;119853;10:36;15:11;ALVO;350.57
2021-08-26;C;S1;COMPRA;120649;09:38;09:40;STOP+;45.00
2021-08-26;C;S4;COMPRA;119753;15:22;15:24;STOP+;45.00
2021-08-30;C;S1;COMPRA;120648;09:37;09:46;STOP+;45.00
2021-08-30;C;S2;COMPRA;120357;10:33;10:34;STOP;-100.00
2021-08-31;C;S3;COMPRA;119181;13:37;13:43;STOP;-100.00
2021-08-31;C;S4;COMPRA;118943;13:44;13:49;STOP;-100.00
2021-09-02;C;S1;COMPRA;118889;10:09;10:09;STOP;-100.00
2021-09-02;C;S2;COMPRA;118453;10:37;10:37;STOP;-100.00
2021-09-03;C;R1;VENDA;118294;09:30;09:32;STOP+;45.00
2021-09-08;C;S2;COMPRA;116393;10:54;10:57;STOP+;45.00
2021-09-08;C;S3;COMPRA;115926;11:21;11:25;STOP+;45.00
2021-09-08;C;S4;COMPRA;115637;11:36;11:37;STOP;-100.00
2021-09-10;C;S3;COMPRA;114772;14:41;15:22;ALVO;403.08
2021-09-13;C;R1;VENDA;116439;09:56;09:59;STOP+;45.00
2021-09-15;C;S2;COMPRA;115787;10:33;10:35;STOP+;45.00
2021-09-16;C;S1;COMPRA;114174;10:09;10:11;STOP+;45.00
2021-09-17;C;S2;COMPRA;113065;10:33;10:34;STOP;-100.00
2021-09-17;C;S3;COMPRA;112623;10:53;10:56;STOP+;45.00
2021-09-17;C;S4;COMPRA;112350;11:05;11:10;STOP+;45.00
2021-09-22;C;R1;VENDA;112134;09:10;09:12;STOP+;45.00
2021-09-22;C;R4;VENDA;113553;15:15;15:17;STOP+;45.00
2021-09-23;C;R2;VENDA;113908;10:54;10:56;STOP+;45.00
2021-09-29;C;R2;VENDA;111840;11:42;11:42;STOP;-100.00
2021-09-30;C;R1;VENDA;112135;09:43;09:45;STOP+;45.00
2021-10-01;C;R1;VENDA;111521;10:14;10:15;STOP;-100.00
2021-10-01;C;R2;VENDA;111812;10:18;10:20;STOP+;45.00
2021-10-04;C;S1;COMPRA;111836;10:07;10:09;STOP;-100.00
2021-10-04;C;S2;COMPRA;111550;10:25;10:27;STOP;-100.00
2021-10-04;C;S3;COMPRA;111086;11:23;11:25;STOP;-100.00
2021-10-04;C;S4;COMPRA;110800;11:39;11:43;STOP+;45.00
2021-10-06;C;S1;COMPRA;108616;09:05;09:05;STOP;-100.00
2021-10-08;C;R1;VENDA;111715;09:29;09:29;STOP;-100.00
2021-10-08;C;R2;VENDA;111943;09:29;09:38;STOP+;45.00
2021-10-11;C;S1;COMPRA;112227;16:28;16:35;STOP;-100.00
2021-10-18;C;S1;COMPRA;114605;09:11;09:14;STOP+;45.00
2021-10-18;C;S2;COMPRA;114323;09:46;09:53;STOP+;45.00
2021-10-18;C;S3;COMPRA;113868;10:35;10:37;STOP+;45.00
2021-10-19;C;S1;COMPRA;114256;09:01;09:01;STOP;-100.00
2021-10-19;C;S2;COMPRA;113863;09:11;09:12;STOP;-100.00
2021-10-20;C;S2;COMPRA;110133;17:47;17:49;STOP+;45.00
2021-10-22;C;S4;COMPRA;104073;11:46;11:48;STOP+;45.00
2021-10-27;C;R2;VENDA;108312;10:13;10:15;STOP+;45.00
2021-10-27;C;R3;VENDA;108875;11:01;11:02;STOP;-100.00
2021-11-03;C;R4;VENDA;107225;12:44;12:45;STOP;-100.00
2021-11-04;C;S3;COMPRA;105823;10:30;10:32;STOP+;45.00
2021-11-04;C;S4;COMPRA;105427;10:50;10:52;STOP+;45.00
2021-11-05;C;R1;VENDA;105530;10:18;10:20;STOP+;45.00
2021-11-05;C;R2;VENDA;106105;10:52;10:53;STOP;-100.00
2021-11-09;C;R2;VENDA;106970;10:49;10:52;STOP;-100.00
2021-11-10;C;R3;VENDA;107105;11:30;11:31;STOP;-100.00
2021-11-10;C;R4;VENDA;107427;11:56;11:58;STOP+;45.00
2021-11-11;C;R1;VENDA;108475;10:25;10:28;STOP+;45.00
2021-11-11;C;R2;VENDA;109047;11:51;11:54;STOP+;45.00
2021-11-12;C;S3;COMPRA;107211;11:21;11:23;STOP+;45.00
2021-11-12;C;S4;COMPRA;106907;11:31;11:34;STOP+;45.00
2021-11-16;C;S2;COMPRA;105840;11:25;11:26;STOP;-100.00
2021-11-16;C;S3;COMPRA;104993;12:02;12:04;STOP+;45.00
2021-11-17;C;R2;VENDA;105937;09:57;09:59;STOP+;45.00
2021-11-18;C;S1;COMPRA;102623;12:19;12:20;STOP;-100.00
2021-11-22;C;S3;COMPRA;102832;15:40;15:51;STOP+;45.00
2021-11-23;C;R1;VENDA;103261;09:33;09:42;STOP;-100.00
2021-11-23;C;R2;VENDA;103608;10:00;10:02;STOP+;45.00
2021-11-24;C;R1;VENDA;104985;12:50;12:50;STOP;-100.00
2021-11-29;C;R1;VENDA;104196;09:32;09:35;STOP+;45.00
2021-11-30;C;S2;COMPRA;101407;12:56;12:58;STOP+;45.00
2021-11-30;C;S4;COMPRA;100463;14:08;14:10;STOP+;45.00
2021-12-01;C;S3;COMPRA;101149;16:11;16:13;STOP+;45.00
2021-12-02;C;R1;VENDA;102329;09:21;09:25;STOP+;45.00
2021-12-03;C;R1;VENDA;105723;10:16;10:17;STOP;-100.00
2021-12-09;C;S1;COMPRA;107104;10:46;10:49;STOP+;45.00
2021-12-09;C;S2;COMPRA;106890;10:55;10:55;STOP;-100.00
2021-12-09;C;S3;COMPRA;106544;11:49;11:49;STOP;-100.00
2021-12-09;C;S4;COMPRA;106330;11:52;11:54;STOP+;45.00
2021-12-10;C;R1;VENDA;107299;09:05;09:06;STOP;-100.00
2021-12-10;C;R2;VENDA;107577;09:37;09:47;STOP;-100.00
2021-12-10;C;R3;VENDA;108026;10:15;10:18;STOP+;45.00
2021-12-10;C;R4;VENDA;108303;10:30;10:31;STOP;-100.00
2021-12-13;C;R2;VENDA;109472;10:57;10:59;STOP+;45.00
2021-12-14;C;R2;VENDA;108275;09:21;09:28;STOP;-100.00
2021-12-14;C;R3;VENDA;108853;10:08;10:08;STOP;-100.00
2021-12-14;C;R4;VENDA;109210;10:31;13:38;ALVO;599.33
2021-12-17;C;S1;COMPRA;109065;09:25;09:27;STOP+;45.00
2021-12-17;C;S2;COMPRA;108815;09:50;09:52;STOP;-100.00
2021-12-17;C;S3;COMPRA;108410;11:36;11:38;STOP+;45.00
2021-12-17;C;S4;COMPRA;108160;11:55;11:59;STOP+;45.00
2021-12-20;C;S1;COMPRA;106665;10:15;10:15;STOP;-100.00
2021-12-22;C;S1;COMPRA;106100;10:43;10:48;STOP+;45.00
2021-12-22;C;S2;COMPRA;105822;11:17;11:19;STOP+;45.00
2021-12-27;C;R2;VENDA;106648;10:20;10:24;STOP+;45.00
2021-12-29;C;S2;COMPRA;105185;12:12;12:12;STOP;-100.00
2022-01-03;C;R1;VENDA;106806;10:13;10:13;STOP;-100.00
2022-01-03;C;R2;VENDA;107060;10:16;10:19;STOP;-100.00
2022-01-03;C;S4;COMPRA;105105;11:29;11:31;STOP+;45.00
2022-01-05;C;S2;COMPRA;103538;10:29;10:30;STOP;-100.00
2022-01-05;C;S4;COMPRA;102507;16:13;16:15;STOP+;45.00
2022-01-11;C;R2;VENDA;104473;17:56;17:58;STOP;-100.00
2022-01-12;C;R2;VENDA;106307;12:00;14:49;STOP+;45.00
2022-01-13;C;S1;COMPRA;105813;10:00;10:04;STOP+;45.00
2022-01-14;C;R3;VENDA;107222;12:49;12:50;STOP;-100.00
2022-01-17;C;S2;COMPRA;106898;11:00;11:07;STOP;-100.00
2022-01-19;C;R1;VENDA;108141;09:10;09:12;STOP+;45.00
2022-01-19;C;R2;VENDA;108518;10:12;10:14;STOP+;45.00
2022-01-19;C;R3;VENDA;109129;11:29;11:32;STOP+;45.00
2022-01-20;C;R2;VENDA;110448;14:48;14:50;STOP+;45.00
2022-01-21;C;S1;COMPRA;109010;09:05;09:06;STOP;-100.00
2022-01-21;C;R2;VENDA;110422;11:47;11:50;STOP+;45.00
2022-01-24;C;S2;COMPRA;108148;10:55;10:57;STOP+;45.00
2022-01-25;C;S1;COMPRA;107950;09:23;09:27;STOP;-100.00
2022-01-25;C;S2;COMPRA;107625;10:11;10:57;ALVO;353.67
2022-01-25;C;R3;VENDA;110684;17:40;17:40;STOP;-100.00
2022-01-25;C;R4;VENDA;111205;17:45;17:46;STOP;-100.00
2022-01-27;C;R1;VENDA;112625;09:12;09:17;STOP+;45.00
2022-01-27;C;R2;VENDA;112943;10:01;10:03;STOP+;45.00
2022-01-28;C;S1;COMPRA;112195;09:42;09:44;STOP+;45.00
2022-01-31;C;S2;COMPRA;111593;10:25;10:35;ALVO;264.89
2022-02-01;C;R2;VENDA;113313;12:11;12:13;STOP+;45.00
2022-02-02;C;S4;COMPRA;113037;11:40;11:43;STOP;-100.00
2022-02-04;C;S3;COMPRA;111204;10:21;10:22;STOP;-100.00
2022-02-04;C;S4;COMPRA;111017;10:24;10:26;STOP+;45.00
2022-02-08;C;S2;COMPRA;111465;10:04;10:04;STOP;-100.00
2022-02-08;C;S3;COMPRA;111196;10:19;10:28;STOP+;45.00
2022-02-10;C;R4;VENDA;113837;14:57;14:59;STOP+;45.00
2022-02-11;C;R2;VENDA;114117;09:31;09:35;STOP;-100.00
2022-02-17;C;S2;COMPRA;115765;11:37;11:52;STOP+;45.00
2022-02-17;C;S3;COMPRA;115434;12:21;12:23;STOP+;45.00
2022-02-18;C;R1;VENDA;115753;09:49;09:56;STOP+;45.00
2022-02-21;C;S1;COMPRA;113618;16:28;16:31;STOP+;45.00
2022-02-21;C;S2;COMPRA;113183;17:28;17:30;STOP;-100.00
2022-02-22;C;R1;VENDA;114039;09:09;09:11;STOP+;45.00
2022-02-22;C;R2;VENDA;114280;09:17;09:26;STOP+;45.00
2022-02-22;C;R3;VENDA;114669;10:38;10:42;STOP;-100.00
2022-02-25;C;S1;COMPRA;111989;09:14;09:17;STOP+;45.00
2022-02-25;C;R1;VENDA;113732;17:33;17:35;STOP+;45.00
2022-02-25;C;R2;VENDA;114435;18:07;18:15;STOP+;45.00
2022-03-04;C;S2;COMPRA;115292;11:15;11:18;STOP+;45.00
2022-03-04;C;S3;COMPRA;114981;11:46;11:48;STOP+;45.00
2022-03-04;C;S4;COMPRA;114788;12:15;12:17;STOP+;45.00
2022-03-07;C;S2;COMPRA;114390;13:30;13:33;STOP+;45.00
2022-03-07;C;S3;COMPRA;113926;14:08;14:10;STOP+;45.00
2022-03-07;C;S4;COMPRA;113640;14:56;14:58;STOP;-100.00
2022-03-08;C;R1;VENDA;113506;09:15;09:18;STOP+;45.00
2022-03-09;C;R1;VENDA;113733;09:02;11:09;STOP+;45.00
2022-03-09;C;R3;VENDA;114288;12:07;12:10;STOP+;45.00
2022-03-09;C;R4;VENDA;114500;14:37;14:41;STOP+;45.00
2022-03-10;C;S2;COMPRA;113213;11:00;11:02;STOP+;45.00
2022-03-14;C;S2;COMPRA;110605;15:29;15:41;STOP+;45.00
2022-03-15;C;S1;COMPRA;109793;10:01;10:03;STOP;-100.00
2022-03-15;C;S2;COMPRA;109122;10:43;10:45;STOP+;45.00
2022-03-18;C;R2;VENDA;114650;11:03;11:05;STOP+;45.00
2022-03-18;C;R3;VENDA;115602;15:54;15:56;STOP+;45.00
2022-03-21;C;R1;VENDA;116905;10:36;10:38;STOP+;45.00
2022-03-22;C;R1;VENDA;117819;10:13;10:14;STOP;-100.00
2022-03-22;C;R2;VENDA;118198;10:18;10:21;STOP+;45.00
2022-03-24;C;R2;VENDA;119038;12:01;12:01;STOP;-100.00
2022-03-24;C;R3;VENDA;119439;12:13;12:14;STOP;-100.00
2022-03-24;C;R4;VENDA;119687;12:15;12:20;STOP+;45.00
2022-03-28;C;S3;COMPRA;119005;10:40;10:40;STOP;-100.00
2022-03-28;C;S4;COMPRA;118770;10:51;10:53;STOP+;45.00
2022-03-29;C;R1;VENDA;120716;09:07;09:10;STOP+;45.00
2022-03-29;C;R2;VENDA;121035;09:25;09:26;STOP;-100.00
2022-04-01;C;R1;VENDA;121087;09:04;09:06;STOP;-100.00
2022-04-01;C;R2;VENDA;121265;09:08;09:10;STOP+;45.00
2022-04-01;C;R3;VENDA;121552;09:22;09:26;STOP+;45.00
2022-04-01;C;R4;VENDA;121730;10:11;10:13;STOP+;45.00
2022-04-04;C;S3;COMPRA;121342;10:32;10:35;STOP;-100.00
2022-04-04;C;S4;COMPRA;121130;12:33;17:54;FECHAMENTO;163.33
2022-04-05;C;S3;COMPRA;120347;11:43;11:45;STOP+;45.00
2022-04-05;C;S4;COMPRA;120088;12:16;13:23;STOP+;45.00
2022-04-07;C;S2;COMPRA;117693;10:02;10:05;STOP+;45.00
2022-04-08;C;S3;COMPRA;118009;10:33;10:35;STOP+;45.00
2022-04-08;C;S4;COMPRA;117707;10:49;10:52;STOP;-100.00
2022-04-11;C;S1;COMPRA;117162;09:58;10:00;STOP;-100.00
2022-04-12;C;R1;VENDA;117691;09:09;09:30;STOP+;45.00
2022-04-12;C;R2;VENDA;117858;09:30;09:30;STOP;-100.00
2022-04-12;C;R3;VENDA;118129;09:43;09:45;STOP;-100.00
2022-04-12;C;R4;VENDA;118297;09:46;09:49;STOP+;45.00
2022-04-12;C;S4;COMPRA;116137;16:07;16:13;STOP+;45.00
2022-04-14;C;S2;COMPRA;118203;10:01;10:03;STOP+;45.00
2022-04-19;C;S1;COMPRA;117051;09:21;09:23;STOP+;45.00
2022-04-19;C;S2;COMPRA;116827;10:06;10:10;STOP+;45.00
2022-04-19;C;S4;COMPRA;116238;14:30;14:47;STOP+;45.00
2022-04-20;C;S4;COMPRA;116155;10:49;10:52;STOP+;45.00
2022-04-22;C;S2;COMPRA;113385;12:42;12:43;STOP;-100.00
2022-04-22;C;S4;COMPRA;112270;16:50;16:52;STOP+;45.00
2022-04-26;C;S1;COMPRA;111571;09:26;09:33;STOP;-100.00
2022-04-26;C;S3;COMPRA;110739;11:20;11:21;STOP;-100.00
2022-04-26;C;S4;COMPRA;110422;11:35;11:36;STOP;-100.00
2022-04-27;C;R1;VENDA;111105;09:01;09:01;STOP;-100.00
2022-04-27;C;R2;VENDA;111477;09:02;09:12;STOP+;45.00
2022-04-29;C;R3;VENDA;112202;09:18;09:19;STOP;-100.00
2022-04-29;C;R4;VENDA;112523;09:29;09:31;STOP+;45.00
2022-05-04;C;S3;COMPRA;106953;10:15;10:19;STOP+;45.00
2022-05-04;C;S4;COMPRA;106710;10:33;10:36;STOP+;45.00
2022-05-05;C;S1;COMPRA;108233;10:00;10:02;STOP+;45.00
2022-05-05;C;S2;COMPRA;107722;10:32;10:34;STOP;-100.00
2022-05-05;C;S3;COMPRA;106895;11:05;11:05;STOP;-100.00
2022-05-05;C;S4;COMPRA;106383;11:40;11:41;STOP;-100.00
2022-05-06;C;R1;VENDA;107378;09:36;09:36;STOP;-100.00
2022-05-10;C;S3;COMPRA;103718;12:15;12:17;STOP+;45.00
2022-05-11;C;R2;VENDA;106225;11:04;11:06;STOP+;45.00
2022-05-12;C;R3;VENDA;106550;12:11;12:14;STOP+;45.00
2022-05-16;C;R4;VENDA;109155;12:53;13:00;STOP;-100.00
2022-05-18;C;S2;COMPRA;108492;11:29;11:34;STOP+;45.00
2022-05-18;C;S3;COMPRA;108017;12:54;12:58;STOP+;45.00
2022-05-18;C;S4;COMPRA;107723;14:07;14:09;STOP+;45.00
2022-05-19;C;R2;VENDA;107670;10:32;10:33;STOP;-100.00
2022-05-20;C;R1;VENDA;109295;09:48;09:49;STOP;-100.00
2022-05-23;C;R2;VENDA;110988;12:01;12:07;STOP+;45.00
2022-05-24;C;S1;COMPRA;109842;09:02;09:04;STOP+;45.00
2022-05-26;C;R2;VENDA;112197;10:58;11:00;STOP+;45.00
2022-05-26;C;R3;VENDA;112627;14:02;14:08;STOP+;45.00
2022-05-30;C;R1;VENDA;113551;09:05;09:10;STOP+;45.00
2022-05-31;C;R2;VENDA;112182;09:35;09:38;STOP+;45.00
2022-06-02;C;R1;VENDA;112609;09:39;09:44;STOP+;45.00
2022-06-02;C;R2;VENDA;112862;10:01;10:02;STOP;-100.00
2022-06-03;C;S1;COMPRA;111812;09:21;09:30;STOP+;45.00
2022-06-08;C;S3;COMPRA;109343;09:28;09:30;STOP+;45.00
2022-06-10;C;S2;COMPRA;106508;09:38;09:48;STOP+;45.00
2022-06-10;C;S3;COMPRA;105679;10:19;10:20;STOP;-100.00
2022-06-10;C;S4;COMPRA;105167;10:26;10:26;STOP;-100.00
2022-06-14;C;S2;COMPRA;101823;11:43;11:43;STOP;-100.00
2022-06-17;C;S1;COMPRA;102407;10:15;10:15;STOP;-100.00
2022-06-17;C;S2;COMPRA;101997;10:23;10:23;STOP;-100.00
2022-06-17;C;S4;COMPRA;100923;11:25;11:27;STOP+;45.00
2022-06-21;C;S3;COMPRA;101068;14:59;15:01;STOP;-100.00
2022-06-23;C;S2;COMPRA;100218;13:39;13:43;STOP+;45.00
2022-06-23;C;S3;COMPRA;99436;16:18;17:47;STOP+;45.00
2022-06-24;C;R1;VENDA;100580;09:21;09:27;STOP;-100.00
2022-06-24;C;R2;VENDA;100938;09:41;09:43;STOP+;45.00
2022-06-27;C;R3;VENDA;102459;11:35;11:38;STOP+;45.00
2022-06-27;C;R4;VENDA;102780;12:00;17:42;STOP+;45.00
2022-06-28;C;S4;COMPRA;101897;14:02;14:04;STOP+;45.00
2022-06-29;C;R1;VENDA;102751;09:06;09:12;STOP;-100.00
2022-06-29;C;R2;VENDA;103142;09:30;10:32;ALVO;375.22
2022-06-29;C;S1;COMPRA;101253;12:03;12:05;STOP+;45.00
2022-06-29;C;S2;COMPRA;100717;14:15;17:54;FECHAMENTO;174.44
2022-06-30;C;S1;COMPRA;99135;10:00;10:02;STOP+;45.00
2022-07-01;C;R4;VENDA;100468;15:33;15:36;STOP+;45.00
2022-07-05;C;S2;COMPRA;98310;10:37;10:38;STOP;-100.00
2022-07-06;C;R2;VENDA;100388;10:32;10:34;STOP+;45.00
2022-07-07;C;R1;VENDA;101388;10:02;10:06;STOP+;45.00
2022-07-07;C;R2;VENDA;101788;10:31;10:34;STOP;-100.00
2022-07-07;C;R3;VENDA;102436;15:27;15:27;STOP;-100.00
2022-07-11;C;S1;COMPRA;99893;10:12;10:14;STOP+;45.00
2022-07-13;C;S4;COMPRA;98582;09:30;09:32;STOP+;45.00
2022-07-14;C;S1;COMPRA;97214;10:11;10:23;STOP+;45.00
2022-07-14;C;S2;COMPRA;96830;10:43;10:45;STOP+;45.00
2022-07-15;C;S2;COMPRA;96170;10:53;10:55;STOP+;45.00
2022-07-19;C;R1;VENDA;98549;10:40;10:42;STOP+;45.00
2022-07-19;C;R4;VENDA;99373;17:31;17:39;STOP+;45.00
2022-07-21;C;S1;COMPRA;98277;10:00;10:02;STOP+;45.00
2022-07-21;C;S2;COMPRA;98068;10:09;10:11;STOP+;45.00
2022-07-21;C;R4;VENDA;99852;17:53;17:54;FECHAMENTO;33.89
2022-07-26;C;S4;COMPRA;100188;12:49;12:53;STOP;-100.00
2022-07-27;C;R3;VENDA;102055;16:25;16:40;STOP+;45.00
2022-07-27;C;R4;VENDA;102298;17:21;17:26;STOP+;45.00
2022-08-01;C;S2;COMPRA;102963;10:26;10:32;STOP+;45.00
2022-08-02;C;R3;VENDA;103439;11:50;11:50;STOP;-100.00
2022-08-02;C;R4;VENDA;103720;11:53;11:55;STOP+;45.00
2022-08-04;C;R2;VENDA;105085;09:26;09:29;STOP+;45.00
2022-08-04;C;R3;VENDA;105592;10:51;10:53;STOP+;45.00
2022-08-04;C;R4;VENDA;105905;13:12;13:14;STOP+;45.00
2022-08-08;C;R1;VENDA;107785;10:22;10:25;STOP;-100.00
2022-08-08;C;R2;VENDA;108115;10:37;10:38;STOP;-100.00
2022-08-08;C;R3;VENDA;108650;12:22;12:24;STOP+;45.00
2022-08-10;C;R2;VENDA;109812;09:30;09:30;STOP;-100.00
2022-08-10;C;R3;VENDA;110313;09:30;09:31;STOP;-100.00
2022-08-10;C;R4;VENDA;110623;09:31;09:33;STOP+;45.00
2022-08-11;C;R1;VENDA;111533;09:30;09:30;STOP;-100.00
2022-08-12;C;R1;VENDA;110828;09:52;10:04;STOP+;45.00
2022-08-12;C;R2;VENDA;111163;10:26;10:29;STOP+;45.00
2022-08-12;C;R3;VENDA;111706;13:23;13:25;STOP+;45.00
2022-08-12;C;R4;VENDA;112042;14:40;14:47;STOP+;45.00
2022-08-15;C;S1;COMPRA;110917;09:36;09:38;STOP+;45.00
2022-08-15;C;R2;VENDA;113187;15:38;15:43;STOP;-100.00
2022-08-18;C;R1;VENDA;116436;09:43;10:46;ALVO;249.65
2022-08-19;C;S1;COMPRA;114672;10:05;10:16;STOP+;45.00
2022-08-19;C;S2;COMPRA;114482;10:38;10:43;STOP;-100.00
2022-08-19;C;S3;COMPRA;114174;10:48;10:50;STOP+;45.00
2022-08-19;C;S4;COMPRA;113983;10:54;10:58;STOP+;45.00
2022-08-23;C;R2;VENDA;113647;10:46;10:48;STOP;-100.00
2022-08-23;C;R3;VENDA;114009;11:07;11:09;STOP+;45.00
2022-08-23;C;R4;VENDA;114233;11:11;11:13;STOP+;45.00
2022-08-30;C;S3;COMPRA;113052;11:09;11:11;STOP+;45.00
2022-08-30;C;S4;COMPRA;112735;11:45;11:47;STOP+;45.00
2022-09-02;C;R1;VENDA;112673;09:38;09:40;STOP+;45.00
2022-09-05;C;R1;VENDA;112892;09:52;09:55;STOP;-100.00
2022-09-05;C;R2;VENDA;113310;10:04;10:04;STOP;-100.00
2022-09-05;C;R3;VENDA;113987;10:50;10:52;STOP+;45.00
2022-09-06;C;S1;COMPRA;112867;09:19;09:26;STOP;-100.00
2022-09-06;C;S2;COMPRA;112568;09:34;09:36;STOP+;45.00
2022-09-06;C;S3;COMPRA;112085;10:04;10:06;STOP+;45.00
2022-09-06;C;S4;COMPRA;111787;10:29;10:30;STOP;-100.00
2022-09-08;C;S2;COMPRA;109890;13:21;13:22;STOP;-100.00
2022-09-12;C;R1;VENDA;114921;10:07;10:09;STOP+;45.00
2022-09-13;C;S3;COMPRA;113901;09:32;09:33;STOP;-100.00
2022-09-13;C;S4;COMPRA;113607;09:33;09:33;STOP;-100.00
2022-09-14;C;R1;VENDA;112455;10:46;10:49;STOP+;45.00
2022-09-16;C;S1;COMPRA;109438;10:54;10:56;STOP+;45.00
2022-09-21;C;S3;COMPRA;112648;11:44;11:47;STOP+;45.00
2022-09-21;C;S4;COMPRA;112423;12:05;12:07;STOP+;45.00
2022-09-22;C;R1;VENDA;114038;09:17;09:19;STOP+;45.00
2022-09-22;C;R2;VENDA;114383;10:07;12:26;ALVO;582.44
2022-09-23;C;S2;COMPRA;112122;10:59;11:01;STOP;-100.00
2022-09-23;C;S3;COMPRA;111455;12:37;12:40;STOP+;45.00
2022-09-26;C;S1;COMPRA;110870;09:06;09:08;STOP+;45.00
2022-09-26;C;S3;COMPRA;109810;14:44;15:00;STOP+;45.00
2022-09-27;C;R1;VENDA;110926;09:01;09:02;STOP;-100.00
2022-09-27;C;R2;VENDA;111282;09:05;09:06;STOP;-100.00
2022-09-29;C;S1;COMPRA;107848;09:29;09:29;STOP;-100.00
2022-09-29;C;S4;COMPRA;106793;10:43;10:45;STOP+;45.00
2022-10-05;C;R2;VENDA;117263;10:35;10:36;STOP;-100.00
2022-10-10;C;S2;COMPRA;115933;11:33;11:37;STOP+;45.00
2022-10-13;C;R1;VENDA;117968;09:05;09:08;STOP;-100.00
2022-10-14;C;S1;COMPRA;115429;11:50;12:11;STOP+;45.00
2022-10-17;C;R2;VENDA;116137;12:12;12:17;STOP+;45.00
2022-10-18;C;R1;VENDA;117681;10:33;10:35;STOP+;45.00
2022-10-20;C;R1;VENDA;119383;09:21;09:22;STOP;-100.00
2022-10-24;C;S1;COMPRA;120795;09:16;09:18;STOP;-100.00
2022-10-24;C;S2;COMPRA;120158;10:25;10:30;STOP;-100.00
2022-10-24;C;S3;COMPRA;119128;11:09;11:20;STOP+;45.00
2022-10-26;C;S1;COMPRA;115332;09:42;09:44;STOP+;45.00
2022-10-26;C;S2;COMPRA;114675;10:25;10:27;STOP+;45.00
2022-11-10;C;S1;COMPRA;112973;09:03;09:03;STOP;-100.00
2022-11-10;C;S2;COMPRA;112242;09:05;09:05;STOP;-100.00
2022-11-14;C;R1;VENDA;114710;09:43;09:45;STOP+;45.00
2022-11-16;C;S3;COMPRA;111530;13:09;13:11;STOP+;45.00
2022-11-18;C;S3;COMPRA;109703;14:14;14:15;STOP;-100.00
2022-11-18;C;S4;COMPRA;109300;14:16;14:34;STOP+;45.00
2022-11-21;C;R1;VENDA;110308;09:24;09:24;STOP;-100.00
2022-11-21;C;R2;VENDA;110758;09:33;09:35;STOP+;45.00
2022-11-24;C;R3;VENDA;111575;11:35;11:35;STOP;-100.00
2022-11-24;C;R4;VENDA;111857;11:36;11:36;STOP;-100.00
2022-11-25;C;S2;COMPRA;111002;11:20;11:23;STOP+;45.00
2022-11-29;C;R2;VENDA;111355;11:36;11:36;STOP;-100.00
2022-11-29;C;R3;VENDA;112100;12:39;12:39;STOP;-100.00
2022-11-29;C;R4;VENDA;112560;13:27;13:29;STOP+;45.00
2022-12-01;C;S1;COMPRA;111995;09:19;09:20;STOP;-100.00
2022-12-01;C;S2;COMPRA;111683;10:10;10:12;STOP+;45.00
2022-12-02;C;R1;VENDA;112006;09:10;09:13;STOP+;45.00
2022-12-02;C;S2;COMPRA;110533;10:35;10:35;STOP;-100.00
2022-12-05;C;S1;COMPRA;111591;10:08;10:46;STOP+;45.00
2022-12-06;C;R1;VENDA;110462;09:58;10:01;STOP+;45.00
2022-12-07;C;S1;COMPRA;109403;09:04;09:05;STOP;-100.00
2022-12-07;C;S3;COMPRA;108810;13:32;13:34;STOP+;45.00
2022-12-08;C;S2;COMPRA;108613;09:25;09:26;STOP;-100.00
2022-12-08;C;S4;COMPRA;107787;12:58;13:00;STOP+;45.00
2022-12-12;C;S3;COMPRA;106544;10:45;10:47;STOP+;45.00
2022-12-12;C;S4;COMPRA;106225;10:50;10:50;STOP;-100.00
2022-12-13;C;R2;VENDA;106690;10:32;10:32;STOP;-100.00
2022-12-20;C;R2;VENDA;108518;10:37;10:38;STOP;-100.00
2022-12-23;C;R1;VENDA;110225;10:30;10:36;STOP+;45.00
2022-12-23;C;R2;VENDA;110637;10:42;10:42;STOP;-100.00
2022-12-27;C;S3;COMPRA;109508;10:52;10:54;STOP+;45.00
2022-12-27;C;S4;COMPRA;109115;10:56;10:56;STOP;-100.00
2023-01-02;C;S1;COMPRA;109620;09:02;09:10;STOP+;45.00
2023-01-02;C;S2;COMPRA;109138;10:12;10:14;STOP+;45.00
2023-01-02;C;S3;COMPRA;108359;10:40;10:41;STOP;-100.00
2023-01-02;C;S4;COMPRA;107877;10:47;10:49;STOP+;45.00
2023-01-06;C;R1;VENDA;110115;10:40;10:41;STOP;-100.00
2023-01-06;C;R2;VENDA;110773;10:51;18:24;FECHAMENTO;87.78
2023-01-09;C;S1;COMPRA;108885;09:00;10:36;ALVO;526.37
2023-01-10;C;R4;VENDA;112353;16:10;16:14;STOP;-100.00
2023-01-11;C;R2;VENDA;113828;17:40;17:42;STOP+;45.00
2023-01-13;C;S1;COMPRA;111918;09:47;09:49;STOP+;45.00
2023-01-13;C;S2;COMPRA;111478;10:12;10:15;STOP+;45.00
2023-01-17;C;R2;VENDA;110728;10:05;10:06;STOP;-100.00
2023-01-17;C;R3;VENDA;111178;10:14;10:17;STOP+;45.00
2023-01-17;C;R4;VENDA;111457;10:31;10:31;STOP;-100.00
2023-01-20;C;S2;COMPRA;112773;10:30;10:32;STOP;-100.00
2023-01-23;C;R2;VENDA;113860;10:30;10:32;STOP+;45.00
2023-01-25;C;S2;COMPRA;112732;10:36;10:40;STOP+;45.00
2023-01-25;C;R2;VENDA;114862;13:11;13:26;STOP+;45.00
2023-01-27;C;S2;COMPRA;114075;11:01;11:03;STOP+;45.00
2023-01-27;C;S3;COMPRA;113608;11:10;11:13;STOP+;45.00
2023-01-27;C;S4;COMPRA;113320;11:42;11:44;STOP+;45.00
2023-01-31;C;R3;VENDA;113701;11:05;11:05;STOP;-100.00
2023-01-31;C;R4;VENDA;113948;11:07;11:09;STOP+;45.00
2023-02-01;C;S1;COMPRA;113436;10:32;10:34;STOP+;45.00
2023-02-01;C;S2;COMPRA;113173;10:35;10:35;STOP;-100.00
2023-02-01;C;S3;COMPRA;112749;11:28;11:31;STOP+;45.00
2023-02-01;C;S4;COMPRA;112487;11:56;11:58;STOP+;45.00
2023-02-02;C;S1;COMPRA;111207;09:01;09:01;STOP;-100.00
2023-02-07;C;S3;COMPRA;108373;10:12;10:23;STOP+;45.00
2023-02-08;C;R1;VENDA;109103;09:33;09:35;STOP;-100.00
2023-02-08;C;R4;VENDA;110450;16:20;16:35;STOP+;45.00
2023-02-13;C;R2;VENDA;109047;11:55;11:55;STOP;-100.00
2023-02-14;C;S3;COMPRA;108228;12:38;12:40;STOP+;45.00
2023-02-14;C;S4;COMPRA;107963;13:30;13:37;STOP+;45.00
2023-02-16;C;S1;COMPRA;110772;09:45;09:47;STOP+;45.00
2023-02-17;C;S1;COMPRA;110782;10:21;10:27;STOP+;45.00
2023-02-23;C;R2;VENDA;109730;11:02;11:04;STOP+;45.00
2023-02-23;C;R3;VENDA;110113;11:11;11:21;STOP;-100.00
2023-02-23;C;R4;VENDA;110350;11:53;11:55;STOP+;45.00
2023-02-24;C;S2;COMPRA;107485;12:27;12:29;STOP+;45.00
2023-02-28;C;R3;VENDA;107990;10:25;10:27;STOP;-100.00
2023-02-28;C;R4;VENDA;108200;10:43;10:45;STOP+;45.00
2023-03-02;C;S2;COMPRA;105038;11:47;11:49;STOP+;45.00
2023-03-03;C;R1;VENDA;105211;10:37;10:39;STOP+;45.00
2023-03-06;C;R3;VENDA;105666;12:22;12:24;STOP+;45.00
2023-03-06;C;R4;VENDA;105870;12:27;12:29;STOP+;45.00
2023-03-08;C;R1;VENDA;106299;10:36;10:39;STOP+;45.00
2023-03-08;C;R2;VENDA;106645;10:41;10:47;STOP+;45.00
2023-03-08;C;R3;VENDA;107204;11:51;11:51;STOP;-100.00
2023-03-08;C;R4;VENDA;107550;12:09;12:11;STOP+;45.00
2023-03-09;C;S1;COMPRA;107120;10:25;10:44;STOP+;45.00
2023-03-09;C;S4;COMPRA;105933;18:10;18:16;STOP+;45.00
2023-03-10;C;S1;COMPRA;105163;10:20;10:21;STOP;-100.00
2023-03-13;C;S1;COMPRA;103851;09:17;09:17;STOP;-100.00
2023-03-13;C;S2;COMPRA;103418;09:34;09:36;STOP+;45.00
2023-03-15;C;S1;COMPRA;102089;09:46;10:04;STOP+;45.00
2023-03-17;C;S2;COMPRA;103625;09:39;09:41;STOP+;45.00
2023-03-17;C;S3;COMPRA;103223;10:08;10:13;STOP+;45.00
2023-03-17;C;S4;COMPRA;102975;10:34;10:35;STOP;-100.00
2023-03-20;C;S1;COMPRA;101997;10:37;10:39;STOP+;45.00
2023-03-22;C;R3;VENDA;102435;15:46;15:48;STOP+;45.00
2023-03-22;C;R4;VENDA;102597;15:50;16:01;ALVO;305.56
2023-03-28;C;R3;VENDA;101111;10:36;10:37;STOP;-100.00
2023-03-28;C;R4;VENDA;101350;11:02;11:04;STOP;-100.00
2023-03-29;C;S4;COMPRA;100610;15:09;16:34;ALVO;383.33
2023-03-31;C;S4;COMPRA;102940;12:10;12:12;STOP+;45.00
2023-04-03;C;S1;COMPRA;101048;10:56;11:01;STOP+;45.00
2023-04-04;C;R2;VENDA;103038;11:12;11:13;STOP;-100.00
2023-04-05;C;S3;COMPRA;100777;11:09;11:10;STOP;-100.00
2023-04-05;C;S4;COMPRA;100452;11:15;11:18;STOP+;45.00
2023-04-10;C;R2;VENDA;101810;10:11;10:13;STOP+;45.00
2023-04-10;C;R3;VENDA;102230;10:39;10:40;STOP;-100.00
2023-04-11;C;R1;VENDA;103072;09:08;09:10;STOP+;45.00
2023-04-11;C;R2;VENDA;103425;09:28;09:31;STOP+;45.00
2023-04-11;C;R3;VENDA;103997;10:08;10:10;STOP+;45.00
2023-04-11;C;R4;VENDA;104350;10:15;10:16;STOP;-100.00
2023-04-14;C;S2;COMPRA;107505;10:08;10:09;STOP;-100.00
2023-04-14;C;S3;COMPRA;107045;10:27;10:28;STOP;-100.00
2023-04-17;C;S3;COMPRA;107637;13:57;13:59;STOP+;45.00
2023-04-18;C;R1;VENDA;108778;09:02;09:04;STOP+;45.00
2023-04-18;C;R2;VENDA;109000;09:07;09:08;STOP;-100.00
2023-04-18;C;R3;VENDA;109358;09:19;09:30;STOP+;45.00
2023-04-18;C;S3;COMPRA;107166;10:28;10:31;STOP+;45.00
2023-04-20;C;R2;VENDA;106290;09:26;09:28;STOP+;45.00
2023-04-24;C;S1;COMPRA;105245;09:02;09:03;STOP;-100.00
2023-04-25;C;S1;COMPRA;104854;10:02;10:05;STOP+;45.00
2023-04-25;C;S2;COMPRA;104532;10:39;10:41;STOP+;45.00
2023-04-26;C;R1;VENDA;105715;09:00;09:00;STOP;-100.00
2023-04-28;C;R3;VENDA;105443;11:22;11:24;STOP+;45.00
2023-05-02;C;S2;COMPRA;104237;10:49;10:51;STOP+;45.00
2023-05-02;C;S3;COMPRA;103657;11:00;11:01;STOP;-100.00
2023-05-02;C;S4;COMPRA;103298;11:07;11:09;STOP+;45.00
2023-05-04;C;R3;VENDA;103913;09:38;09:40;STOP+;45.00
2023-05-04;C;R4;VENDA;104093;09:54;09:56;STOP;-100.00
2023-05-09;C;R4;VENDA;108110;11:00;11:01;STOP;-100.00
2023-05-11;C;S1;COMPRA;108001;09:34;09:37;STOP+;45.00
2023-05-11;C;S2;COMPRA;107807;09:52;10:00;STOP;-100.00
2023-05-11;C;S3;COMPRA;107493;10:04;10:06;STOP+;45.00
2023-05-11;C;R3;VENDA;109774;15:38;15:39;STOP;-100.00
2023-05-12;C;S1;COMPRA;108662;09:03;09:05;STOP+;45.00
2023-05-16;C;R3;VENDA;110826;10:29;10:29;STOP;-100.00
2023-05-16;C;R4;VENDA;111057;10:31;10:31;STOP;-100.00
2023-05-17;C;R1;VENDA;109969;10:00;10:01;STOP;-100.00
2023-05-17;C;R2;VENDA;110320;10:07;10:09;STOP+;45.00
2023-05-18;C;S2;COMPRA;109855;09:30;09:32;STOP+;45.00
2023-05-19;C;R1;VENDA;111762;09:39;09:44;STOP+;45.00
2023-05-22;C;R3;VENDA;112547;10:15;10:37;ALVO;351.70
2023-05-23;C;R2;VENDA;111582;11:18;11:20;STOP+;45.00
2023-05-23;C;R3;VENDA;112021;12:28;12:30;STOP+;45.00
2023-05-24;C;S1;COMPRA;110093;09:59;10:00;STOP;-100.00
2023-05-24;C;S2;COMPRA;109740;10:02;10:03;STOP;-100.00
2023-05-25;C;R1;VENDA;110848;09:01;09:02;STOP;-100.00
2023-05-25;C;R2;VENDA;111190;09:07;09:08;STOP;-100.00
2023-05-25;C;R3;VENDA;111743;10:10;10:11;STOP;-100.00
2023-05-26;C;R1;VENDA;111740;09:16;09:21;STOP+;45.00
2023-05-26;C;R2;VENDA;112012;09:47;09:50;STOP;-100.00
2023-05-29;C;S2;COMPRA;110833;10:29;10:31;STOP+;45.00
2023-05-30;C;R2;VENDA;111672;09:46;09:48;STOP+;45.00
2023-05-30;C;R3;VENDA;111979;10:02;10:20;ALVO;369.54
2023-05-30;C;S3;COMPRA;109916;11:01;11:01;STOP;-100.00
2023-05-30;C;S4;COMPRA;109618;11:48;11:50;STOP+;45.00
2023-06-01;C;R1;VENDA;109771;09:01;09:01;STOP;-100.00
2023-06-01;C;R2;VENDA;109913;09:01;09:03;STOP+;45.00
2023-06-01;C;R4;VENDA;110287;12:25;12:25;STOP;-100.00
2023-06-02;C;R1;VENDA;113059;10:02;10:04;STOP;-100.00
2023-06-06;C;R4;VENDA;114495;12:36;12:39;STOP;-100.00
2023-06-09;C;R1;VENDA;116899;09:14;09:16;STOP+;45.00
2023-06-09;C;R3;VENDA;117770;11:28;11:30;STOP+;45.00
2023-06-12;C;R1;VENDA;117925;09:11;09:14;STOP+;45.00
2023-06-16;C;S3;COMPRA;120866;10:10;10:10;STOP;-100.00
2023-06-19;C;R3;VENDA;121914;11:43;11:45;STOP+;45.00
2023-06-19;C;R4;VENDA;122120;12:19;12:21;STOP+;45.00
2023-06-20;C;S2;COMPRA;121507;10:31;10:33;STOP+;45.00
2023-06-20;C;S4;COMPRA;120953;11:27;11:31;STOP+;45.00
2023-06-22;C;S2;COMPRA;121303;10:30;10:31;STOP;-100.00
2023-06-22;C;S3;COMPRA;120999;10:35;10:37;STOP+;45.00
2023-06-22;C;S4;COMPRA;120812;10:49;11:05;STOP+;45.00
2023-06-26;C;S2;COMPRA;120405;10:25;10:27;STOP+;45.00
2023-06-26;C;S4;COMPRA;119850;12:08;12:10;STOP+;45.00
2023-06-27;C;R1;VENDA;121069;09:11;09:12;STOP;-100.00
2023-06-27;C;R2;VENDA;121337;09:31;09:33;STOP+;45.00
2023-06-27;C;S2;COMPRA;119682;10:50;10:52;STOP+;45.00
2023-06-27;C;S4;COMPRA;118728;12:01;12:15;STOP+;45.00
2023-06-29;C;R2;VENDA;119655;10:35;10:37;STOP+;45.00
2023-06-29;C;R4;VENDA;120195;12:59;13:04;STOP+;45.00
2023-06-30;C;S3;COMPRA;119555;17:46;17:46;STOP;-100.00
2023-07-03;C;R2;VENDA;120702;10:16;10:17;STOP;-100.00
2023-07-03;C;R3;VENDA;121145;10:39;10:41;STOP+;45.00
2023-07-03;C;R4;VENDA;121418;10:46;11:00;STOP+;45.00
2023-07-04;C;S2;COMPRA;120793;10:25;10:43;STOP+;45.00
2023-07-05;C;S1;COMPRA;119999;09:13;09:15;STOP+;45.00
2023-07-05;C;S2;COMPRA;119770;09:33;09:35;STOP+;45.00
2023-07-05;C;R4;VENDA;121380;11:29;11:31;STOP;-100.00
2023-07-06;C;S1;COMPRA;120368;09:16;09:20;STOP;-100.00
2023-07-06;C;S4;COMPRA;118953;11:50;11:52;STOP+;45.00
2023-07-11;C;S3;COMPRA;118382;10:16;10:18;STOP+;45.00
2023-07-11;C;S4;COMPRA;118067;10:18;10:19;STOP;-100.00
2023-07-13;C;R1;VENDA;119792;09:06;09:07;STOP;-100.00
2023-07-13;C;R3;VENDA;120433;10:30;10:31;STOP;-100.00
2023-07-13;C;R4;VENDA;120678;10:42;10:44;STOP+;45.00
2023-07-14;C;S2;COMPRA;119873;10:25;10:27;STOP+;45.00
2023-07-18;C;S2;COMPRA;118832;10:20;10:22;STOP+;45.00
2023-07-19;C;S2;COMPRA;118300;09:36;09:39;STOP+;45.00
2023-07-20;C;R1;VENDA;119473;09:36;09:38;STOP+;45.00
2023-07-21;C;R2;VENDA;119750;10:20;10:20;STOP;-100.00
2023-07-21;C;R3;VENDA;120152;10:27;10:27;STOP;-100.00
2023-07-21;C;R4;VENDA;120400;10:29;10:31;STOP+;45.00
2023-07-24;C;R1;VENDA;122330;11:53;11:53;STOP;-100.00
2023-07-25;C;R1;VENDA;123881;09:21;09:23;STOP+;45.00
2023-07-27;C;S3;COMPRA;122579;10:31;10:32;STOP;-100.00
2023-07-27;C;S4;COMPRA;122325;10:32;10:32;STOP;-100.00
2023-07-28;C;R1;VENDA;121616;09:30;09:31;STOP;-100.00
2023-07-31;C;R1;VENDA;121735;09:08;09:09;STOP;-100.00
2023-07-31;C;R2;VENDA;121948;09:16;09:18;STOP+;45.00
2023-07-31;C;R3;VENDA;122293;10:22;10:24;STOP+;45.00
2023-07-31;C;R4;VENDA;122507;10:34;10:36;STOP+;45.00
2023-08-01;C;S1;COMPRA;121836;09:08;09:09;STOP;-100.00
2023-08-01;C;S2;COMPRA;121595;09:19;09:24;STOP;-100.00
2023-08-03;C;R1;VENDA;122748;09:01;09:01;STOP;-100.00
2023-08-03;C;S4;COMPRA;120713;17:40;17:44;STOP;-100.00
2023-08-08;C;S1;COMPRA;118216;09:01;09:03;STOP+;45.00
2023-08-08;C;S2;COMPRA;117932;09:18;09:20;STOP+;45.00
2023-08-09;C;S2;COMPRA;118772;10:04;10:04;STOP;-100.00
2023-08-11;C;R3;VENDA;119216;10:23;10:28;STOP+;45.00
2023-08-21;C;S3;COMPRA;116793;10:37;10:40;STOP+;45.00
2023-08-22;C;R1;VENDA;117166;09:06;09:08;STOP;-100.00
2023-08-22;C;R2;VENDA;117392;09:40;09:43;STOP+;45.00
2023-08-22;C;R3;VENDA;117757;10:30;10:35;STOP+;45.00
2023-08-23;C;R2;VENDA;119987;16:06;16:09;STOP+;45.00
2023-08-24;C;S3;COMPRA;118855;12:24;12:26;STOP+;45.00
2023-08-25;C;S2;COMPRA;118172;10:34;10:43;STOP+;45.00
2023-08-25;C;S4;COMPRA;117318;12:50;12:52;STOP+;45.00
2023-08-30;C;S2;COMPRA;119308;15:12;15:15;STOP+;45.00
2023-08-31;C;S1;COMPRA;118709;10:09;10:10;STOP;-100.00
2023-08-31;C;S2;COMPRA;118343;10:37;10:39;STOP+;45.00
2023-08-31;C;S4;COMPRA;117387;17:07;17:54;FECHAMENTO;147.78
2023-09-01;C;R2;VENDA;119252;10:31;10:34;STOP+;45.00
2023-09-05;C;S1;COMPRA;118686;09:16;09:17;STOP;-100.00
2023-09-05;C;S2;COMPRA;118458;09:25;09:32;STOP;-100.00
2023-09-05;C;S3;COMPRA;118090;10:20;12:11;ALVO;471.47
2023-09-06;C;R1;VENDA;119393;10:56;10:58;STOP+;45.00
2023-09-06;C;S3;COMPRA;117910;12:06;12:08;STOP+;45.00
2023-09-06;C;S4;COMPRA;117677;13:40;13:43;STOP+;45.00
2023-09-11;C;R1;VENDA;117725;09:17;09:19;STOP+;45.00
2023-09-11;C;R3;VENDA;118227;15:24;15:26;STOP+;45.00
2023-09-11;C;R4;VENDA;118418;15:53;15:56;STOP+;45.00
2023-09-13;C;R3;VENDA;120004;10:48;10:53;STOP+;45.00
2023-09-13;C;R4;VENDA;120252;11:39;11:41;STOP;-100.00
2023-09-15;C;S3;COMPRA;119892;14:27;14:30;STOP+;45.00
2023-09-20;C;R2;VENDA;119477;10:33;10:35;STOP+;45.00
2023-09-20;C;R3;VENDA;119750;10:45;10:47;STOP+;45.00
2023-09-20;C;R4;VENDA;119918;11:00;11:02;STOP+;45.00
2023-09-21;C;S1;COMPRA;118103;09:13;09:15;STOP;-100.00
2023-09-21;C;S2;COMPRA;117733;10:12;10:14;STOP+;45.00
2023-09-22;C;R1;VENDA;117870;09:30;09:31;STOP;-100.00
2023-09-26;C;S3;COMPRA;115968;09:15;09:31;STOP+;45.00
2023-09-26;C;S4;COMPRA;115830;10:04;10:27;STOP+;45.00
2023-09-27;C;R1;VENDA;115849;10:16;10:21;STOP;-100.00
2023-09-27;C;S2;COMPRA;114067;14:48;15:08;STOP+;45.00
2023-09-28;C;R2;VENDA;115998;12:43;12:49;STOP+;45.00
2023-09-28;C;R3;VENDA;116615;16:29;17:54;FECHAMENTO;45.10
2023-10-02;C;S3;COMPRA;116016;11:13;11:15;STOP+;45.00
2023-10-02;C;S4;COMPRA;115783;11:38;11:40;STOP+;45.00
2023-10-03;C;S2;COMPRA;113740;15:18;15:27;STOP+;45.00
2023-10-06;C;S2;COMPRA;112913;09:31;09:31;STOP;-100.00
2023-10-06;C;S3;COMPRA;112365;09:54;09:56;STOP+;45.00
2023-10-09;C;R2;VENDA;115545;17:28;17:35;STOP;-100.00
2023-10-13;C;S2;COMPRA;115767;14:27;14:29;STOP+;45.00
2023-10-16;C;R1;VENDA;116748;09:21;09:23;STOP+;45.00
2023-10-17;C;S1;COMPRA;115820;09:57;09:59;STOP;-100.00
2023-10-17;C;S2;COMPRA;115622;10:29;10:32;STOP+;45.00
2023-10-19;C;R3;VENDA;116594;12:48;13:01;STOP+;45.00
2023-10-19;C;R4;VENDA;116817;13:19;13:21;STOP+;45.00
2023-10-20;C;S1;COMPRA;114932;09:26;09:31;STOP+;45.00
2023-10-27;C;S2;COMPRA;115628;13:54;13:55;STOP;-100.00
2023-10-27;C;S3;COMPRA;114988;14:21;14:23;STOP+;45.00
2023-10-27;C;S4;COMPRA;114592;15:20;15:22;STOP+;45.00
2023-10-30;C;S2;COMPRA;114077;12:40;12:40;STOP;-100.00
2023-11-01;C;R2;VENDA;115470;10:36;10:38;STOP;-100.00
2023-11-01;C;R3;VENDA;116051;11:14;11:20;STOP+;45.00
2023-11-03;C;R1;VENDA;118871;09:53;09:56;STOP+;45.00
2023-11-07;C;S1;COMPRA;119123;09:00;09:01;STOP;-100.00
2023-11-09;C;R2;VENDA;121300;11:43;11:51;STOP+;45.00
2023-11-10;C;R1;VENDA;121103;10:19;10:28;STOP+;45.00
2023-11-10;C;R2;VENDA;121448;11:45;11:47;STOP+;45.00
2023-11-10;C;R3;VENDA;122007;14:40;14:43;STOP+;45.00
2023-11-13;C;S1;COMPRA;121172;10:38;10:40;STOP+;45.00
2023-11-13;C;S2;COMPRA;120935;11:54;11:56;STOP+;45.00
2023-11-14;C;R3;VENDA;122408;10:30;10:30;STOP;-100.00
2023-11-14;C;R4;VENDA;122605;10:30;10:30;STOP;-100.00
2023-11-20;C;R2;VENDA;126633;12:08;12:10;STOP+;45.00
2023-11-20;C;R3;VENDA;126923;15:02;15:08;STOP+;45.00
2023-11-20;C;R4;VENDA;127102;15:33;15:35;STOP+;45.00
2023-11-22;C;R2;VENDA;127212;10:19;10:21;STOP+;45.00
2023-11-22;C;R3;VENDA;127577;10:57;10:59;STOP+;45.00
2023-11-24;C;S3;COMPRA;126700;10:05;10:09;STOP+;45.00
2023-11-24;C;S4;COMPRA;126547;10:14;10:21;STOP;-100.00
2023-11-28;C;R3;VENDA;127277;12:48;12:54;STOP+;45.00
2023-11-30;C;R1;VENDA;127340;10:12;10:15;STOP;-100.00
2023-11-30;C;R2;VENDA;127550;10:19;10:21;STOP+;45.00
2023-12-01;C;S4;COMPRA;127097;11:30;11:34;STOP+;45.00
2023-12-04;C;S2;COMPRA;127347;12:36;12:39;STOP+;45.00
2023-12-06;C;R1;VENDA;127783;09:26;09:31;STOP+;45.00
2023-12-06;C;S3;COMPRA;126503;13:09;13:11;STOP+;45.00
2023-12-06;C;S4;COMPRA;126268;13:40;13:42;STOP+;45.00
2023-12-07;C;R2;VENDA;126650;10:39;10:42;STOP+;45.00
2023-12-15;C;R2;VENDA;133583;10:27;10:29;STOP+;45.00
2023-12-15;C;S3;COMPRA;132353;11:52;11:54;STOP+;45.00
2023-12-15;C;S4;COMPRA;132177;12:43;12:46;STOP+;45.00
2023-12-18;C;R1;VENDA;132907;09:58;10:05;STOP+;45.00
2023-12-20;C;S4;COMPRA;132883;16:52;16:53;STOP;-100.00
2023-12-21;C;R1;VENDA;133786;10:30;10:32;STOP+;45.00
2023-12-21;C;R2;VENDA;134040;11:35;11:36;STOP;-100.00
2023-12-26;C;R2;VENDA;135292;10:56;11:00;STOP+;45.00
2024-01-02;C;S1;COMPRA;135066;09:01;09:02;STOP;-100.00
2024-01-02;C;S2;COMPRA;134952;09:02;09:05;STOP;-100.00
2024-01-02;C;S3;COMPRA;134767;09:06;09:08;STOP+;45.00
2024-01-02;C;S4;COMPRA;134653;10:30;10:32;STOP+;45.00
2024-01-04;C;S3;COMPRA;133528;10:45;10:48;STOP+;45.00
2024-01-04;C;S4;COMPRA;133263;11:08;11:08;STOP;-100.00
2024-01-05;C;R3;VENDA;133639;12:06;12:08;STOP+;45.00
2024-01-05;C;R4;VENDA;133953;12:30;12:32;STOP+;45.00
2024-01-09;C;S1;COMPRA;133131;09:07;09:10;STOP+;45.00
2024-01-09;C;S2;COMPRA;132908;10:04;10:06;STOP+;45.00
2024-01-09;C;S3;COMPRA;132549;11:31;11:34;STOP+;45.00
2024-01-12;C;R3;VENDA;132799;11:25;11:27;STOP+;45.00
2024-01-16;C;S1;COMPRA;131588;09:07;09:09;STOP+;45.00
2024-01-16;C;S2;COMPRA;131367;10:20;10:22;STOP+;45.00
2024-01-16;C;S3;COMPRA;131009;11:44;11:44;STOP;-100.00
2024-01-16;C;S4;COMPRA;130788;11:51;11:53;STOP+;45.00
2024-01-18;C;R1;VENDA;130013;09:07;09:07;STOP;-100.00
2024-01-18;C;R2;VENDA;130188;09:29;09:31;STOP+;45.00
2024-01-18;C;S3;COMPRA;128554;12:21;12:23;STOP+;45.00
2024-01-18;C;S4;COMPRA;128277;13:01;13:03;STOP+;45.00
2024-01-22;C;S4;COMPRA;126960;15:28;15:33;STOP;-100.00
2024-01-23;C;R1;VENDA;128163;09:57;10:01;STOP+;45.00
2024-01-26;C;R1;VENDA;129369;09:00;09:00;STOP;-100.00
2024-01-26;C;R2;VENDA;129520;09:00;09:00;STOP;-100.00
2024-01-29;C;S3;COMPRA;128597;11:41;11:45;STOP+;45.00
2024-01-29;C;S4;COMPRA;128353;15:12;15:14;STOP+;45.00
2024-01-30;C;S2;COMPRA;128190;10:39;10:42;STOP+;45.00
2024-01-30;C;S3;COMPRA;127801;12:05;12:08;STOP+;45.00
2024-01-30;C;S4;COMPRA;127560;12:15;12:19;STOP+;45.00
2024-01-31;C;R3;VENDA;128636;10:29;10:31;STOP+;45.00
2024-01-31;C;R4;VENDA;128882;11:07;11:13;STOP;-100.00
2024-02-02;C;S3;COMPRA;128191;10:33;10:33;STOP;-100.00
2024-02-02;C;S4;COMPRA;127992;10:34;10:35;STOP;-100.00
2024-02-06;C;R1;VENDA;128542;10:09;10:13;STOP;-100.00
2024-02-06;C;R2;VENDA;128880;10:15;10:18;STOP;-100.00
2024-02-06;C;R3;VENDA;129427;10:25;10:25;STOP;-100.00
2024-02-06;C;R4;VENDA;129765;11:06;11:08;STOP+;45.00
2024-02-07;C;S1;COMPRA;129983;10:49;10:53;STOP+;45.00
2024-02-08;C;S1;COMPRA;129485;09:02;09:04;STOP+;45.00
2024-02-08;C;S3;COMPRA;128918;11:41;11:43;STOP;-100.00
2024-02-08;C;S4;COMPRA;128702;12:10;12:37;STOP+;45.00
2024-02-16;C;R1;VENDA;130562;10:03;10:08;STOP;-100.00
2024-02-16;C;R2;VENDA;130798;10:28;10:44;ALVO;347.44
2024-02-19;C;S1;COMPRA;130092;10:50;10:54;STOP+;45.00
2024-02-20;C;S1;COMPRA;130187;09:05;09:07;STOP+;45.00
2024-02-20;C;R4;VENDA;131682;11:51;11:53;STOP+;45.00
2024-02-23;C;S3;COMPRA;131114;13:06;13:10;STOP;-100.00
2024-02-27;C;R1;VENDA;132128;09:02;09:04;STOP;-100.00
2024-02-27;C;R2;VENDA;132300;09:21;09:23;STOP+;45.00
2024-02-27;C;R3;VENDA;132578;10:13;10:15;STOP;-100.00
2024-02-27;C;R4;VENDA;132750;10:23;10:29;STOP;-100.00
2024-02-28;C;S1;COMPRA;132489;11:34;11:36;STOP;-100.00
2024-02-28;C;S2;COMPRA;132235;14:18;14:22;STOP;-100.00
2024-02-28;C;S3;COMPRA;131824;15:11;15:15;STOP+;45.00
2024-02-28;C;S4;COMPRA;131570;16:00;16:06;STOP+;45.00
2024-03-04;C;S2;COMPRA;130047;11:33;11:35;STOP+;45.00
2024-03-05;C;R4;VENDA;130507;12:03;12:05;STOP+;45.00
2024-03-07;C;S4;COMPRA;129643;11:39;11:41;STOP+;45.00
2024-03-12;C;R1;VENDA;128144;09:01;09:02;STOP;-100.00
2024-03-12;C;R2;VENDA;128313;09:03;09:06;STOP+;45.00
2024-03-12;C;R3;VENDA;128587;09:29;09:29;STOP;-100.00
2024-03-14;C;S3;COMPRA;128647;10:48;10:50;STOP+;45.00
2024-03-15;C;S3;COMPRA;127911;11:44;11:46;STOP+;45.00
2024-03-15;C;S4;COMPRA;127670;13:23;13:26;STOP+;45.00
2024-03-18;C;R1;VENDA;128536;09:05;09:08;STOP+;45.00
2024-03-19;C;R3;VENDA;128840;14:01;14:11;STOP+;45.00
2024-03-20;C;R2;VENDA;129247;15:00;15:00;STOP;-100.00
2024-03-20;C;R3;VENDA;129733;15:42;15:45;STOP+;45.00
2024-03-20;C;R4;VENDA;130033;16:05;16:06;STOP;-100.00
2024-03-21;C;S2;COMPRA;129418;11:00;11:02;STOP;-100.00
2024-03-21;C;S3;COMPRA;128855;18:12;18:14;STOP+;45.00
2024-03-22;C;S1;COMPRA;128154;11:16;11:21;STOP;-100.00
2024-03-22;C;S2;COMPRA;127733;14:45;14:53;STOP+;45.00
2024-03-27;C;S4;COMPRA;127040;11:02;11:03;STOP;-100.00
2024-04-01;C;S3;COMPRA;128094;11:26;11:29;STOP;-100.00
2024-04-01;C;S4;COMPRA;127907;12:06;12:18;STOP;-100.00
2024-04-03;C;S2;COMPRA;127093;10:46;10:49;STOP;-100.00
2024-04-03;C;S3;COMPRA;126789;10:56;10:58;STOP+;45.00
2024-04-03;C;S4;COMPRA;126602;11:30;11:33;STOP+;45.00
2024-04-04;C;R1;VENDA;128504;10:06;10:09;STOP+;45.00
2024-04-04;C;R2;VENDA;128853;10:17;10:18;STOP;-100.00
2024-04-04;C;R3;VENDA;129418;10:40;10:41;STOP;-100.00
2024-04-04;C;R4;VENDA;129767;11:08;11:10;STOP+;45.00
2024-04-08;C;R1;VENDA;127784;10:33;10:33;STOP;-100.00
2024-04-08;C;R2;VENDA;128052;10:34;10:35;STOP;-100.00
2024-04-08;C;R3;VENDA;128485;10:41;10:44;STOP+;45.00
2024-04-08;C;R4;VENDA;128753;12:04;12:09;STOP;-100.00
2024-04-09;C;R1;VENDA;130280;11:16;11:18;STOP+;45.00
2024-04-10;C;R1;VENDA;131052;09:04;09:06;STOP+;45.00
2024-04-10;C;R2;VENDA;131332;09:29;09:31;ALVO;394.89
2024-04-12;C;S3;COMPRA;126644;13:46;13:57;STOP+;45.00
2024-04-12;C;S4;COMPRA;126383;14:20;14:23;STOP;-100.00
2024-04-15;C;S2;COMPRA;125217;14:26;14:28;STOP+;45.00
2024-04-16;C;S1;COMPRA;124497;09:07;09:09;STOP+;45.00
2024-04-16;C;S2;COMPRA;124075;10:38;10:40;STOP+;45.00
2024-04-19;C;R3;VENDA;126830;10:56;11:00;STOP+;45.00
2024-04-23;C;S2;COMPRA;126425;09:13;09:15;STOP+;45.00
2024-04-23;C;S3;COMPRA;126054;10:11;10:12;STOP;-100.00
2024-04-23;C;S4;COMPRA;125825;10:35;10:37;STOP+;45.00
2024-04-25;C;R4;VENDA;126918;09:29;09:30;STOP;-100.00
2024-04-26;C;R2;VENDA;127772;10:42;10:44;STOP+;45.00
2024-04-29;C;R1;VENDA;128762;18:15;18:19;STOP+;45.00
2024-04-30;C;S2;COMPRA;127940;10:30;10:32;STOP+;45.00
2024-04-30;C;S3;COMPRA;127705;11:03;11:05;STOP+;45.00
2024-04-30;C;S4;COMPRA;127560;11:44;11:47;STOP+;45.00
2024-05-02;C;R1;VENDA;128533;09:03;09:05;STOP+;45.00
2024-05-02;C;R2;VENDA;128755;10:00;10:03;STOP+;45.00
2024-05-03;C;R3;VENDA;129283;09:31;09:31;STOP;-100.00
2024-05-03;C;R4;VENDA;129480;09:31;09:32;STOP;-100.00
2024-05-07;C;R4;VENDA;130467;10:05;10:08;STOP+;45.00
2024-05-08;C;S1;COMPRA;129489;09:26;09:31;STOP+;45.00
2024-05-08;C;S2;COMPRA;129235;10:09;10:16;STOP+;45.00
2024-05-08;C;R3;VENDA;131049;18:24;18:24;STOP;-100.00
2024-05-08;C;R4;VENDA;131320;18:24;18:24;STOP;-100.00
2024-05-09;C;S1;COMPRA;128991;10:08;10:12;STOP;-100.00
2024-05-09;C;S2;COMPRA;128615;10:23;10:27;STOP+;45.00
2024-05-14;C;R4;VENDA;129862;11:54;11:58;STOP;-100.00
2024-05-15;C;S1;COMPRA;127883;09:01;09:01;STOP;-100.00
2024-05-15;C;S2;COMPRA;127668;09:01;09:12;STOP+;45.00
2024-05-16;C;R1;VENDA;129848;09:28;09:30;STOP+;45.00
2024-05-22;C;S2;COMPRA;127390;09:28;09:30;STOP+;45.00
2024-05-22;C;S3;COMPRA;127013;11:02;11:04;STOP+;45.00
2024-05-22;C;S4;COMPRA;126780;11:30;11:32;STOP+;45.00
2024-05-23;C;S1;COMPRA;125161;11:19;11:24;STOP+;45.00
2024-05-28;C;R1;VENDA;125618;09:11;09:12;STOP;-100.00
2024-05-28;C;R2;VENDA;125743;09:12;09:14;STOP;-100.00
2024-05-28;C;R3;VENDA;125946;09:18;09:21;STOP+;45.00
2024-05-28;C;R4;VENDA;126072;09:48;09:53;STOP;-100.00
2024-05-31;C;S4;COMPRA;122340;13:21;13:27;STOP;-100.00
2024-06-03;C;S3;COMPRA;121789;11:02;11:37;ALVO;309.19
2024-06-06;C;R4;VENDA;122417;10:28;10:30;STOP;-100.00
2024-06-07;C;S2;COMPRA;122103;09:34;09:34;STOP;-100.00
2024-06-11;C;R4;VENDA;121540;10:12;10:15;STOP+;45.00
2024-06-14;C;S2;COMPRA;120600;10:32;11:01;STOP+;45.00
2024-06-17;C;S2;COMPRA;120822;10:15;10:17;STOP+;45.00
2024-06-18;C;R3;VENDA;121623;10:46;10:46;STOP;-100.00
2024-06-24;C;R1;VENDA;123716;10:14;10:16;STOP+;45.00
2024-06-24;C;R2;VENDA;124103;10:34;10:36;STOP;-100.00
2024-06-27;C;R2;VENDA;125057;09:30;09:36;STOP+;45.00
2024-06-28;C;S2;COMPRA;125152;10:50;10:52;STOP;-100.00
2024-06-28;C;S3;COMPRA;124729;11:03;11:05;STOP+;45.00
2024-07-01;C;R1;VENDA;126006;09:23;09:24;STOP;-100.00
2024-07-03;C;R1;VENDA;127207;10:04;10:06;STOP;-100.00
2024-07-03;C;R2;VENDA;127505;10:27;10:29;STOP+;45.00
2024-07-03;C;R3;VENDA;127987;11:31;11:33;STOP+;45.00
2024-07-11;C;R3;VENDA;128985;09:30;09:30;STOP;-100.00
2024-07-11;C;R4;VENDA;129123;09:30;09:32;STOP+;45.00
2024-07-16;C;S3;COMPRA;129739;13:41;13:43;STOP+;45.00
2024-07-18;C;S3;COMPRA;129575;10:31;10:35;STOP+;45.00
2024-07-18;C;S4;COMPRA;129422;11:08;11:11;STOP;-100.00
2024-07-23;C;S3;COMPRA;127942;10:23;10:29;STOP+;45.00
2024-07-23;C;S4;COMPRA;127818;10:32;10:35;STOP;-100.00
2024-07-25;C;S2;COMPRA;126445;09:02;09:04;STOP+;45.00
2024-07-26;C;R1;VENDA;127328;12:04;12:09;STOP+;45.00
2024-07-26;C;R2;VENDA;127468;12:48;12:54;STOP+;45.00
2024-07-26;C;R3;VENDA;127696;13:51;13:59;STOP;-100.00
2024-07-26;C;R4;VENDA;127837;14:13;14:16;STOP+;45.00
2024-07-29;C;S2;COMPRA;127475;10:54;10:56;STOP+;45.00
2024-07-30;C;S2;COMPRA;126945;10:00;10:05;STOP+;45.00
2024-07-30;C;S3;COMPRA;126590;13:58;14:03;STOP;-100.00
2024-07-31;C;R2;VENDA;127975;10:33;10:38;STOP+;45.00
2024-08-01;C;R2;VENDA;128743;10:11;10:12;STOP;-100.00
2024-08-01;C;R3;VENDA;129215;11:00;11:00;STOP;-100.00
2024-08-02;C;R3;VENDA;128396;10:16;10:19;STOP+;45.00
2024-08-07;C;R1;VENDA;127473;09:18;09:21;STOP+;45.00
2024-08-08;C;R3;VENDA;128562;11:14;11:20;STOP+;45.00
2024-08-08;C;R4;VENDA;128837;12:48;12:54;STOP+;45.00
2024-08-09;C;R1;VENDA;129584;09:57;10:00;STOP+;45.00
2024-08-09;C;R3;VENDA;130795;14:19;14:22;STOP+;45.00
2024-08-13;C;R2;VENDA;131998;09:15;09:21;STOP;-100.00
2024-08-13;C;R3;VENDA;132294;09:30;09:32;STOP+;45.00
2024-08-13;C;R4;VENDA;132477;14:26;14:28;STOP+;45.00
2024-08-15;C;R2;VENDA;136177;10:43;10:49;STOP+;45.00
2024-08-15;C;R3;VENDA;136650;13:08;13:13;STOP;-100.00
2024-08-16;C;R2;VENDA;137028;09:54;09:58;STOP+;45.00
2024-08-19;C;R2;VENDA;136753;09:10;09:13;STOP+;45.00
2024-08-19;C;R3;VENDA;137000;10:35;10:37;STOP+;45.00
2024-08-19;C;R4;VENDA;137152;10:51;10:57;STOP;-100.00
2024-08-21;C;R1;VENDA;139030;10:50;10:55;STOP+;45.00
2024-08-22;C;S4;COMPRA;137962;10:22;10:26;STOP+;45.00
2024-08-28;C;S1;COMPRA;138043;09:30;09:35;STOP+;45.00
2024-08-28;C;S2;COMPRA;137908;10:00;10:03;STOP+;45.00
2024-08-28;C;S3;COMPRA;137691;10:33;10:35;STOP;-100.00
2024-08-28;C;S4;COMPRA;137557;10:36;10:38;STOP+;45.00
2024-08-29;C;S3;COMPRA;138304;10:23;10:25;STOP+;45.00
2024-08-29;C;S4;COMPRA;138065;11:22;11:24;STOP+;45.00
2024-08-30;C;S1;COMPRA;136980;09:53;09:56;STOP;-100.00
2024-09-02;C;S1;COMPRA;136538;10:43;10:43;STOP;-100.00
2024-09-04;C;R3;VENDA;136748;10:17;10:18;STOP;-100.00
2024-09-04;C;R4;VENDA;136953;10:24;10:25;STOP;-100.00
2024-09-10;C;S2;COMPRA;135107;11:20;11:27;STOP+;45.00
2024-09-12;C;S3;COMPRA;135301;10:24;10:26;STOP;-100.00
2024-09-12;C;S4;COMPRA;135068;11:00;11:03;STOP+;45.00
2024-09-13;C;R2;VENDA;135952;10:07;10:07;STOP;-100.00
2024-09-13;C;R3;VENDA;136385;10:19;10:21;STOP+;45.00
2024-09-13;C;R4;VENDA;136653;10:31;10:38;STOP+;45.00
2024-09-16;C;R1;VENDA;136839;10:36;10:38;STOP+;45.00
2024-09-17;C;S4;COMPRA;135440;10:24;10:26;STOP;-100.00
2024-09-18;C;S2;COMPRA;135358;09:46;09:49;STOP;-100.00
2024-09-19;C;R1;VENDA;136151;09:05;09:07;STOP+;45.00
2024-09-19;C;S3;COMPRA;133895;17:10;17:13;STOP+;45.00
2024-09-24;C;R1;VENDA;132880;09:01;09:02;STOP;-100.00
2024-09-24;C;R3;VENDA;133350;10:33;10:35;STOP+;45.00
2024-09-24;C;R4;VENDA;133530;10:36;10:37;STOP;-100.00
2024-09-25;C;R1;VENDA;133802;09:04;11:17;ALVO;330.19
2024-09-26;C;R1;VENDA;133701;09:07;09:09;STOP+;45.00
2024-09-26;C;R2;VENDA;133948;09:22;09:29;STOP+;45.00
2024-09-30;C;R1;VENDA;134077;09:09;09:09;STOP;-100.00
2024-10-02;C;R1;VENDA;134283;09:08;09:11;STOP+;45.00
2024-10-02;C;R2;VENDA;134632;09:51;09:56;STOP;-100.00
2024-10-02;C;R3;VENDA;135195;10:19;10:23;STOP+;45.00
2024-10-03;C;S1;COMPRA;133221;09:05;09:06;STOP;-100.00
2024-10-03;C;S2;COMPRA;132817;09:20;09:23;STOP+;45.00
2024-10-03;C;S3;COMPRA;132163;10:29;10:31;STOP+;45.00
2024-10-03;C;S4;COMPRA;131758;11:22;11:24;STOP+;45.00
2024-10-07;C;R3;VENDA;133064;09:42;09:44;STOP+;45.00
2024-10-08;C;S1;COMPRA;130863;09:06;09:11;STOP+;45.00
2024-10-09;C;S3;COMPRA;130971;09:10;09:12;STOP+;45.00
2024-10-09;C;S4;COMPRA;130787;09:46;09:49;STOP+;45.00
2024-10-11;C;S4;COMPRA;129727;10:22;10:23;STOP;-100.00
2024-10-14;C;R2;VENDA;130922;14:17;14:19;STOP+;45.00
2024-10-17;C;S1;COMPRA;132857;09:04;09:07;STOP+;45.00
2024-10-17;C;S2;COMPRA;132558;09:25;09:27;STOP+;45.00
2024-10-17;C;S3;COMPRA;132075;10:14;10:15;STOP;-100.00
2024-10-18;C;S4;COMPRA;132203;11:10;11:12;STOP+;45.00
2024-10-22;C;S1;COMPRA;131638;09:03;09:04;STOP;-100.00
2024-10-22;C;S2;COMPRA;131383;09:06;09:08;STOP+;45.00
2024-10-23;C;S1;COMPRA;131240;09:01;09:03;STOP+;45.00
2024-10-23;C;S2;COMPRA;131073;09:03;09:04;STOP;-100.00
2024-10-23;C;S3;COMPRA;130803;09:12;09:14;STOP+;45.00
2024-10-29;C;S2;COMPRA;132335;18:19;18:21;STOP+;45.00
2024-10-31;C;S3;COMPRA;131182;18:02;18:13;STOP;-100.00
2024-11-01;C;S2;COMPRA;130632;10:28;10:31;STOP+;45.00
2024-11-01;C;S3;COMPRA;130117;14:10;14:13;STOP+;45.00
2024-11-01;C;S4;COMPRA;129798;15:12;15:16;STOP+;45.00
2024-11-04;C;R1;VENDA;130580;09:06;09:13;STOP+;45.00
2024-11-04;C;R2;VENDA;130938;10:01;10:04;STOP+;45.00
2024-11-04;C;R3;VENDA;131518;11:35;11:39;STOP+;45.00
2024-11-04;C;R4;VENDA;131877;12:16;12:27;STOP+;45.00
2024-11-05;C;S1;COMPRA;131442;11:25;11:27;STOP;-100.00
2024-11-05;C;S2;COMPRA;131143;12:17;12:21;STOP+;45.00
2024-11-06;C;S1;COMPRA;130352;09:04;09:05;STOP;-100.00
2024-11-06;C;S2;COMPRA;130165;09:05;09:06;STOP;-100.00
2024-11-08;C;S1;COMPRA;129319;09:21;09:23;STOP+;45.00
2024-11-08;C;S2;COMPRA;128837;10:07;10:10;STOP+;45.00
2024-11-12;C;S1;COMPRA;128252;09:02;09:48;ALVO;254.60
2024-11-13;C;S3;COMPRA;127953;11:51;11:53;STOP+;45.00
2024-11-21;C;S1;COMPRA;128559;09:12;09:18;STOP+;45.00
2024-11-21;C;S2;COMPRA;128348;09:40;09:45;STOP+;45.00
2024-11-21;C;S3;COMPRA;128007;10:20;10:20;STOP;-100.00
2024-11-21;C;S4;COMPRA;127797;10:45;10:47;STOP;-100.00
2024-11-22;C;R2;VENDA;128483;09:41;09:45;STOP;-100.00
2024-11-22;C;R4;VENDA;129207;13:11;13:13;STOP+;45.00
2024-11-27;C;S3;COMPRA;129540;13:48;13:50;STOP+;45.00
2024-11-27;C;S4;COMPRA;129290;13:50;13:50;STOP;-100.00
2024-11-28;C;S2;COMPRA;126288;16:36;16:36;STOP;-100.00
2024-11-28;C;S3;COMPRA;125076;17:42;17:44;STOP+;45.00
2024-12-02;C;S2;COMPRA;125333;10:38;10:39;STOP;-100.00
2024-12-03;C;R2;VENDA;126752;10:21;18:24;FECHAMENTO;177.22
2024-12-05;C;R2;VENDA;127187;09:53;09:54;STOP;-100.00
2024-12-05;C;R3;VENDA;127525;10:00;10:02;STOP;-100.00
2024-12-05;C;R4;VENDA;127733;10:09;10:11;STOP+;45.00
2024-12-06;C;S1;COMPRA;127512;09:10;09:15;STOP+;45.00
2024-12-06;C;S3;COMPRA;126778;11:57;11:59;STOP+;45.00
2024-12-06;C;S4;COMPRA;126498;12:15;12:19;STOP+;45.00
2024-12-09;C;R1;VENDA;127182;10:11;10:12;STOP;-100.00
2024-12-09;C;R2;VENDA;127455;10:48;10:55;STOP+;45.00
2024-12-11;C;S3;COMPRA;127626;12:08;12:14;STOP;-100.00
2024-12-11;C;R4;VENDA;129257;16:34;16:34;STOP;-100.00
2024-12-12;C;S1;COMPRA;129230;09:10;09:10;STOP;-100.00
2024-12-12;C;S2;COMPRA;128593;09:42;09:47;STOP+;45.00
2024-12-12;C;S3;COMPRA;127563;10:59;11:01;STOP+;45.00
2024-12-12;C;S4;COMPRA;126927;12:14;12:16;STOP+;45.00
2024-12-16;C;S1;COMPRA;124087;17:15;17:23;STOP;-100.00
2024-12-16;C;S2;COMPRA;123640;17:45;17:52;STOP;-100.00
2024-12-23;C;S1;COMPRA;123111;09:14;09:16;STOP+;45.00
2024-12-23;C;S2;COMPRA;122902;09:28;09:32;STOP;-100.00
2024-12-23;C;S4;COMPRA;122353;12:09;12:13;STOP;-100.00
2024-12-26;C;R3;VENDA;123044;13:23;18:24;FECHAMENTO;164.55
2024-12-30;C;R2;VENDA;122172;10:32;10:33;STOP;-100.00
2025-01-02;C;R2;VENDA;122193;09:02;09:02;STOP;-100.00
2025-01-02;C;S3;COMPRA;120825;10:33;10:34;STOP;-100.00
2025-01-02;C;S4;COMPRA;120597;10:37;10:38;STOP;-100.00
2025-01-03;C;S2;COMPRA;120235;12:04;12:07;STOP+;45.00
2025-01-03;C;S3;COMPRA;119598;16:55;16:58;STOP+;45.00
2025-01-06;C;R1;VENDA;120359;09:02;09:04;STOP+;45.00
2025-01-06;C;R2;VENDA;120627;09:29;09:37;STOP+;45.00
2025-01-06;C;R3;VENDA;121060;10:00;10:01;STOP;-100.00
2025-01-06;C;R4;VENDA;121328;11:07;11:11;STOP+;45.00
2025-01-07;C;R2;VENDA;122027;10:04;10:07;STOP+;45.00
2025-01-07;C;R3;VENDA;122624;12:22;12:29;STOP;-100.00
2025-01-08;C;S1;COMPRA;121712;09:05;09:07;STOP+;45.00
2025-01-08;C;S2;COMPRA;121410;10:27;10:29;STOP+;45.00
2025-01-08;C;S3;COMPRA;120922;11:02;11:05;STOP+;45.00
2025-01-08;C;S4;COMPRA;120620;14:26;14:33;STOP+;45.00
2025-01-13;C;R2;VENDA;120505;12:20;12:22;STOP+;45.00
2025-01-14;C;S3;COMPRA;119170;11:27;11:34;STOP+;45.00
2025-01-15;C;R2;VENDA;121178;09:48;09:50;STOP+;45.00
2025-01-15;C;R3;VENDA;121740;10:30;10:31;STOP;-100.00
2025-01-16;C;S2;COMPRA;121763;14:53;14:55;STOP+;45.00
2025-01-17;C;R2;VENDA;123297;12:54;13:01;STOP+;45.00
2025-01-20;C;R2;VENDA;123847;12:03;12:11;STOP+;45.00
2025-01-21;C;S1;COMPRA;122989;09:03;09:05;STOP+;45.00
2025-01-22;C;R1;VENDA;124766;10:02;10:04;STOP+;45.00
2025-01-23;C;R3;VENDA;124507;10:29;10:30;STOP;-100.00
2025-01-23;C;R4;VENDA;124673;10:39;10:41;STOP+;45.00
2025-01-23;C;S2;COMPRA;123077;16:08;16:11;STOP+;45.00
2025-01-29;C;R2;VENDA;125313;09:26;09:32;STOP;-100.00
2025-01-29;C;S3;COMPRA;123781;17:43;17:46;STOP+;45.00
2025-01-30;C;R1;VENDA;124859;09:06;09:10;STOP+;45.00
2025-01-30;C;R3;VENDA;125521;10:28;10:29;STOP;-100.00
2025-01-30;C;R4;VENDA;125773;10:42;10:47;STOP+;45.00
2025-02-04;C;S3;COMPRA;125467;10:26;10:28;STOP+;45.00
2025-02-04;C;S4;COMPRA;125223;10:37;10:40;STOP+;45.00
2025-02-07;C;S3;COMPRA;125430;12:53;12:53;STOP;-100.00
2025-02-07;C;S4;COMPRA;125205;13:25;13:31;STOP+;45.00
2025-02-10;C;R1;VENDA;125724;10:10;10:12;STOP;-100.00
2025-02-10;C;R2;VENDA;126110;10:19;10:20;STOP;-100.00
2025-02-11;C;R2;VENDA;126557;10:36;10:41;STOP;-100.00
2025-02-14;C;R3;VENDA;128293;09:40;09:44;STOP+;45.00
2025-02-14;C;R4;VENDA;128593;10:23;10:23;STOP;-100.00
2025-02-19;C;S2;COMPRA;129882;09:21;09:24;STOP+;45.00
2025-02-19;C;S4;COMPRA;129163;17:03;17:05;STOP+;45.00
2025-02-24;C;S3;COMPRA;128413;13:13;13:16;STOP+;45.00
2025-02-24;C;S4;COMPRA;128172;14:05;14:15;STOP;-100.00
2025-02-25;C;R2;VENDA;128685;11:48;11:51;STOP+;45.00
2025-02-26;C;R1;VENDA;128626;09:04;09:08;STOP+;45.00
2025-02-26;C;R2;VENDA;128815;09:30;09:33;STOP+;45.00
2025-02-26;C;R3;VENDA;129121;09:59;10:01;STOP+;45.00
2025-02-26;C;S3;COMPRA;127163;11:26;11:40;STOP+;45.00
2025-02-28;C;S4;COMPRA;124893;15:01;15:03;STOP;-100.00
2025-03-07;C;S3;COMPRA;123893;10:30;10:30;STOP;-100.00
2025-03-11;C;S3;COMPRA;125208;10:24;10:26;STOP+;45.00
2025-03-11;C;S4;COMPRA;124960;10:58;11:00;STOP+;45.00
2025-03-13;C;R3;VENDA;125947;11:15;11:16;STOP;-100.00
2025-03-13;C;R4;VENDA;126212;11:24;11:25;STOP;-100.00
2025-03-14;C;R1;VENDA;128440;11:06;11:08;STOP+;45.00
2025-03-14;C;R2;VENDA;129070;11:31;11:33;STOP+;45.00
2025-03-14;C;R3;VENDA;130090;12:58;13:01;STOP+;45.00
2025-03-17;C;R1;VENDA;131306;11:48;11:50;STOP+;45.00
2025-03-17;C;R2;VENDA;132060;12:37;12:38;STOP;-100.00
2025-03-18;C;R1;VENDA;132937;14:27;14:29;STOP+;45.00
2025-03-19;C;R2;VENDA;133543;10:41;10:43;STOP+;45.00
2025-03-20;C;S1;COMPRA;133126;09:21;09:23;STOP+;45.00
2025-03-24;C;S4;COMPRA;132737;09:49;09:51;STOP+;45.00
2025-03-25;C;R2;VENDA;133122;10:28;10:30;STOP+;45.00
2025-03-25;C;R3;VENDA;133691;11:07;11:10;STOP+;45.00
2025-03-25;C;R4;VENDA;134043;11:27;11:31;STOP+;45.00
2025-03-28;C;S1;COMPRA;133291;09:01;09:02;STOP;-100.00
2025-03-28;C;S2;COMPRA;133010;09:07;09:11;STOP+;45.00
2025-03-28;C;S4;COMPRA;132275;11:47;11:49;STOP+;45.00
2025-03-31;C;S1;COMPRA;131348;10:18;10:25;STOP+;45.00
2025-03-31;C;S2;COMPRA;130985;10:42;10:44;STOP+;45.00
2025-04-01;C;R3;VENDA;131950;11:30;11:32;STOP+;45.00
2025-04-01;C;R4;VENDA;132143;11:41;11:42;STOP;-100.00
2025-04-02;C;R2;VENDA;132563;17:14;17:14;STOP;-100.00
2025-04-02;C;R3;VENDA;133205;17:14;17:14;STOP;-100.00
2025-04-04;C;S4;COMPRA;126910;11:50;11:52;STOP+;45.00
2025-04-07;C;R4;VENDA;128250;11:12;11:12;STOP;-100.00
2025-04-14;C;R1;VENDA;129478;09:59;10:00;STOP;-100.00
2025-04-17;C;R3;VENDA;131866;12:14;12:31;STOP+;45.00
2025-04-17;C;R4;VENDA;132105;13:18;13:21;STOP;-100.00
2025-04-22;C;S2;COMPRA;131122;10:16;10:18;STOP+;45.00
2025-04-23;C;R1;VENDA;135065;10:37;10:37;STOP;-100.00
2025-04-24;C;R2;VENDA;135640;10:14;10:16;STOP+;45.00
2025-04-24;C;R4;VENDA;136495;13:04;13:12;STOP+;45.00
2025-04-28;C;R3;VENDA;137804;11:04;11:06;STOP+;45.00
2025-04-28;C;R4;VENDA;138020;11:44;11:48;STOP+;45.00
2025-04-29;C;R3;VENDA;138163;11:35;11:36;STOP;-100.00
2025-04-29;C;R4;VENDA;138375;11:44;11:46;STOP+;45.00
2025-04-30;C;S2;COMPRA;136367;10:12;11:10;STOP+;45.00
2025-05-05;C;S4;COMPRA;136192;11:00;11:02;STOP+;45.00
2025-05-07;C;R1;VENDA;136322;09:02;09:04;STOP+;45.00
2025-05-08;C;R1;VENDA;136923;09:16;09:19;STOP+;45.00
2025-05-08;C;R2;VENDA;137247;09:36;09:38;STOP+;45.00
2025-05-08;C;R3;VENDA;137770;10:04;10:06;STOP;-100.00
2025-05-08;C;R4;VENDA;138093;10:41;10:41;STOP;-100.00
2025-05-13;C;R1;VENDA;139279;10:20;10:22;STOP+;45.00
2025-05-13;C;R2;VENDA;139637;10:36;10:42;STOP+;45.00
2025-05-13;C;R3;VENDA;140216;12:10;12:12;STOP+;45.00
2025-05-13;C;R4;VENDA;140573;12:25;12:27;STOP;-100.00
2025-05-16;C;S1;COMPRA;140421;09:04;09:05;STOP;-100.00
2025-05-16;C;S2;COMPRA;140205;09:09;09:12;STOP;-100.00
2025-05-16;C;S3;COMPRA;139856;09:19;09:20;STOP;-100.00
2025-05-16;C;S4;COMPRA;139640;09:21;09:30;STOP+;45.00
2025-05-19;C;R3;VENDA;141583;13:07;13:09;STOP+;45.00
2025-05-21;C;S2;COMPRA;140747;10:09;10:11;STOP+;45.00
2025-05-21;C;S3;COMPRA;140423;11:05;11:08;STOP;-100.00
2025-05-21;C;S4;COMPRA;140223;11:13;11:15;STOP;-100.00
2025-05-22;C;S3;COMPRA;136271;18:06;18:08;STOP+;45.00
2025-05-27;C;R1;VENDA;140423;09:01;09:04;STOP+;45.00
2025-05-27;C;R2;VENDA;140672;09:12;09:12;STOP;-100.00
2025-05-27;C;R3;VENDA;141074;09:24;09:26;STOP+;45.00
2025-05-27;C;R4;VENDA;141323;09:31;09:31;STOP;-100.00
2025-05-28;C;S2;COMPRA;140028;10:09;10:11;STOP+;45.00
2025-05-30;C;S2;COMPRA;138680;10:32;10:32;STOP;-100.00
2025-05-30;C;S3;COMPRA;138111;11:01;11:02;STOP;-100.00
2025-05-30;C;S4;COMPRA;137760;11:20;11:22;STOP+;45.00
2025-06-02;C;R2;VENDA;139108;09:47;09:49;STOP+;45.00
2025-06-03;C;R2;VENDA;138367;15:09;15:09;STOP;-100.00
2025-06-04;C;R1;VENDA;139345;09:20;09:24;STOP+;45.00
2025-06-04;C;S3;COMPRA;137671;14:55;15:01;STOP+;45.00
2025-06-04;C;S4;COMPRA;137440;15:41;15:43;STOP+;45.00
2025-06-05;C;S2;COMPRA;136728;15:23;15:27;STOP+;45.00
2025-06-09;C;S2;COMPRA;136068;09:26;09:26;STOP;-100.00
2025-06-09;C;S3;COMPRA;135632;09:29;09:31;STOP+;45.00
2025-06-09;C;S4;COMPRA;135362;09:36;09:38;STOP+;45.00
2025-06-10;C;R1;VENDA;137697;09:32;09:45;STOP+;45.00
2025-06-11;C;S3;COMPRA;135820;09:30;09:30;STOP;-100.00
2025-06-12;C;S1;COMPRA;136239;09:23;09:24;STOP;-100.00
2025-06-12;C;R2;VENDA;138113;16:39;16:43;STOP+;45.00
2025-06-16;C;R1;VENDA;137994;09:01;09:02;STOP;-100.00
2025-06-16;C;R2;VENDA;138238;09:03;09:05;STOP+;45.00
2025-06-16;C;R3;VENDA;138633;09:19;09:24;STOP+;45.00
2025-06-16;C;R4;VENDA;138877;09:44;09:46;STOP+;45.00
2025-06-17;C;S2;COMPRA;138707;12:07;12:08;STOP;-100.00
2025-06-20;C;S4;COMPRA;140737;09:29;09:31;STOP+;45.00
2025-06-23;C;S1;COMPRA;138773;12:26;12:41;STOP+;45.00
2025-06-25;C;S1;COMPRA;138600;09:18;09:19;STOP;-100.00
2025-06-26;C;R2;VENDA;139337;11:35;11:37;STOP+;45.00
2025-06-27;C;S3;COMPRA;138548;09:32;09:34;STOP+;45.00
2025-06-27;C;S4;COMPRA;138300;10:04;12:50;ALVO;407.67
2025-06-30;C;S3;COMPRA;138255;09:15;09:18;STOP;-100.00
2025-07-02;C;S3;COMPRA;141080;10:45;10:46;STOP;-100.00
2025-07-02;C;S4;COMPRA;140903;10:47;10:48;STOP;-100.00
2025-07-03;C;R3;VENDA;142689;10:37;10:38;STOP;-100.00
2025-07-03;C;R4;VENDA;143050;10:45;10:47;STOP+;45.00
2025-07-07;C;S3;COMPRA;142594;10:42;10:47;STOP+;45.00
2025-07-07;C;S4;COMPRA;142413;11:03;11:03;STOP;-100.00
2025-07-08;C;S1;COMPRA;140772;13:13;13:15;STOP+;45.00
2025-07-11;C;S1;COMPRA;137601;09:02;10:15;STOP+;45.00
2025-07-14;C;S1;COMPRA;136981;09:38;09:44;STOP;-100.00
2025-07-15;C;S2;COMPRA;136055;10:40;10:42;STOP+;45.00
2025-07-17;C;S1;COMPRA;135687;09:07;09:55;ALVO;435.41
2025-07-18;C;S1;COMPRA;136215;09:00;09:01;STOP;-100.00
2025-07-18;C;S2;COMPRA;135998;09:01;09:01;STOP;-100.00
2025-07-18;C;S3;COMPRA;135648;09:43;09:45;STOP+;45.00
2025-07-18;C;S4;COMPRA;135432;10:00;10:00;STOP;-100.00
2025-07-21;C;R3;VENDA;135620;09:21;09:24;STOP+;45.00
2025-07-22;C;R2;VENDA;136288;10:47;10:49;STOP+;45.00
2025-07-24;C;S1;COMPRA;135502;09:04;09:04;STOP;-100.00
2025-07-24;C;S2;COMPRA;135153;09:09;09:11;STOP+;45.00
2025-07-24;C;S3;COMPRA;134590;10:38;10:40;STOP+;45.00
2025-07-25;C;R3;VENDA;135466;09:08;09:10;STOP+;45.00
2025-07-28;C;S2;COMPRA;133292;10:47;10:52;STOP+;45.00
2025-07-28;C;S4;COMPRA;132373;15:51;15:56;STOP+;45.00
2025-07-31;C;S1;COMPRA;133015;09:52;09:54;STOP+;45.00
2025-08-01;C;R3;VENDA;134418;09:54;09:55;STOP;-100.00
2025-08-01;C;R4;VENDA;134775;09:59;10:00;STOP;-100.00
2025-08-04;C;R1;VENDA;134113;09:01;09:01;STOP;-100.00
2025-08-05;C;R4;VENDA;134197;10:32;10:33;STOP;-100.00
2025-08-06;C;R1;VENDA;134372;09:08;09:10;STOP+;45.00
2025-08-06;C;R2;VENDA;134750;09:16;09:18;STOP+;45.00
2025-08-07;C;R1;VENDA;135819;10:24;10:26;STOP;-100.00
2025-08-07;C;R2;VENDA;136187;10:30;10:31;STOP;-100.00
2025-08-07;C;R4;VENDA;137148;13:56;13:58;STOP;-100.00
2025-08-08;C;S1;COMPRA;136203;09:23;09:23;STOP;-100.00
2025-08-12;C;R1;VENDA;136598;09:30;09:30;STOP;-100.00
2025-08-12;C;R2;VENDA;136760;09:30;09:32;STOP+;45.00
2025-08-12;C;R3;VENDA;137023;09:49;09:51;STOP+;45.00
2025-08-12;C;R4;VENDA;137185;10:04;10:06;STOP+;45.00
2025-08-14;C;S1;COMPRA;138721;09:34;09:36;STOP;-100.00
2025-08-18;C;R1;VENDA;139998;09:08;09:09;STOP;-100.00
2025-08-19;C;S2;COMPRA;139300;09:38;09:38;STOP;-100.00
2025-08-19;C;S3;COMPRA;138762;10:00;10:02;STOP+;45.00
2025-08-19;C;S4;COMPRA;138430;10:06;10:07;STOP;-100.00
2025-08-20;C;R1;VENDA;137658;14:00;14:10;ALVO;284.71
2025-08-21;C;S1;COMPRA;136605;09:01;09:02;STOP;-100.00
2025-08-21;C;S2;COMPRA;136385;09:02;09:04;STOP+;45.00
2025-08-21;C;S3;COMPRA;136030;09:07;09:08;STOP;-100.00
2025-08-22;C;R1;VENDA;137763;09:06;09:06;STOP;-100.00
2025-08-22;C;R2;VENDA;138133;09:32;09:35;STOP+;45.00
2025-08-22;C;R4;VENDA;139102;11:00;11:00;STOP;-100.00
2025-08-26;C;S3;COMPRA;139543;11:35;11:37;STOP+;45.00
2025-08-27;C;S2;COMPRA;139572;09:02;09:18;ALVO;278.11
2025-08-27;C;R3;VENDA;141324;16:06;16:08;STOP;-100.00
2025-08-27;C;R4;VENDA;141613;16:38;16:38;STOP;-100.00
2025-08-28;C;R1;VENDA;142973;10:24;10:24;STOP;-100.00
2025-08-28;C;R2;VENDA;143482;10:50;10:52;STOP+;45.00
2025-08-28;C;R3;VENDA;144305;11:32;11:32;STOP;-100.00
2025-08-29;C;R2;VENDA;144398;11:59;12:01;STOP+;45.00
2025-09-01;C;S2;COMPRA;143043;15:50;18:24;FECHAMENTO;218.89
2025-09-02;C;S1;COMPRA;142268;09:02;09:04;STOP+;45.00
2025-09-02;C;S3;COMPRA;141650;10:00;10:02;STOP+;45.00
2025-09-04;C;R3;VENDA;142513;12:53;12:54;STOP;-100.00
2025-09-04;C;R4;VENDA;142693;13:05;13:11;STOP+;45.00
2025-09-05;C;R1;VENDA;143932;09:30;09:30;STOP;-100.00
2025-09-05;C;R2;VENDA;144360;09:30;10:10;STOP+;45.00
2025-09-08;C;S2;COMPRA;143810;10:45;10:47;STOP+;45.00
2025-09-08;C;S3;COMPRA;143167;13:40;18:24;FECHAMENTO;237.57
2025-09-09;C;R1;VENDA;144450;09:45;09:47;STOP+;45.00
2025-09-10;C;R2;VENDA;144247;10:40;10:42;STOP+;45.00
2025-09-10;C;R3;VENDA;144535;10:47;10:48;STOP;-100.00
2025-09-10;C;R4;VENDA;144713;11:05;11:07;STOP+;45.00
2025-09-12;C;S1;COMPRA;143733;09:34;09:34;STOP;-100.00
2025-09-15;C;R1;VENDA;144549;09:03;09:03;STOP;-100.00
2025-09-15;C;R2;VENDA;144795;09:06;09:08;STOP+;45.00
2025-09-15;C;R4;VENDA;145440;13:35;13:38;STOP+;45.00
2025-09-16;C;R1;VENDA;146183;09:24;09:26;STOP+;45.00
2025-09-17;C;R3;VENDA;146282;10:36;10:37;STOP;-100.00
2025-09-17;C;R4;VENDA;146490;10:37;10:39;STOP+;45.00
2025-09-18;C;S1;COMPRA;146342;10:56;10:58;STOP+;45.00
2025-09-19;C;R2;VENDA;147347;10:10;10:12;STOP+;45.00
2025-09-22;C;S1;COMPRA;146229;09:04;09:06;STOP;-100.00
2025-09-22;C;S2;COMPRA;145953;09:13;09:16;STOP+;45.00
2025-09-23;C;R3;VENDA;147505;11:59;11:59;STOP;-100.00
2025-09-23;C;R4;VENDA;147828;12:02;12:02;STOP;-100.00
2025-09-24;C;R1;VENDA;148390;18:08;18:08;STOP;-100.00
2025-09-24;C;R2;VENDA;148885;18:08;18:08;STOP;-100.00
2025-09-25;C;S3;COMPRA;146897;10:22;10:24;STOP+;45.00
2025-09-25;C;S4;COMPRA;146637;10:46;10:48;STOP+;45.00
2025-09-29;C;R2;VENDA;147162;09:08;09:10;STOP+;45.00
2025-09-29;C;R3;VENDA;147487;09:28;09:35;STOP;-100.00
2025-09-29;C;R4;VENDA;147688;09:39;09:41;STOP+;45.00
2025-10-01;C;S2;COMPRA;146163;12:26;12:28;STOP+;45.00
2025-10-02;C;R1;VENDA;147277;09:02;09:23;ALVO;385.45
2025-10-02;C;S2;COMPRA;145388;11:10;11:12;STOP+;45.00
2025-10-02;C;S3;COMPRA;144547;12:01;12:03;STOP+;45.00
2025-10-06;C;S3;COMPRA;144083;11:05;11:08;STOP+;45.00
2025-10-07;C;S1;COMPRA;143075;09:16;09:18;STOP+;45.00
2025-10-07;C;S3;COMPRA;142145;11:12;11:14;STOP+;45.00
2025-10-07;C;S4;COMPRA;141790;11:36;11:38;STOP+;45.00
2025-10-09;C;R1;VENDA;143310;09:09;09:09;STOP;-100.00
2025-10-09;C;R2;VENDA;143563;09:16;09:16;STOP;-100.00
2025-10-10;C;S2;COMPRA;140845;12:34;12:40;STOP+;45.00
2025-10-13;C;R1;VENDA;142153;09:55;09:57;STOP+;45.00
2025-10-16;C;S2;COMPRA;144908;09:34;09:43;STOP+;45.00
2025-10-16;C;S3;COMPRA;144397;10:24;10:27;STOP+;45.00
2025-10-17;C;R2;VENDA;145733;10:48;10:50;STOP+;45.00
2025-10-17;C;R3;VENDA;146258;12:06;12:49;STOP+;45.00
2025-10-23;C;R1;VENDA;148522;09:02;09:02;STOP;-100.00
2025-10-23;C;R2;VENDA;148870;09:05;09:07;STOP+;45.00
2025-10-24;C;R2;VENDA;149335;09:30;09:30;STOP;-100.00
2025-10-24;C;R3;VENDA;149823;09:52;09:54;STOP+;45.00
2025-10-27;C;R1;VENDA;150489;09:49;09:52;STOP+;45.00
2025-10-27;C;R2;VENDA;150745;10:17;18:24;FECHAMENTO;348.33
2025-10-28;C;R3;VENDA;150378;13:30;13:32;STOP+;45.00
2025-10-29;C;R2;VENDA;151388;11:22;12:01;STOP+;45.00
2025-10-30;C;S1;COMPRA;150512;09:12;09:18;STOP+;45.00
2025-10-30;C;S2;COMPRA;150210;09:53;09:54;STOP;-100.00
2025-11-03;C;R2;VENDA;152812;09:45;09:48;STOP+;45.00
2025-11-05;C;R2;VENDA;153783;11:26;11:29;STOP+;45.00
2025-11-05;C;R3;VENDA;154360;11:57;12:05;STOP+;45.00
2025-11-05;C;R4;VENDA;154717;12:23;12:23;STOP;-100.00
2025-11-07;C;S2;COMPRA;154990;10:55;10:57;STOP;-100.00
2025-11-07;C;S3;COMPRA;154591;11:30;11:33;STOP+;45.00
2025-11-11;C;R1;VENDA;158439;09:03;09:04;STOP;-100.00
2025-11-11;C;R3;VENDA;159245;10:37;10:39;STOP+;45.00
2025-11-11;C;R4;VENDA;159553;10:50;10:51;STOP;-100.00
2025-11-12;C;S1;COMPRA;159292;11:45;11:46;STOP;-100.00
2025-11-12;C;S2;COMPRA;158855;12:00;12:02;STOP+;45.00
2025-11-13;C;S3;COMPRA;158809;15:17;15:19;STOP+;45.00
2025-11-13;C;S4;COMPRA;158540;16:00;16:02;STOP+;45.00
2025-11-14;C;R4;VENDA;159885;11:46;11:49;STOP+;45.00
2025-11-17;C;S1;COMPRA;158931;10:35;10:37;STOP+;45.00
2025-11-18;C;S1;COMPRA;157654;09:14;09:16;STOP+;45.00
2025-11-18;C;S2;COMPRA;157378;09:25;09:29;STOP+;45.00
2025-11-19;C;S2;COMPRA;157598;09:22;09:25;STOP+;45.00
2025-11-19;C;S4;COMPRA;156837;16:26;16:49;STOP+;45.00
2025-11-25;C;R2;VENDA;157702;10:30;10:49;ALVO;394.89
2025-11-26;C;R1;VENDA;158116;10:21;10:22;STOP;-100.00
2025-11-26;C;R2;VENDA;158497;10:30;10:31;STOP;-100.00
2025-11-26;C;R3;VENDA;159113;11:05;11:30;STOP+;45.00
2025-11-28;C;R4;VENDA;160165;09:57;09:58;STOP;-100.00
2025-12-01;C;S2;COMPRA;159295;10:24;10:26;STOP;-100.00
2025-12-02;C;R1;VENDA;160470;09:33;09:35;STOP+;45.00
2025-12-04;C;R3;VENDA;163523;09:36;09:39;STOP+;45.00
2025-12-04;C;R4;VENDA;163728;10:16;10:17;STOP;-100.00
2025-12-05;C;S2;COMPRA;164220;12:55;12:57;STOP+;45.00
2025-12-09;C;S2;COMPRA;157385;09:45;09:47;STOP+;45.00
2025-12-09;C;S4;COMPRA;156305;10:32;10:32;STOP;-100.00
2025-12-09;C;R2;VENDA;159380;17:00;17:02;STOP+;45.00
2025-12-12;C;R2;VENDA;160927;10:44;10:44;STOP;-100.00
2025-12-15;C;R1;VENDA;162308;09:20;09:25;STOP+;45.00
2025-12-15;C;R2;VENDA;162762;09:44;09:47;STOP+;45.00
2025-12-16;C;S1;COMPRA;160735;09:03;09:03;STOP;-100.00
2025-12-16;C;S2;COMPRA;160417;09:03;09:03;STOP;-100.00
2025-12-16;C;S3;COMPRA;159902;09:04;12:10;STOP+;45.00
2025-12-18;C;S1;COMPRA;159953;09:48;09:48;STOP;-100.00
2025-12-19;C;R1;VENDA;161913;09:05;09:08;STOP+;45.00
2025-12-26;C;S1;COMPRA;162371;09:01;09:01;STOP;-100.00
2025-12-30;C;R1;VENDA;163969;09:10;09:10;STOP;-100.00
2025-12-30;C;R2;VENDA;164302;09:20;09:21;STOP;-100.00
2026-01-06;C;R1;VENDA;165375;09:22;09:25;STOP;-100.00
2026-01-06;C;R2;VENDA;165870;10:08;10:08;STOP;-100.00
2026-01-07;C;S2;COMPRA;165388;10:18;10:18;STOP;-100.00
2026-01-07;C;S4;COMPRA;164527;11:32;11:36;STOP;-100.00
2026-01-09;C;R1;VENDA;165668;09:00;09:10;ALVO;276.70
2026-01-12;C;S2;COMPRA;164453;11:04;11:07;STOP+;45.00
2026-01-13;C;S3;COMPRA;164428;09:46;09:51;STOP+;45.00
2026-01-13;C;S4;COMPRA;164178;10:09;10:11;STOP+;45.00
2026-01-14;C;R1;VENDA;164517;09:13;09:15;STOP+;45.00
2026-01-14;C;R2;VENDA;164805;09:34;09:36;STOP;-100.00
2026-01-14;C;R3;VENDA;165272;10:15;10:18;STOP+;45.00
2026-01-16;C;S2;COMPRA;166805;10:56;10:58;STOP;-100.00
2026-01-16;C;S3;COMPRA;166425;11:19;11:21;STOP;-100.00
2026-01-16;C;S4;COMPRA;166190;11:22;11:24;STOP+;45.00
2026-01-20;C;S1;COMPRA;165473;09:01;09:09;STOP+;45.00
2026-01-20;C;S3;COMPRA;164945;09:28;09:30;STOP+;45.00
2026-01-20;C;R4;VENDA;167253;11:38;11:38;STOP;-100.00
2026-01-26;C;R1;VENDA;182853;09:03;09:03;STOP;-100.00
2026-01-26;C;S1;COMPRA;179720;10:53;10:54;STOP;-100.00
2026-02-04;C;S2;COMPRA;185288;09:20;09:29;STOP+;45.00
2026-02-06;C;R1;VENDA;184643;09:03;09:22;ALVO;609.60
2026-02-06;C;S2;COMPRA;182282;10:26;10:34;STOP+;45.00
2026-02-09;C;R3;VENDA;186040;15:11;15:13;STOP+;45.00
2026-02-11;C;R1;VENDA;187565;09:01;09:01;STOP;-100.00
2026-02-11;C;R2;VENDA;187915;09:02;09:03;STOP;-100.00
2026-02-11;C;R3;VENDA;188480;09:06;09:44;STOP+;45.00
2026-02-12;C;S2;COMPRA;189037;09:43;09:44;STOP;-100.00
2026-02-13;C;S1;COMPRA;185791;09:11;09:13;STOP+;45.00
2026-02-20;C;S2;COMPRA;191268;09:13;09:15;STOP;-100.00
2026-02-20;C;S3;COMPRA;190603;09:49;09:51;STOP+;45.00
2026-02-23;C;S1;COMPRA;192602;09:42;09:42;STOP;-100.00
2026-02-24;C;R1;VENDA;193348;09:06;09:06;STOP;-100.00
2026-02-24;C;R2;VENDA;193737;09:12;09:12;STOP;-100.00
2026-02-25;C;S4;COMPRA;194337;12:06;12:08;STOP+;45.00
2026-02-27;C;S1;COMPRA;193404;09:01;09:01;STOP;-100.00
2026-02-27;C;S2;COMPRA;192940;09:03;09:03;STOP;-100.00
2026-02-27;C;S3;COMPRA;192189;09:07;16:22;STOP+;45.00
2026-03-03;C;S1;COMPRA;187814;09:02;09:03;STOP;-100.00
2026-03-04;C;R1;VENDA;187519;09:02;09:02;STOP;-100.00
2026-03-05;C;S2;COMPRA;185373;11:18;11:20;STOP+;45.00
2026-03-09;C;R3;VENDA;182643;12:28;12:30;STOP+;45.00
2026-03-11;C;S1;COMPRA;184600;09:31;09:31;STOP;-100.00
2026-03-11;C;S2;COMPRA;183735;09:46;09:48;STOP+;45.00
2026-03-12;C;S1;COMPRA;183956;09:08;09:08;STOP;-100.00
2026-03-13;C;S1;COMPRA;180367;12:24;12:47;ALVO;328.66
2026-03-17;C;S1;COMPRA;181280;09:01;09:01;STOP;-100.00
2026-03-17;C;S2;COMPRA;180868;09:02;09:05;ALVO;377.22
2026-03-18;C;S2;COMPRA;180967;09:54;09:58;STOP+;45.00
2026-03-19;C;R3;VENDA;182040;16:02;16:02;STOP;-100.00
2026-03-19;C;R4;VENDA;182517;16:05;16:05;STOP;-100.00
2026-03-24;C;R1;VENDA;186157;17:23;17:23;STOP;-100.00
2026-03-26;C;S1;COMPRA;184211;09:00;09:00;STOP;-100.00
2026-03-30;C;R2;VENDA;183810;09:31;09:33;STOP+;45.00
2026-03-30;C;R3;VENDA;184375;10:00;10:01;STOP;-100.00
2026-03-31;C;R1;VENDA;185908;09:01;09:02;STOP;-100.00
2026-04-07;C;S2;COMPRA;187215;09:33;09:48;STOP+;45.00
2026-04-09;C;R2;VENDA;193648;09:46;09:49;STOP+;45.00
2026-04-13;C;R1;VENDA;198120;14:32;14:34;STOP+;45.00
2026-04-16;C;R1;VENDA;202641;09:08;09:44;STOP+;45.00
2026-04-16;C;S1;COMPRA;201229;11:17;11:19;STOP+;45.00
2026-04-16;C;S2;COMPRA;200712;11:31;11:33;STOP+;45.00
2026-04-17;C;R2;VENDA;202410;09:47;09:48;STOP;-100.00
2026-04-17;C;R3;VENDA;202957;09:49;09:55;STOP+;45.00
2026-04-17;C;R4;VENDA;203295;10:08;10:08;STOP;-100.00
2026-04-17;C;S2;COMPRA;199970;11:51;11:51;STOP;-100.00
2026-04-20;C;R1;VENDA;200573;10:29;10:29;STOP;-100.00
2026-04-22;C;S3;COMPRA;199490;09:07;09:07;STOP;-100.00
2026-04-22;C;S4;COMPRA;199240;09:10;09:12;STOP+;45.00
2026-04-24;C;S1;COMPRA;194272;09:49;09:50;STOP;-100.00
2026-04-29;C;S1;COMPRA;191221;09:03;09:03;STOP;-100.00
2026-04-29;C;S2;COMPRA;190943;09:39;09:41;STOP+;45.00
2026-04-29;C;S3;COMPRA;190494;10:06;10:09;STOP+;45.00
2026-04-29;C;S4;COMPRA;190217;10:31;10:31;STOP;-100.00
2026-05-04;C;S2;COMPRA;188228;17:16;17:18;STOP+;45.00
2026-05-07;C;S2;COMPRA;188472;10:13;10:16;STOP+;45.00
2026-05-07;C;S4;COMPRA;186643;10:58;10:58;STOP;-100.00
2026-05-08;C;R1;VENDA;187128;09:30;09:33;STOP+;45.00
2026-05-08;C;R2;VENDA;187825;09:56;09:58;STOP+;45.00
2026-05-14;C;R1;VENDA;179967;09:04;09:04;STOP;-100.00
2026-05-14;C;R2;VENDA;180530;09:32;09:33;STOP;-100.00
2026-05-15;C;S1;COMPRA;178306;09:02;09:02;STOP;-100.00
2026-05-15;C;S2;COMPRA;177877;09:07;09:07;STOP;-100.00
2026-05-19;C;S1;COMPRA;178150;09:03;09:03;STOP;-100.00
2026-05-19;C;S2;COMPRA;177897;09:07;09:08;STOP;-100.00
2026-05-19;C;S3;COMPRA;177487;09:12;09:14;STOP;-100.00
2026-05-19;C;S4;COMPRA;177233;09:16;09:16;STOP;-100.00
2026-05-20;C;R1;VENDA;177447;09:06;10:14;STOP+;45.00
2026-05-20;C;R3;VENDA;179035;10:57;10:59;STOP+;45.00
2026-05-21;C;R2;VENDA;180138;14:20;14:20;STOP;-100.00
2026-05-25;C;R1;VENDA;180101;09:04;09:05;STOP;-100.00
2026-05-27;C;R2;VENDA;178503;09:06;09:06;STOP;-100.00
2026-05-27;C;R4;VENDA;179647;09:32;09:34;STOP+;45.00
2026-05-29;C;S2;COMPRA;174340;10:25;10:27;STOP+;45.00
2026-06-01;C;S1;COMPRA;174392;10:07;10:12;STOP+;45.00
2026-06-03;C;S1;COMPRA;173920;09:04;09:04;STOP;-100.00
2026-06-03;C;S2;COMPRA;173490;09:05;09:06;STOP;-100.00
2026-06-03;C;S3;COMPRA;172795;09:15;09:15;STOP;-100.00
2026-06-03;C;S4;COMPRA;172365;09:15;09:15;STOP;-100.00
2026-06-09;C;R1;VENDA;170458;09:06;09:07;STOP;-100.00
2026-06-09;C;R2;VENDA;170760;09:09;10:02;STOP+;45.00
2026-06-12;C;S1;COMPRA;170987;09:04;09:05;STOP;-100.00
2026-06-12;C;S2;COMPRA;170425;09:15;09:16;STOP;-100.00
2026-06-15;C;R1;VENDA;172561;09:00;09:07;STOP+;45.00
2026-06-22;C;S4;COMPRA;170580;09:02;09:03;STOP;-100.00
2026-06-24;C;S1;COMPRA;173742;09:07;09:08;STOP;-100.00
2026-06-24;C;S2;COMPRA;173273;09:11;09:12;STOP;-100.00
2026-06-24;C;S3;COMPRA;172515;10:01;10:01;STOP;-100.00
2026-06-26;C;R3;VENDA;175842;11:50;11:52;STOP+;45.00
2026-06-26;C;R4;VENDA;176277;12:29;12:30;STOP;-100.00
2026-06-30;C;S1;COMPRA;175154;09:13;09:14;STOP;-100.00
2026-06-30;C;S2;COMPRA;174687;09:16;09:16;STOP;-100.00
2026-06-30;C;S4;COMPRA;173463;10:34;10:34;STOP;-100.00
2026-07-01;C;S1;COMPRA;173044;09:03;09:03;STOP;-100.00
2026-07-03;C;R1;VENDA;176633;09:08;09:21;STOP+;45.00
2026-07-06;C;S2;COMPRA;175887;09:02;09:02;STOP;-100.00
2026-07-06;C;S3;COMPRA;175446;09:05;09:06;STOP;-100.00
2026-07-06;C;S4;COMPRA;175173;09:11;09:25;STOP+;45.00
2026-07-07;C;R2;VENDA;175590;09:10;09:13;STOP+;45.00
2026-07-09;C;R4;VENDA;174718;12:14;12:16;STOP+;45.00
2026-07-10;C;R1;VENDA;177148;09:10;09:11;STOP;-100.00
2026-07-10;C;R2;VENDA;177920;09:47;09:49;STOP+;45.00
2026-07-10;C;R3;VENDA;179168;09:55;09:55;STOP;-100.00
2026-07-15;C;S1;COMPRA;177441;09:05;09:05;STOP;-100.00
2026-07-15;C;S2;COMPRA;177065;09:06;09:08;STOP+;45.00
2026-07-22;C;R2;VENDA;175262;09:07;09:09;STOP;-100.00
2026-07-24;C;S2;COMPRA;176918;09:05;09:05;STOP;-100.00
2026-07-24;C;S3;COMPRA;176336;09:35;09:37;STOP+;45.00
2026-07-24;C;S4;COMPRA;175977;10:17;10:31;STOP+;45.00
2026-07-27;C;R1;VENDA;176094;09:03;11:55;STOP+;45.00
2026-07-28;C;R1;VENDA;177731;09:00;09:00;STOP;-100.00
2026-07-28;C;R4;VENDA;179343;09:28;09:29;STOP;-100.00
2026-07-29;C;S1;COMPRA;177038;10:14;10:16;STOP+;45.00
2026-07-30;C;R4;VENDA;178038;17:08;17:09;STOP;-100.00
2026-08-03;C;S3;COMPRA;177821;10:38;10:39;STOP;-100.00
2026-08-04;C;R1;VENDA;179955;09:05;09:05;STOP;-100.00
2026-08-04;C;R2;VENDA;180407;09:13;09:15;STOP+;45.00
2026-08-06;C;S1;COMPRA;177333;09:05;09:05;STOP;-100.00
2026-08-06;C;S2;COMPRA;176673;09:18;09:20;STOP+;45.00
2026-08-07;C;S2;COMPRA;174588;11:02;11:03;STOP;-100.00
2026-08-07;C;S3;COMPRA;173456;11:46;11:50;STOP;-100.00
2026-08-07;C;S4;COMPRA;172757;12:12;13:31;STOP+;45.00
2026-08-11;C;S1;COMPRA;171608;09:03;09:04;STOP;-100.00
2026-08-11;C;S4;COMPRA;170005;12:05;12:05;STOP;-100.00
2026-08-13;C;S1;COMPRA;169869;09:04;09:04;STOP;-100.00
2026-08-13;C;S2;COMPRA;169377;09:19;09:22;STOP+;45.00
2026-08-14;C;S3;COMPRA;169166;09:41;09:44;STOP;-100.00
2026-08-18;C;S1;COMPRA;169026;09:03;09:03;STOP;-100.00
2026-08-18;C;S2;COMPRA;168647;09:03;09:05;ALVO;435.44
2026-08-18;C;R3;VENDA;170921;10:32;10:38;STOP+;45.00
2026-08-18;C;R4;VENDA;171223;10:44;10:46;STOP+;45.00
2026-08-20;C;R1;VENDA;172134;11:53;11:55;STOP+;45.00
