sinal_i;dt;lado;tipo;hora;entrada;leque;dist_ma1;inclin;esf_rel;res_rel;saida_i;motivo;ticks;ticks_bruto;parcial;barras;R;usd;data
319;2026-05-11 15:25:42;long;1;15;4689,44;1423,8935561114886;-352,70401154411957;1844,6505050506858;0,18812154696132596;0,21093482479150158;320;stop;-194,0;-194,0;False;1;-1,0;-1,94;2026-05-11
353;2026-05-11 16:22:35;long;1;16;4730,25;963,0126000496603;-170,73217893221226;1729,652756132782;0,5739081351866224;0,3688979289940189;354;stop;-194,0;-194,0;False;1;-1,0;-1,94;2026-05-11
553;2026-05-12 04:11:38;short;1;4;4749,09;627,1223537379228;326,01627705626015;-613,8666089465005;2,797447188005128;0,28252449305087096;555;alvo;388,0;388,0;False;2;2,0;3,88;2026-05-12
589;2026-05-12 05:24:09;long;1;5;4729,12;682,9106997803137;-26,01292929293777;467,3612698413308;2,1492537313432836;0,5182849936947918;590;stop;-194,0;-194,0;False;1;-1,0;-1,94;2026-05-12
593;2026-05-12 05:32:07;long;1;5;4725,95;618,4220816302513;-221,37240981246578;121,6062337663061;1,1421341206242093;0,11320754716970897;597;alvo;388,0;388,0;False;4;2,0;3,88;2026-05-12
599;2026-05-12 05:50:49;long;1;5;4731,15;597,0222015691434;288,370562770524;-111,38349206348721;1,651160037878788;0,6492898392381146;602;stop;-194,0;-194,0;False;3;-1,0;-1,94;2026-05-12
810;2026-05-12 16:24:45;short;1;16;4691,67;848,8548340101261;661,0378643579679;-771,8634343435042;1,329003429284007;0,6176857724062865;812;stop;-194,0;-194,0;False;2;-1,0;-1,94;2026-05-12
849;2026-05-12 17:03:40;short;1;17;4688,91;492,16771079827595;833,5862626263406;-751,3950360749732;0,6074388621712883;0,11595558153116255;851;stop;-194,0;-194,0;False;2;-1,0;-1,94;2026-05-12
1033;2026-05-13 04:03:06;short;2;4;4711,45;859,4666559987672;88,8811544012242;-1071,3703318902844;0,223069590085796;1,7089472884702805;1035;alvo;388,0;388,0;False;2;2,0;3,88;2026-05-13
1146;2026-05-13 13:13:19;long;1;13;4705,47;1102,4855105679308;-130,52340548329084;1731,3046464646504;0,24667472793228537;0,6231691078563562;1147;stop;-194,0;-194,0;False;1;-1,0;-1,94;2026-05-13
1412;2026-05-14 05:46:10;long;1;5;4693,29;607,4628925862271;-239,04213564210295;716,4618181817787;2,2492760817407134;0,3094779889343027;1413;stop;-194,0;-194,0;False;1;-1,0;-1,94;2026-05-14
1494;2026-05-14 10:08:01;long;1;10;4700,05;574,1225792657133;-70,20594516588972;1179,1394516594664;1,5295930491608496;0,649316230255499;1495;stop;-194,0;-194,0;False;1;-1,0;-1,94;2026-05-14
1496;2026-05-14 10:16:28;long;1;10;4698,31;525,2289880979333;-219,91007215001446;903,7436652236465;1,635490412323455;0,5507910074938615;1497;stop;-194,0;-194,0;False;1;-1,0;-1,94;2026-05-14
1523;2026-05-14 11:05:41;short;1;11;4697,24;1333,28047512814;505,4338816738891;-2073,235844155897;1,70439464603951;0,4477811550153565;1524;stop;-194,0;-194,0;False;1;-1,0;-1,94;2026-05-14
1624;2026-05-14 16:44:20;short;1;16;4672,4;1082,2483274840124;407,609177489212;-1439,9009523809582;0,662066850659307;0,48675459361982676;1625;stop;-194,0;-194,0;False;1;-1,0;-1,94;2026-05-14
1726;2026-05-15 01:01:11;short;1;1;4647,68;830,6863498468374;107,46204906208732;-1358,5633477633564;0,04149303488510537;0,20285531642853397;1727;stop;-194,0;-194,0;False;1;-1,0;-1,94;2026-05-15
1808;2026-05-15 04:00:45;long;2;4;4626,35;1214,9673584472112;-82,87041847052024;693,5781818183386;0,3546395193591455;1,37012012012028;1810;stop;-194,0;-194,0;False;2;-1,0;-1,94;2026-05-15
1972;2026-05-15 08:46:01;long;2;8;4569,07;939,4913834368708;-185,02689754695893;605,4913708514505;0,828881667591345;1,4620010934936523;1973;stop;-194,0;-194,0;False;1;-1,0;-1,94;2026-05-15
2347;2026-05-15 17:35:58;short;1;17;4556,57;673,2969112464161;42,245425685541704;-239,45696969694836;0,9325250919208983;0,6817952597077322;2349;stop;-194,0;-194,0;False;2;-1,0;-1,94;2026-05-15
2442;2026-05-15 22:50:00;short;1;22;4551,59;1089,497766243403;157,65217893231238;-724,0820779221394;2,482046525252032;0,6493987049027711;2444;alvo;388,0;388,0;False;2;2,0;3,88;2026-05-15
2467;2026-05-18 01:11:38;long;1;1;4552,93;1399,3176105477687;-48,681385281361145;2045,4854834055368;0,15054301586507182;0,5811536264992013;2468;stop;-194,0;-194,0;False;1;-1,0;-1,94;2026-05-18
2497;2026-05-18 02:12:20;short;1;2;4542,06;504,987617920051;-79,06314574311182;-843,3310245310167;0,4146253008473179;0,5515853044790733;2502;stop;-194,0;-194,0;False;5;-1,0;-1,94;2026-05-18
2568;2026-05-18 03:34:41;short;1;3;4490,4;1793,826221204199;375,82862914860016;-3087,2754401154452;0,29240289271602177;0,3367377894632521;2570;stop;-194,0;-194,0;False;2;-1,0;-1,94;2026-05-18
2834;2026-05-18 08:26:13;long;1;8;4547,44;715,1248515863699;-54,96155844166424;1245,6765367966;1,4716606498194946;0,6934489842501921;2835;stop;-194,0;-194,0;False;1;-1,0;-1,94;2026-05-18
2911;2026-05-18 11:02:10;short;1;11;4545,07;768,9324284187933;67,16542568547084;-1249,839134199101;2,8449497023198522;0,5602101116217693;2912;stop;-194,0;-194,0;False;1;-1,0;-1,94;2026-05-18
2936;2026-05-18 12:41:31;short;1;12;4542,73;415,87292124659143;-94,0386147186473;-919,9395670995727;2,008098369181619;0,5521578582969698;2938;stop;-194,0;-194,0;False;2;-1,0;-1,94;2026-05-18
3044;2026-05-18 16:15:32;short;2;16;4565,63;626,1513437660142;97,50383838390917;-745,0219336220471;0,65821854912764;1,1394310498786635;3045;stop;-194,0;-194,0;False;1;-1,0;-1,94;2026-05-18
3253;2026-05-19 02:34:33;long;1;2;4586,59;1144,404675286296;38,58129870131961;1670,487330447395;0,8552498663022164;0,5750053960718641;3254;stop;-194,0;-194,0;False;1;-1,0;-1,94;2026-05-19
3257;2026-05-19 03:00:12;long;2;3;4582,94;732,2903472777398;-465,3019913420394;1287,5679076479173;0,5718308096608685;1,3377389404694802;3258;alvo;388,0;388,0;False;1;2,0;3,88;2026-05-19
3350;2026-05-19 06:03:26;short;1;6;4546,81;438,21432818976973;-135,1170562768857;-692,6920057720963;0,46577498033044845;0,17969115582575595;3351;stop;-194,0;-194,0;False;1;-1,0;-1,94;2026-05-19
3505;2026-05-19 14:17:33;long;1;14;4539,67;918,1446326030709;-451,3556132755184;1617,4813852813713;1,4930787589498806;0,48463705890243747;3508;stop;-194,0;-194,0;False;3;-1,0;-1,94;2026-05-19
3616;2026-05-19 16:38:42;long;1;16;4482,08;1075,2132075983354;-3,6989898989304493;270,64138528139665;1,0327126321087066;0,6506428172161841;3619;stop;-194,0;-194,0;False;3;-1,0;-1,94;2026-05-19
3687;2026-05-19 17:16:41;short;1;17;4495,48;965,2754528256992;-51,35873015879042;-641,822857142779;1,128805061477856;0,10941176470602505;3689;stop;-194,0;-194,0;False;2;-1,0;-1,94;2026-05-19
3739;2026-05-19 18:25:39;long;2;18;4497,72;515,8261058150856;-219,03203463198224;660,1369696969414;1,1872688440902224;1,1570555407921346;3741;alvo;388,0;388,0;False;2;2,0;3,88;2026-05-19
3924;2026-05-20 04:52:25;long;1;4;4478,97;2115,573569382377;-797,6800577200265;2202,86095238107;0,9918971779826767;0,5428652002255859;3925;stop;-194,0;-194,0;False;1;-1,0;-1,94;2026-05-20
4056;2026-05-20 10:20:50;long;1;10;4481,79;836,9076811253763;-117,41979797970998;1447,1389321788592;2,55340206185567;0,13405797101445333;4058;stop;-194,0;-194,0;False;2;-1,0;-1,94;2026-05-20
4063;2026-05-20 10:38:21;long;1;10;4479,85;481,3714759005961;-393,5578066377275;468,2068686868661;1,6516645235033576;0,2645280690931835;4067;stop;-194,0;-194,0;False;4;-1,0;-1,94;2026-05-20
4506;2026-05-21 11:25:13;long;1;11;4533,43;1212,362348336319;-164,88877344863795;1860,872265512171;2,8423238025860496;0,24526081840766814;4507;stop;-194,0;-194,0;False;1;-1,0;-1,94;2026-05-21
4714;2026-05-21 19:19:57;long;1;19;4518,46;802,6789721629029;170,750187590329;885,9661183259959;2,2547798898757643;0,5919086380756676;4715;stop;-194,0;-194,0;False;1;-1,0;-1,94;2026-05-21
4797;2026-05-21 22:06:15;short;1;22;4533,44;862,3934712661139;452,95341991341047;-948,7740836941157;2,2047685834502104;0,6464908148849061;4800;stop;-194,0;-194,0;False;3;-1,0;-1,94;2026-05-21
4829;2026-05-22 03:22:26;short;1;3;4533,43;601,3890530864046;161,57419913424746;-1177,6946608945764;0,35319946942322644;0,2658431793770103;4830;stop;-194,0;-194,0;False;1;-1,0;-1,94;2026-05-22
5117;2026-05-22 22:49:01;short;1;22;4507,07;984,9321737817263;-158,96265512265018;-1204,039134199138;1,7964137931034483;0,3692469998681264;5118;stop;-194,0;-194,0;False;1;-1,0;-1,94;2026-05-22
5134;2026-05-25 01:10:03;long;1;1;4554,99;3156,0457986575784;-736,0484848484703;5440,03134199138;0,7035327773729522;0,6348178137649532;5136;stop;-194,0;-194,0;False;2;-1,0;-1,94;2026-05-25
5199;2026-05-25 04:26:05;short;1;4;4569,07;600,2103936591084;558,4068109668806;-709,3940548342289;1,064629847238543;0,08792463602636562;5200;stop;-194,0;-194,0;False;1;-1,0;-1,94;2026-05-25
5340;2026-05-26 02:41:24;short;1;2;4558,63;920,0999979575499;-310,5703896103478;-934,5488600288263;0,5241586432293968;0,14604918237435532;5343;stop;-194,0;-194,0;False;3;-1,0;-1,94;2026-05-26
5381;2026-05-26 04:25:26;long;1;4;4545,64;550,4184616289422;23,955959595969034;122,81050505043822;1,5174383030797471;0,10609756097559438;5382;stop;-194,0;-194,0;False;1;-1,0;-1,94;2026-05-26
5484;2026-05-26 13:45:50;long;1;13;4535,26;1244,5078921424283;-102,69316017311212;1960,4354401153614;1,8336081624239924;0,1348314606743764;5485;stop;-194,0;-194,0;False;1;-1,0;-1,94;2026-05-26
5550;2026-05-26 16:14:21;long;1;16;4520,01;1131,7431333775858;-546,8905627704771;1637,784646464661;1,7258632169694663;0,06559368357115052;5551;stop;-194,0;-194,0;False;1;-1,0;-1,94;2026-05-26
5647;2026-05-27 01:02:10;long;1;1;4510,1;1062,093217322672;-147,7078787877872;338,7286580085856;0,015706041347066987;0,6577115812919054;5648;stop;-194,0;-194,0;False;1;-1,0;-1,94;2026-05-27
5664;2026-05-27 01:06:22;short;1;1;4504,32;416,6368506776962;277,39509379516676;-107,93598845602901;0,09920151044329938;0,6515034695453801;5665;stop;-194,0;-194,0;False;1;-1,0;-1,94;2026-05-27
5811;2026-05-27 11:36:15;long;1;11;4489,82;725,1867266802947;268,41962481958035;290,1275613276084;2,4253841881133122;0,27893397215136945;5813;alvo;388,0;388,0;False;2;2,0;3,88;2026-05-27
5843;2026-05-27 13:44:54;short;1;13;4466,14;1498,8271454040841;468,56404040418056;-1933,380548340574;0,8010096760622634;0,509132669802015;5845;alvo;388,0;388,0;False;2;2,0;3,88;2026-05-27
5873;2026-05-27 14:07:53;long;1;14;4450,18;992,4555792018509;132,44069264073914;460,54701298699;1,3890449438202246;0,27014681892343867;5874;stop;-194,0;-194,0;False;1;-1,0;-1,94;2026-05-27
5963;2026-05-27 16:04:14;short;1;16;4434,81;1160,4324977553915;243,64380952383726;-1205,8839826839176;1,0958864593549875;0,6683962833353019;5965;alvo;388,0;388,0;False;2;2,0;3,88;2026-05-27
5973;2026-05-27 16:09:13;short;1;16;4417,33;1267,1765500363108;332,81997114008846;-1837,1761616162985;1,0744478293983244;0,6283084004602038;5975;alvo;388,0;388,0;False;2;2,0;3,88;2026-05-27
5990;2026-05-27 16:21:20;long;1;16;4409,76;626,7537807791086;-477,68629148622495;131,47347763360813;0,62426614481409;0,4113138686133426;5992;alvo;388,0;388,0;False;2;2,0;3,88;2026-05-27
6035;2026-05-27 16:55:38;long;1;16;4427,49;565,0245012774576;-283,9049927850283;970,0813852814463;1,5200389816055548;0,4737277128347892;6036;stop;-194,0;-194,0;False;1;-1,0;-1,94;2026-05-27
6415;2026-05-28 15:25:02;long;1;15;4383,43;459,78147010082466;-484,6512554112451;126,87330447324712;1,460194289776093;0,3971669844728685;6417;alvo;388,0;388,0;False;2;2,0;3,88;2026-05-28
6452;2026-05-28 16:14:16;short;1;16;4428,27;987,7329400977942;-305,05333333321687;-653,127041847165;0,700715679895901;0,23933690208939698;6454;stop;-194,0;-194,0;False;2;-1,0;-1,94;2026-05-28
6509;2026-05-28 17:13:39;long;1;17;4455,67;1494,4995540283344;-892,6948917747723;2371,9443578642313;0,32534032010024494;0,468612038333052;6510;alvo;388,0;388,0;False;1;2,0;3,88;2026-05-28
6549;2026-05-28 17:26:22;short;1;17;4461,24;848,0718393272582;323,0381529582701;-1181,6052525254236;4,166666666666667;0,48992161254218075;6550;stop;-194,0;-194,0;False;1;-1,0;-1,94;2026-05-28
6639;2026-05-28 20:09:29;long;1;20;4509,66;470,96131357129707;-324,91053391040623;875,3900144299223;1,3929033184887227;0,3742877136858821;6640;stop;-194,0;-194,0;False;1;-1,0;-1,94;2026-05-28
6705;2026-05-29 04:36:41;long;1;4;4506,4;988,4226846039383;-884,6214718614647;1522,1148051947239;1,4214648332865634;0,5587164621813028;6707;stop;-194,0;-194,0;False;2;-1,0;-1,94;2026-05-29
6757;2026-05-29 09:22:15;long;1;9;4513,84;557,5226046291391;-399,4437518036648;813,3867243866916;1,058491142333537;0,5965543841605832;6758;alvo;388,0;388,0;False;1;2,0;3,88;2026-05-29
6798;2026-05-29 12:34:57;long;1;12;4528,62;730,4879923014596;-116,66914862908015;1635,5003751803451;1,1944091486658197;0,5938268843657424;6801;alvo;388,0;388,0;False;3;2,0;3,88;2026-05-29
6834;2026-05-29 15:01:09;short;1;15;4535,14;497,3836681759167;331,3474170274276;-320,9398556998167;0,6031711918236741;0,5449183925387041;6836;alvo;388,0;388,0;False;2;2,0;3,88;2026-05-29
7088;2026-06-01 04:17:02;short;2;4;4530,57;932,1013459622918;109,26493506494808;-1040,0742857142177;0,8047559984602882;1,2958292919495698;7089;stop;-194,0;-194,0;False;1;-1,0;-1,94;2026-06-01
7143;2026-06-01 08:35:18;long;1;8;4516,45;627,3937579205267;-251,7789898990486;500,0187590188034;0,8863590972638307;0,1927966101693174;7145;alvo;388,0;388,0;False;2;2,0;3,88;2026-06-01
7274;2026-06-01 16:12:10;short;1;16;4484,19;1054,5480970900826;-28,90227994230372;-1530,1589610388874;0,14970279591986496;0,5650557620819671;7275;stop;-194,0;-194,0;False;1;-1,0;-1,94;2026-06-01
7460;2026-06-02 02:35:09;short;1;2;4484,48;657,3886699333343;254,40017316013837;-668,260086580085;1,3000431251347662;0,3249841471150344;7463;stop;-194,0;-194,0;False;3;-1,0;-1,94;2026-06-02
7788;2026-06-03 02:30:32;short;1;2;4465,21;1215,566928575754;91,90805194803033;-1883,656046175929;0,22071181413741967;0,20355123499651176;7790;stop;-194,0;-194,0;False;2;-1,0;-1,94;2026-06-03
7852;2026-06-03 05:23:20;long;1;5;4477,9;878,6244358866497;-57,59139971132754;1107,5243867242534;1,3635030788779199;0,18497965223825139;7854;stop;-194,0;-194,0;False;2;-1,0;-1,94;2026-06-03
7992;2026-06-03 13:10:00;long;1;13;4461,63;1036,012550536634;-359,5899567098968;1108,145050505027;0,6155507559395248;0,6411618845201452;7995;stop;-194,0;-194,0;False;3;-1,0;-1,94;2026-06-03
8091;2026-06-03 16:58:50;long;2;16;4445,51;1138,0929875837865;-174,61898989895417;1864,662337662321;0,525967296176877;1,2171257796260004;8093;alvo;388,0;388,0;False;2;2,0;3,88;2026-06-03
8160;2026-06-03 20:33:26;long;2;20;4439,42;410,6560155711122;-254,7835497834967;472,37870129874864;0,5572598575891475;1,6696588868940418;8163;stop;-194,0;-194,0;False;3;-1,0;-1,94;2026-06-03
8189;2026-06-04 01:20:22;short;1;1;4425,94;833,6927020080111;-162,61275613278485;-1281,129754689755;0,3102379106791485;0,638276213098087;8190;stop;-194,0;-194,0;False;1;-1,0;-1,94;2026-06-04
8265;2026-06-04 04:31:07;long;1;4;4469,66;1200,3116420599326;-140,61558441553643;1407,920288600235;3,5918134493332383;0,45876861524782214;8266;stop;-194,0;-194,0;False;1;-1,0;-1,94;2026-06-04
8424;2026-06-04 14:39:25;long;1;14;4486,23;1033,987810736744;-577,9959018758746;1804,802308802391;1,4074517890982055;0,38496071829388645;8426;alvo;388,0;388,0;False;2;2,0;3,88;2026-06-04
9027;2026-06-05 18:23:43;short;1;18;4353,69;1226,8673235333154;543,5254834054831;-1600,3575757576982;0,06176022500878941;0,5228724763610798;9030;alvo;388,0;388,0;False;3;2,0;3,88;2026-06-05
9041;2026-06-05 18:45:13;short;1;18;4337,74;1073,258919628097;166,66799422791883;-1487,2159307359652;2,0560021013921723;0,6195389122406479;9042;stop;-194,0;-194,0;False;1;-1,0;-1,94;2026-06-05
9569;2026-06-08 12:39:10;long;1;12;4292,98;711,8373711541608;463,43336219324556;538,3903030304282;1,0362248119869109;0,33826196122171415;9570;stop;-194,0;-194,0;False;1;-1,0;-1,94;2026-06-08
9631;2026-06-08 14:25:43;long;1;14;4326,81;591,4301432823777;-145,92888888873858;787,549783549639;2,442111762889781;0,24871266735342673;9633;stop;-194,0;-194,0;False;2;-1,0;-1,94;2026-06-08
9959;2026-06-09 09:43:29;short;1;9;4335,44;824,6603530807079;-84,05518037525326;-1135,1414141414352;1,9231200655765996;0,08500948766628173;9960;stop;-194,0;-194,0;False;1;-1,0;-1,94;2026-06-09
10356;2026-06-09 21:11:23;short;1;21;4262,96;735,9528509256961;292,66649350656735;-431,80502164505015;2,547932809230247;0,13751763046556398;10357;stop;-194,0;-194,0;False;1;-1,0;-1,94;2026-06-09
10458;2026-06-10 03:09:39;long;1;3;4223,53;1038,5972214317917;34,317691197702516;895,6337662337319;0,9114997350291468;0,3122497998397663;10460;stop;-194,0;-194,0;False;2;-1,0;-1,94;2026-06-10
10471;2026-06-10 03:27:48;long;1;3;4222,86;581,2766439492407;-195,79318903315652;234,16871572862874;1,6408045977011494;0,3780723968417818;10473;stop;-194,0;-194,0;False;2;-1,0;-1,94;2026-06-10
10486;2026-06-10 03:48:44;short;1;3;4202,21;1159,5023377360121;249,3513419914052;-1779,619393939447;2,858540925266904;0,18253968253969735;10488;stop;-194,0;-194,0;False;2;-1,0;-1,94;2026-06-10
10609;2026-06-10 05:49:27;long;1;5;4187,25;562,4173035716012;30,172005771964905;754,6643001443954;1,3523560209424086;0,14866614866609543;10610;stop;-194,0;-194,0;False;1;-1,0;-1,94;2026-06-10
10635;2026-06-10 07:20:05;long;1;7;4182,41;498,9229823437199;-277,4196248195949;768,1950360751216;2,1701814615007358;0,3457760314342218;10636;stop;-194,0;-194,0;False;1;-1,0;-1,94;2026-06-10
10831;2026-06-10 13:56:35;long;2;13;4175,21;888,5872462673433;26,872092352095933;848,458816738912;1,2305130921749659;1,3366912049591955;10834;stop;-194,0;-194,0;False;3;-1,0;-1,94;2026-06-10
10848;2026-06-10 14:06:13;short;1;14;4160,13;1034,7334808848245;461,50106782106377;-1550,7840692640457;0,7567997877139445;0,3682739343114891;10850;stop;-194,0;-194,0;False;2;-1,0;-1,94;2026-06-10
10947;2026-06-10 15:35:20;short;1;15;4160,73;455,81361992881284;-320,48427128429466;323,33131313143895;2,106177868295995;0,5406042741342961;10948;stop;-194,0;-194,0;False;1;-1,0;-1,94;2026-06-10
10998;2026-06-10 16:09:38;long;1;16;4152,26;628,2035043727774;-265,61021645020446;888,7940548340339;0,6698168930891908;0,29053177691316456;11001;stop;-194,0;-194,0;False;3;-1,0;-1,94;2026-06-10
11060;2026-06-10 16:48:19;long;1;16;4179,55;637,888804452723;-399,40831168823934;1297,9874170273433;4,055454448131892;0,6380224909825553;11062;alvo;388,0;388,0;False;2;2,0;3,88;2026-06-10
11091;2026-06-10 17:13:15;short;1;17;4173,96;863,8301718631737;177,49206349217275;-598,120692640714;2,7183811129848228;0,294484569927603;11092;stop;-194,0;-194,0;False;1;-1,0;-1,94;2026-06-10
11155;2026-06-10 18:06:30;long;2;18;4125,83;977,2350302840096;-364,2039826839209;979,3952092351901;1,0828094126100234;1,2826989619376505;11161;stop;-194,0;-194,0;False;6;-1,0;-1,94;2026-06-10
11180;2026-06-10 18:28:21;long;1;18;4133,21;1168,4957341690279;101,48525252534455;1393,4198556998126;2,0242070116861437;0,37977430555562197;11183;stop;-194,0;-194,0;False;3;-1,0;-1,94;2026-06-10
11213;2026-06-10 18:48:40;short;1;18;4111,32;1087,8348370785716;138,5281962481713;-1508,5582106781658;0,3229263746505126;0,513859745996638;11214;stop;-194,0;-194,0;False;1;-1,0;-1,94;2026-06-10
11433;2026-06-11 02:03:48;short;1;2;4050,2;1371,9794137225563;465,4040404040188;-1834,5362193361325;1,6413692033916047;0,6056572379368304;11435;alvo;388,0;388,0;False;2;2,0;3,88;2026-06-11
11498;2026-06-11 02:48:38;short;1;2;4053,6;1007,353734450453;-69,05079365074016;-810,1005483405061;1,7897394136807816;0,28965236284626994;11499;alvo;388,0;388,0;False;1;2,0;3,88;2026-06-11
11505;2026-06-11 02:59:47;short;2;2;4048,5;1337,2322387124314;140,52917748917935;-1167,6054834053957;0,38255208333333335;1,3193807339449624;11506;stop;-194,0;-194,0;False;1;-1,0;-1,94;2026-06-11
11653;2026-06-11 04:20:10;long;1;4;4095,4;976,6645150857585;-125,62222222218224;1289,562539682447;1,539916365709941;0,4821140831453853;11654;stop;-194,0;-194,0;False;1;-1,0;-1,94;2026-06-11
11656;2026-06-11 04:23:00;long;1;4;4096,06;870,5533506682514;-241,63451659442217;1005,3109956709704;2,0781535251673477;0,15001045369026528;11658;alvo;388,0;388,0;False;2;2,0;3,88;2026-06-11
11663;2026-06-11 04:28:02;long;1;4;4105,99;681,770613979188;186,60502164493664;746,7727561328502;1,906779661016949;0,42396313364041854;11664;stop;-194,0;-194,0;False;1;-1,0;-1,94;2026-06-11
11668;2026-06-11 04:34:35;long;1;4;4109,74;549,0815823793127;58,4860606060829;1014,7690043290822;2,237442922374429;0,5768609285790276;11670;alvo;388,0;388,0;False;2;2,0;3,88;2026-06-11
11984;2026-06-11 15:24:14;short;1;15;4067,23;482,09297963185236;313,72202020206714;-953,9598268398095;0,23114956736711992;0,29177718832897875;11985;stop;-194,0;-194,0;False;1;-1,0;-1,94;2026-06-11
11997;2026-06-11 15:30:25;long;2;15;4068,3;548,1671510132401;-43,59982683972703;346,16225108215986;0,24418404273651562;1,3259600614439904;11998;stop;-194,0;-194,0;False;1;-1,0;-1,94;2026-06-11
12026;2026-06-11 15:49:23;long;1;15;4078,11;1018,8559655630797;26,99405483404007;1267,2995670995533;1,7753164556962024;0,32706766917295715;12027;stop;-194,0;-194,0;False;1;-1,0;-1,94;2026-06-11
12094;2026-06-11 16:49:14;long;2;16;4088,76;1010,128840087873;-137,54753246748805;1363,1553246753356;0,8079574834817581;1,3712374581939766;12095;stop;-194,0;-194,0;False;1;-1,0;-1,94;2026-06-11
12209;2026-06-11 19:06:05;long;1;19;4090,44;449,8614485114558;-192,07809523804826;1234,4254545454987;1,2924680166059477;0,3711734693878521;12211;alvo;388,0;388,0;False;2;2,0;3,88;2026-06-11
12253;2026-06-11 20:29:12;long;1;20;4090,96;1408,8962425963928;-336,90499278495736;1870,524617604542;0,15987520692728893;0,32256907068528373;12255;alvo;388,0;388,0;False;2;2,0;3,88;2026-06-11
12322;2026-06-11 20:38:06;short;1;20;4141,4;803,9235769210791;-261,97125541129935;-458,97991341989837;2,97982967279247;0,6477483035163465;12324;stop;-194,0;-194,0;False;2;-1,0;-1,94;2026-06-11
12343;2026-06-11 20:42:50;long;1;20;4166,47;802,0374564627673;161,94066378066054;1345,5458008657843;2,0956289759901496;0,3607035175880377;12344;stop;-194,0;-194,0;False;1;-1,0;-1,94;2026-06-11
12500;2026-06-11 23:10:48;short;1;23;4212,65;732,266407789939;123,23688311689693;-60,51636363636135;1,118195584601897;0,2535917139996228;12501;stop;-194,0;-194,0;False;1;-1,0;-1,94;2026-06-11
12502;2026-06-11 23:14:08;short;1;23;4214,64;571,1039976243228;210,11024531035218;26,485194805172796;0,9405070245663607;0,5194579569142214;12508;alvo;388,0;388,0;False;6;2,0;3,88;2026-06-11
12571;2026-06-12 02:34:37;short;1;2;4216,32;1419,0246646092419;121,86095238103007;-937,1485137085983;0,5966052726616107;0,6448125954646865;12572;stop;-194,0;-194,0;False;1;-1,0;-1,94;2026-06-12
12648;2026-06-12 04:07:57;short;2;4;4189,13;669,2307212802916;470,93489177505035;-1666,7875901877778;0,9875909878682843;1,3326420572375388;12649;stop;-194,0;-194,0;False;1;-1,0;-1,94;2026-06-12
12768;2026-06-12 08:45:18;short;1;8;4177,39;795,8893563829406;229,55255411261533;-985,0481385281455;1,3360269360269361;0,4705882352938545;12769;stop;-194,0;-194,0;False;1;-1,0;-1,94;2026-06-12
12873;2026-06-12 11:57:58;short;1;11;4222,25;587,2092936553599;273,40969696970205;150,95278499284177;2,1161449752883033;0,0917459822124274;12875;alvo;388,0;388,0;False;2;2,0;3,88;2026-06-12
12954;2026-06-12 15:44:21;short;1;15;4196,91;660,5851936648833;261,98354978350835;-1626,9840692640173;0,45353963177456996;0,6837513631408806;12957;stop;-194,0;-194,0;False;3;-1,0;-1,94;2026-06-12
12972;2026-06-12 16:14:38;long;2;16;4197,59;493,4592808052912;80,20848484848102;423,848600288693;0,8981132075471698;1,382025677603449;12974;alvo;388,0;388,0;False;2;2,0;3,88;2026-06-12
13067;2026-06-12 17:51:33;short;1;17;4181,96;481,61013871222167;62,19399711399092;-626,4917171716661;1,9230769230769231;0,6594982078853511;13069;stop;-194,0;-194,0;False;2;-1,0;-1,94;2026-06-12
13076;2026-06-12 17:53:12;long;2;17;4195,92;934,4629969365087;-20,71976911975071;1364,6253391054415;0,14912013639408148;1,2628660961793787;13078;alvo;388,0;388,0;False;2;2,0;3,88;2026-06-12
13426;2026-06-15 06:40:27;short;1;6;4323,64;1024,7664358391376;-89,13523809505932;-908,2087157288697;2,7131891137473834;0,62800839928925;13428;stop;-194,0;-194,0;False;2;-1,0;-1,94;2026-06-15
13479;2026-06-15 10:39:35;long;1;10;4315,87;1013,0003335565561;228,77350649350774;886,4066378067037;1,9565062951414927;0,3779840848805559;13480;stop;-194,0;-194,0;False;1;-1,0;-1,94;2026-06-15
13522;2026-06-15 13:47:10;short;1;13;4337,78;801,9645046607366;7,444098124051379;-224,90533910522572;0,34769997269997266;0,48249152815885205;13523;stop;-194,0;-194,0;False;1;-1,0;-1,94;2026-06-15
13575;2026-06-15 16:41:08;long;1;16;4364,99;668,8912349829479;-58,20034632033639;1086,6120057719854;0,6982872200263505;0,6763540290621117;13577;alvo;388,0;388,0;False;2;2,0;3,88;2026-06-15
13675;2026-06-15 22:20:08;long;1;22;4324,6;402,2770987791773;83,1416450217148;-12,994112554042658;3,1840876801298963;0,45773195876311373;13676;stop;-194,0;-194,0;False;1;-1,0;-1,94;2026-06-15
13751;2026-06-16 05:38:58;short;2;5;4314,48;679,698504121643;392,75636363636295;-812,8958730159866;1,5613584684222108;1,2624328419895414;13753;alvo;388,0;388,0;False;2;2,0;3,88;2026-06-16
13862;2026-06-16 16:33:22;short;1;16;4336,88;1003,1776522399923;356,11578643583925;-1844,6309956710138;0,7923094635044899;0,24121485943771864;13863;stop;-194,0;-194,0;False;1;-1,0;-1,94;2026-06-16
13897;2026-06-16 18:00:02;long;1;18;4325,25;702,126379227866;-126,72929292930348;1149,8717460317494;1,956151956151956;0,6569289489137133;13898;stop;-194,0;-194,0;False;1;-1,0;-1,94;2026-06-16
14020;2026-06-17 09:05:07;long;2;9;4328,09;629,6161964369276;-298,37962481969953;922,9875324676868;1,594792306118273;1,273983851101687;14022;stop;-194,0;-194,0;False;2;-1,0;-1,94;2026-06-17
14236;2026-06-17 21:00:40;short;2;21;4347,41;512,1852791610763;411,984588744599;-1495,1458585859655;0,37150127226463103;1,0211647934609125;14237;alvo;388,0;388,0;False;1;2,0;3,88;2026-06-17
14250;2026-06-17 21:01:02;long;1;21;4350,07;511,40094191987373;130,27590187593887;174,88819624813914;0,38285714285714284;0,6868764389869286;14252;alvo;388,0;388,0;False;2;2,0;3,88;2026-06-17
14288;2026-06-17 21:05:42;short;1;21;4310,52;933,6340365369324;161,1056277057287;-1788,0625685425912;0,029681361850720213;0,16478733926797892;14289;alvo;388,0;388,0;False;1;2,0;3,88;2026-06-17
14306;2026-06-17 21:08:20;long;2;21;4304,45;537,5989096483863;44,361904761899495;13,516998556951876;3,8791500664010625;1,2720133667500249;14307;stop;-194,0;-194,0;False;1;-1,0;-1,94;2026-06-17
14325;2026-06-17 21:10:17;long;1;21;4290,8;607,9822663146842;-273,7923232322828;532,501818181845;0,9258883248730965;0,2109637206329558;14326;stop;-194,0;-194,0;False;1;-1,0;-1,94;2026-06-17
14357;2026-06-17 21:16:21;long;2;21;4293,49;855,3546127030131;38,130793650816486;1097,162020201995;0,7071953010279001;1,4524495677232292;14358;alvo;388,0;388,0;False;1;2,0;3,88;2026-06-17
14363;2026-06-17 21:17:58;long;1;21;4301,15;1332,4987229771068;-194,14632034622628;1821,2709379507942;3,008706786171575;0,29426798101486934;14364;stop;-194,0;-194,0;False;1;-1,0;-1,94;2026-06-17
14526;2026-06-17 21:56:34;short;1;21;4297,38;1504,7558495454723;-269,59064935063;-1715,9322366522247;1,339652448657188;0,4596904024767277;14529;alvo;388,0;388,0;False;3;2,0;3,88;2026-06-17
14669;2026-06-17 22:35:23;long;2;22;4228,43;757,8058456912004;-217,70522366505247;633,8828282826398;0,32752020416843897;1,389322916666756;14673;stop;-194,0;-194,0;False;4;-1,0;-1,94;2026-06-17
14750;2026-06-17 23:26:35;long;2;23;4262,35;672,5162499775251;-447,3959595959059;829,8405194805127;2,7958908373975304;1,1843470061292678;14751;stop;-194,0;-194,0;False;1;-1,0;-1,94;2026-06-17
15022;2026-06-18 13:13:47;long;2;13;4265,63;737,7170578481127;-217,4256854255873;324,4312265512235;1,0079875748835145;1,2303745510519803;15024;alvo;388,0;388,0;False;2;2,0;3,88;2026-06-18
15125;2026-06-18 16:52:02;short;1;16;4258,65;1353,133906500534;303,3867243867462;-2108,219047619059;1,9279681467181466;0,672338967565333;15127;stop;-194,0;-194,0;False;2;-1,0;-1,94;2026-06-18
15144;2026-06-18 17:05:05;short;1;17;4244,38;1023,1605890540777;360,0275901875648;-1182,840288600255;0,6038906117846067;0,22699093943739068;15147;stop;-194,0;-194,0;False;3;-1,0;-1,94;2026-06-18
15186;2026-06-18 18:06:58;long;1;18;4252,56;467,72266756088356;96,88427128430703;699,7656565657962;2,4701496918109775;0,6587447478993252;15189;stop;-194,0;-194,0;False;3;-1,0;-1,94;2026-06-18
15277;2026-06-18 22:30:04;short;1;22;4204,19;1596,9985496956724;306,30049062046965;-2356,4966810965416;2,333299101412067;0,5669237749547388;15278;stop;-194,0;-194,0;False;1;-1,0;-1,94;2026-06-18
15344;2026-06-19 04:15:24;long;1;4;4188,15;646,6789239757418;-325,5870707070244;556,2946031744104;2,458450082524086;0,47041999096794057;15345;stop;-194,0;-194,0;False;1;-1,0;-1,94;2026-06-19
15432;2026-06-19 09:04:11;long;1;9;4137,33;1042,2599315444131;-42,65523809526712;200,69062049069544;1,5149069445280974;0,3491461100569448;15435;alvo;388,0;388,0;False;3;2,0;3,88;2026-06-19
15545;2026-06-19 15:52:49;long;1;15;4168,71;1187,0714095958647;188,6891197690602;1330,3066089466483;0,5250316727287588;0,3117865675605463;15547;alvo;388,0;388,0;False;2;2,0;3,88;2026-06-19
15593;2026-06-19 17:03:30;short;1;17;4150,79;1076,6863839346115;47,19174603178544;-1054,963232323098;0,9138313800402705;0,36030571393901917;15594;stop;-194,0;-194,0;False;1;-1,0;-1,94;2026-06-19
15599;2026-06-19 17:34:10;short;1;17;4146,78;814,847936307433;212,5208658008887;-1178,5657720058225;3,1400345545563284;0,25142028284802787;15600;stop;-194,0;-194,0;False;1;-1,0;-1,94;2026-06-19
15623;2026-06-19 19:56:52;long;1;19;4155,04;792,3710418503106;213,08213564216203;149,26014430011492;1,0279279681844586;0,39185991481309096;15625;stop;-194,0;-194,0;False;2;-1,0;-1,94;2026-06-19
15693;2026-06-22 03:25:03;long;2;3;4165,36;1703,725617121836;-532,8378643577707;2087,8188744587533;2,2502911403744514;1,485478186899859;15694;stop;-194,0;-194,0;False;1;-1,0;-1,94;2026-06-22
15763;2026-06-22 04:27:54;short;1;4;4209,18;471,718578394848;109,76808080822593;-486,50458874462856;1,8164595891253539;0,5030889964933732;15765;alvo;388,0;388,0;False;2;2,0;3,88;2026-06-22
15867;2026-06-22 11:25:17;short;1;11;4191,59;990,5863845656313;214,440692640801;-1033,2806349207203;0,8805218221350163;0,5830673354612863;15870;stop;-194,0;-194,0;False;3;-1,0;-1,94;2026-06-22
15910;2026-06-22 15:08:05;short;1;15;4207,34;781,6112663530475;348,50995671004057;-729,2914285714687;1,1060321170850695;0,4745149145670925;15912;stop;-194,0;-194,0;False;2;-1,0;-1,94;2026-06-22
15968;2026-06-22 17:12:26;long;1;17;4204,34;907,1030961385986;-218,95699855704152;517,9124386724652;0,7476750441933748;0,2058142526370005;15970;stop;-194,0;-194,0;False;2;-1,0;-1,94;2026-06-22
16035;2026-06-22 20:37:46;long;2;20;4180,82;691,7003359972114;-545,1848196247738;389,3961904761454;0,5329161778125407;1,370656913771101;16038;alvo;388,0;388,0;False;3;2,0;3,88;2026-06-22
16174;2026-06-23 07:59:55;short;1;7;4117,09;963,5029807999672;-170,43347763337806;-2298,734949494974;0,39775231379462317;0,4674693918849438;16175;stop;-194,0;-194,0;False;1;-1,0;-1,94;2026-06-23
16257;2026-06-23 10:14:21;long;1;10;4116,22;400,01133889945777;-410,15694083689596;530,4925829726926;2,01566216137827;0,6215760093470303;16258;stop;-194,0;-194,0;False;1;-1,0;-1,94;2026-06-23
16412;2026-06-23 16:47:22;long;1;16;4128,45;921,1656338096873;16,666089466070844;1073,8269552669408;1,2465337382807342;0,5951244031161791;16414;alvo;388,0;388,0;False;2;2,0;3,88;2026-06-23
16607;2026-06-24 04:05:34;short;1;4;4072,12;1582,2327611853325;57,81985569988137;-2219,5856854256817;0,5908273381294964;0,40801941298827615;16609;alvo;388,0;388,0;False;2;2,0;3,88;2026-06-24
16683;2026-06-24 05:47:13;short;1;5;4055,45;828,0626626956291;-6,190880230860785;-1252,4735353535107;2,4286727401669306;0,27982091461464814;16684;stop;-194,0;-194,0;False;1;-1,0;-1,94;2026-06-24
16693;2026-06-24 06:00:30;long;1;6;4064,73;962,4951046259412;-13,507994227893505;935,3171139970527;0,819579150360161;0,552282768777584;16694;stop;-194,0;-194,0;False;1;-1,0;-1,94;2026-06-24
16790;2026-06-24 09:57:18;short;1;9;4087,8;524,6921365594062;-99,81766233768212;-415,430591630502;2,2905506322811906;0,3078175895765339;16792;stop;-194,0;-194,0;False;2;-1,0;-1,94;2026-06-24
16908;2026-06-24 15:25:31;short;2;15;4017,66;1439,1598350392997;504,098008658093;-2423,5909379510304;0,1653848062323227;1,4044159707128316;16910;alvo;388,0;388,0;False;2;2,0;3,88;2026-06-24
16988;2026-06-24 16:06:58;long;1;16;3981,39;881,0494102183839;-345,31001442996967;331,2086002885735;0,9544554455445544;0,09318880440049845;16989;stop;-194,0;-194,0;False;1;-1,0;-1,94;2026-06-24
17359;2026-06-25 02:02:09;short;1;2;3994,84;441,09246821808483;-482,8408658008357;-193,70776334772017;1,2157446536048149;0,6920325604341189;17360;stop;-194,0;-194,0;False;1;-1,0;-1,94;2026-06-25
17374;2026-06-25 02:44:53;long;1;2;4014,52;959,8124115632345;-325,95913419913813;2369,137835497895;0,7774583663758922;0,5836881755649779;17376;stop;-194,0;-194,0;False;2;-1,0;-1,94;2026-06-25
17426;2026-06-25 04:00:01;long;1;4;3992,57;1362,5327003554503;-748,861067821008;2090,8489466089577;1,5740558878671547;0,3717786760990902;17427;stop;-194,0;-194,0;False;1;-1,0;-1,94;2026-06-25
17441;2026-06-25 04:04:30;long;1;4;4000,5;860,0120757249897;-237,91965367963712;736,85962481959;0,9684473002781242;0,3385470527403679;17442;stop;-194,0;-194,0;False;1;-1,0;-1,94;2026-06-25
17476;2026-06-25 04:39:04;short;1;4;3982,83;704,119857515343;147,02453102454456;-1700,476652236648;0,9136204092115401;0,43032026709543664;17477;stop;-194,0;-194,0;False;1;-1,0;-1,94;2026-06-25
17478;2026-06-25 04:40:26;short;1;4;3984,63;681,1806151680685;427,5445310246141;-1714,1292352092478;1,381857415553158;0,5373461679053724;17482;stop;-194,0;-194,0;False;4;-1,0;-1,94;2026-06-25
17583;2026-06-25 06:58:25;long;1;6;3997,58;1709,5829805255562;-425,6643001443081;2456,273304473325;0,7563246934657768;0,2146943353897642;17584;stop;-194,0;-194,0;False;1;-1,0;-1,94;2026-06-25
17755;2026-06-25 14:27:38;short;1;14;3979,07;484,0540916495229;-27,20259740253823;-685,698008657937;2,7660098522167487;0,40478345184218106;17757;stop;-194,0;-194,0;False;2;-1,0;-1,94;2026-06-25
17865;2026-06-25 16:23:56;short;1;16;4026,38;873,032565934227;101,96681096686007;-466,6854256854094;3,2181208053691273;0,5408365019011367;17867;alvo;388,0;388,0;False;2;2,0;3,88;2026-06-25
17967;2026-06-25 17:53:31;short;1;17;4016,35;623,106725700427;-154,10060606059233;-752,2556421356967;1,6378367429613125;0,6895420369104808;17969;stop;-194,0;-194,0;False;2;-1,0;-1,94;2026-06-25
17992;2026-06-25 18:23:19;long;1;18;4033,76;1736,7609694436396;-379,2570851369419;2695,877979797933;0,31111502709370453;0,3996078883635817;17994;alvo;388,0;388,0;False;2;2,0;3,88;2026-06-25
17995;2026-06-25 18:24:30;long;1;18;4034,68;1698,1548399241547;-608,8599711399638;2750,7845887446365;0,7247946881006465;0,3168902023185979;17997;alvo;388,0;388,0;False;2;2,0;3,88;2026-06-25
18039;2026-06-25 19:51:49;short;2;19;4028,18;1051,2714130609766;-115,39676767683886;-1042,4669552668092;0,9826388888888888;1,2200524628389209;18040;stop;-194,0;-194,0;False;1;-1,0;-1,94;2026-06-25
18226;2026-06-26 07:08:37;long;1;7;4002,46;1256,0509199536682;26,725656565713507;647,9485137084794;1,3546547663319697;0,33773087071241487;18228;alvo;388,0;388,0;False;2;2,0;3,88;2026-06-26
18233;2026-06-26 07:43:45;long;1;7;4005,43;1180,8269369572827;-370,55497835490314;970,2372294371798;2,2339139305550306;0,2417228244945271;18235;alvo;388,0;388,0;False;2;2,0;3,88;2026-06-26
18540;2026-06-26 22:45:52;short;1;22;4067,07;822,011467354514;197,4603174603999;-1044,4298412699027;2,0996934114751706;0,4655978623914556;18541;stop;-194,0;-194,0;False;1;-1,0;-1,94;2026-06-26
18564;2026-06-29 01:06:15;long;1;1;4077,08;831,777890091189;-337,3134199132437;455,6117748916222;0,49588978782857324;0,5084974372807635;18566;alvo;388,0;388,0;False;2;2,0;3,88;2026-06-29
18581;2026-06-29 01:20:04;short;1;1;4056,34;1513,73717127899;25,406753246807057;-2051,0842712842987;0,10348042262274704;0,32048637498631827;18582;stop;-194,0;-194,0;False;1;-1,0;-1,94;2026-06-29
18883;2026-06-29 16:33:05;short;1;16;4039,61;452,99631990978924;-393,8275901875386;-144,9421067820822;1,0633981403212172;0,30679327976625154;18884;stop;-194,0;-194,0;False;1;-1,0;-1,94;2026-06-29
18889;2026-06-29 16:44:50;short;1;16;4037,91;817,5175584573481;55,685945165987505;-1122,7733333333163;1,19325836115504;0,5101432827352353;18890;stop;-194,0;-194,0;False;1;-1,0;-1,94;2026-06-29
19069;2026-06-30 04:11:41;long;2;4;3960,77;2002,2581533837183;-578,5660606059992;1901,6770562770034;0,39086294416243655;1,4977185617813678;19070;stop;-194,0;-194,0;False;1;-1,0;-1,94;2026-06-30
19090;2026-06-30 04:24:21;long;1;4;3970,3;1146,2321789500493;-184,44265512257516;1784,959365079385;2,9774248793398725;0,6628924343798713;19092;stop;-194,0;-194,0;False;2;-1,0;-1,94;2026-06-30
19303;2026-06-30 14:05:01;long;1;14;4029,11;928,4237631123688;-15,840519480525472;1311,6824242425082;0,7976078968225376;0,6186834198307346;19305;alvo;388,0;388,0;False;2;2,0;3,88;2026-06-30
19312;2026-06-30 14:57:06;long;1;14;4034,15;911,679904349603;-67,46389610393635;702,0330735931566;1,80273261065944;0,24555252564607055;19313;stop;-194,0;-194,0;False;1;-1,0;-1,94;2026-06-30
19389;2026-06-30 17:18:19;long;1;17;4047,51;428,485129035289;136,85668109674225;961,7737373736873;1,858421398594327;0,6867352884056356;19391;alvo;388,0;388,0;False;2;2,0;3,88;2026-06-30
19423;2026-06-30 18:08:44;short;1;18;4034,49;1459,779621666803;-2,0679365079104173;-1264,6632034631239;1,460874891531826;0,6053206528724415;19425;stop;-194,0;-194,0;False;2;-1,0;-1,94;2026-06-30
19682;2026-07-01 15:34:19;short;2;15;4029,41;1143,0308807822257;258,06152958161874;-710,3750649351696;0,1831446540880503;1,3661181026138198;19686;alvo;388,0;388,0;False;4;2,0;3,88;2026-07-01
19689;2026-07-01 15:42:52;short;2;15;4026,9;880,262712942249;-123,34089466085061;312,1652525253012;0,35678511805389934;1,4258898530192505;19691;stop;-194,0;-194,0;False;2;-1,0;-1,94;2026-07-01
19848;2026-07-01 17:37:04;long;1;17;4112,99;576,3705073231904;306,95815295803186;690,2901010102141;0,641321283889062;0,5095576794841497;19849;stop;-194,0;-194,0;False;1;-1,0;-1,94;2026-07-01
20169;2026-07-02 15:04:50;long;1;15;4066,37;598,3970675488308;-355,27821067821606;835,6084848484443;1,3128091845306618;0,6856697071530735;20171;alvo;388,0;388,0;False;2;2,0;3,88;2026-07-02
20331;2026-07-02 15:50:45;short;2;15;4126,63;1179,1092530716924;327,23751803760024;-1226,5847041847337;0,671587462082912;1,3593816479932053;20335;alvo;388,0;388,0;False;4;2,0;3,88;2026-07-02
20395;2026-07-02 16:37:39;long;1;16;4135,35;1623,5011579710772;-310,7889754689495;2332,107012987126;1,6285791708066117;0,30760563380308464;20396;stop;-194,0;-194,0;False;1;-1,0;-1,94;2026-07-02
20433;2026-07-02 17:09:09;short;1;17;4130,99;894,6176456819558;80,04992784990463;-909,0072150072046;0,9195502674380526;0,5843527738264372;20435;alvo;388,0;388,0;False;2;2,0;3,88;2026-07-02
20799;2026-07-03 19:24:32;long;1;19;4166,56;701,1441937849668;-277,92998556988096;967,8172582972365;3,500963073028452;0,5340387024923074;20801;alvo;388,0;388,0;False;2;2,0;3,88;2026-07-03
20887;2026-07-06 04:08:18;long;1;4;4179,93;512,9793383275683;-651,884040404002;964,008080808162;0,8513056092843326;0,5659050966608704;20889;alvo;388,0;388,0;False;2;2,0;3,88;2026-07-06
20932;2026-07-06 05:22:32;short;2;5;4182,25;1225,6653636256488;402,1698701298192;-1634,9195959594908;1,3755635707844904;1,1674499798577633;20934;alvo;388,0;388,0;False;2;2,0;3,88;2026-07-06
20943;2026-07-06 05:40:10;short;2;5;4172,15;762,6308536733632;6,587186147226021;-629,4354978355841;0,6796611139733242;1,3541786412231975;20944;stop;-194,0;-194,0;False;1;-1,0;-1,94;2026-07-06
21000;2026-07-06 10:14:59;long;1;10;4150,91;571,8752780029718;-231,44698412697835;622,6521789320941;2,0719573076260973;0,5073764258553008;21002;alvo;388,0;388,0;False;2;2,0;3,88;2026-07-06
21061;2026-07-06 16:04:09;short;1;16;4142,86;609,3275137150158;567,9284271283905;-728,2532756131332;1,1223564954682779;0,33435007038974546;21062;stop;-194,0;-194,0;False;1;-1,0;-1,94;2026-07-06
21099;2026-07-06 17:12:03;short;2;17;4141,17;420,23634617053176;318,30002886008515;-491,9195382396538;0,5938511890254518;1,3111111111110894;21101;stop;-194,0;-194,0;False;2;-1,0;-1,94;2026-07-06
21133;2026-07-06 18:57:06;long;1;18;4148,73;970,414519894257;-238,73668109663413;1024,7240981239884;2,1142399267399266;0,5016101065145485;21134;stop;-194,0;-194,0;False;1;-1,0;-1,94;2026-07-06
21155;2026-07-06 22:21:03;long;1;22;4162,61;510,02465796946126;-284,52969696973014;1006,9046464646817;2,65110298193105;0,3355380577426521;21156;stop;-194,0;-194,0;False;1;-1,0;-1,94;2026-07-06
21345;2026-07-07 15:54:23;short;1;15;4166,62;767,1789989697572;78,50730158734223;-761,8199134199131;0,843754708452614;0,6373162339693839;21346;stop;-194,0;-194,0;False;1;-1,0;-1,94;2026-07-07
21349;2026-07-07 16:00:31;short;2;16;4174,58;508,25118185866813;346,3263492063561;175,70049062042017;0,06511891279728199;1,3953033268100932;21351;alvo;388,0;388,0;False;2;2,0;3,88;2026-07-07
21444;2026-07-07 20:24:10;long;1;20;4144,36;450,3553015271791;-13,79382395380162;504,5545165945441;2,393007613275187;0,421289144782972;21447;stop;-194,0;-194,0;False;3;-1,0;-1,94;2026-07-07
21494;2026-07-07 22:45:58;long;1;22;4111,97;1774,1815968965511;4,815353535559552;1656,1177489175407;1,8763796909492272;0,6692796923533354;21495;stop;-194,0;-194,0;False;1;-1,0;-1,94;2026-07-07
21501;2026-07-07 23:26:03;long;1;23;4110,22;1522,1757063171026;-462,0464069264017;871,4527561327486;0,9037805782060785;0,6034243405830876;21502;stop;-194,0;-194,0;False;1;-1,0;-1,94;2026-07-07
21579;2026-07-08 04:15:02;short;1;4;4107,7;1031,1084538735486;643,3160173160104;-990,8764790764508;2,1698044455241106;0,23570848008684703;21584;stop;-194,0;-194,0;False;5;-1,0;-1,94;2026-07-08
21679;2026-07-08 10:35:27;short;1;10;4122,22;734,4079058536408;500,56005772012213;-1222,0614141414444;1,0318669899549706;0,304496216055508;21681;alvo;388,0;388,0;False;2;2,0;3,88;2026-07-08
21709;2026-07-08 11:18:30;short;1;11;4086,07;1289,127623050672;396,91959595961634;-1875,5564213563957;0,055162702421403864;0,1791590493600651;21711;alvo;388,0;388,0;False;2;2,0;3,88;2026-07-08
21725;2026-07-08 11:22:45;long;1;11;4090,6;1190,5291500638668;-240,74903318901306;981,5202308802327;0,49328099048769436;0,0038958739152612047;21726;stop;-194,0;-194,0;False;1;-1,0;-1,94;2026-07-08
21727;2026-07-08 11:23:28;long;1;11;4089,31;1084,0291319965218;-253,4425974025453;603,151572871684;0,45012787723785164;0,42827442827432727;21728;stop;-194,0;-194,0;False;1;-1,0;-1,94;2026-07-08
21789;2026-07-08 12:23:42;long;1;12;4058,18;490,79677482527586;276,9821645022148;367,07047619047444;2,463733650416171;0,37523931078495004;21791;stop;-194,0;-194,0;False;2;-1,0;-1,94;2026-07-08
21870;2026-07-08 15:08:53;short;1;15;4065,34;683,0526911427114;355,5415295815692;-1042,9415873016296;1,6046474444385226;0,43787856404191255;21871;stop;-194,0;-194,0;False;1;-1,0;-1,94;2026-07-08
21923;2026-07-08 16:28:43;short;1;16;4070,93;526,5198314988083;-54,40652236652568;-380,0215295815178;1,9428857126051406;0,38548878427030336;21925;alvo;388,0;388,0;False;2;2,0;3,88;2026-07-08
21963;2026-07-08 17:19:12;short;1;17;4057,84;685,2187936648079;193,89639249648098;-816,069090909059;0,7621082621082621;0,42902893743567877;21964;alvo;388,0;388,0;False;1;2,0;3,88;2026-07-08
22458;2026-07-10 04:59:14;short;1;4;4117,56;652,4207696388657;693,9981529582838;-1243,608023088109;0,3979185685594303;0,6588980367320008;22459;stop;-194,0;-194,0;False;1;-1,0;-1,94;2026-07-10
22528;2026-07-10 12:11:47;short;1;12;4096,69;667,2474529336796;41,97754689748763;-1016,9032034631527;1,1082567517703081;0,5908096280087521;22529;stop;-194,0;-194,0;False;1;-1,0;-1,94;2026-07-10
22573;2026-07-10 16:03:33;short;1;16;4101,27;766,804573688114;233,6678210678656;-1259,2992207792122;0,7737189924336749;0,6013071895421334;22575;stop;-194,0;-194,0;False;2;-1,0;-1,94;2026-07-10
22763;2026-07-13 03:48:13;short;1;3;4072,69;832,5211694660538;863,3021645021927;-2256,793650793634;1,4912434778116443;0,6129534831960375;22765;alvo;388,0;388,0;False;2;2,0;3,88;2026-07-13
22965;2026-07-13 16:04:27;long;1;16;4062,96;468,86318544065944;-225,23544011542072;875,3170562771174;0,4483543583420279;0,41445650680223667;22966;stop;-194,0;-194,0;False;1;-1,0;-1,94;2026-07-13
23016;2026-07-13 17:17:24;short;2;17;4012,59;1123,0416570039324;354,50493506505154;-2312,870880230912;0,19661989510019276;1,2610294117646517;23017;stop;-194,0;-194,0;False;1;-1,0;-1,94;2026-07-13
23045;2026-07-13 17:29:02;long;1;17;4018,85;1447,658909072561;-613,7914574314436;1573,14539682543;2,7618339529120197;0,6335611237660476;23046;stop;-194,0;-194,0;False;1;-1,0;-1,94;2026-07-13
23186;2026-07-14 03:44:56;long;1;3;4002,95;922,5728637929024;97,41558441564848;1096,8798845598485;0,9506423589869081;0,3658885183420774;23188;alvo;388,0;388,0;False;2;2,0;3,88;2026-07-14
23407;2026-07-14 15:38:33;short;1;15;4084,42;1156,1336137040598;-293,03636363629266;-1188,0222799422882;2,5387870239774326;0,4855885276160227;23408;stop;-194,0;-194,0;False;1;-1,0;-1,94;2026-07-14
23411;2026-07-14 15:41:06;short;1;15;4087,37;1269,1219696965163;434,9118614718918;-1632,5037229437385;5,934333198216457;0,3061652453516114;23413;stop;-194,0;-194,0;False;2;-1,0;-1,94;2026-07-14
23415;2026-07-14 15:43:31;short;1;15;4090,56;707,9174297113241;430,511861471814;-623,9938816737777;4,286949006050129;0,4293301858956645;23418;stop;-194,0;-194,0;False;3;-1,0;-1,94;2026-07-14
23537;2026-07-14 18:21:45;long;1;18;4089,16;557,466553246968;-563,1049350649391;1054,900721500735;2,235152312075389;0,6641791044775012;23538;stop;-194,0;-194,0;False;1;-1,0;-1,94;2026-07-14
23616;2026-07-15 03:47:02;long;1;3;4056,26;566,4060567935394;45,51515151520107;492,8009235209629;1,957782372457566;0,5009081473794574;23618;alvo;388,0;388,0;False;2;2,0;3,88;2026-07-15
23748;2026-07-15 15:15:37;long;1;15;4039,8;476,23751891351276;-91,31324675317956;1007,6006349206182;1,9667705471242325;0,36175395858717374;23749;stop;-194,0;-194,0;False;1;-1,0;-1,94;2026-07-15
24053;2026-07-16 15:21:23;short;1;15;4025,72;1081,5730554065794;970,4860028859912;-1552,1005483405133;0,8409859835669405;0,4818067754078584;24055;alvo;388,0;388,0;False;2;2,0;3,88;2026-07-16
24198;2026-07-16 18:42:49;long;1;18;4013,27;760,8508968490241;-283,379451659539;1409,2874458875485;1,2416515354859083;0,26982680036455337;24199;stop;-194,0;-194,0;False;1;-1,0;-1,94;2026-07-16
24337;2026-07-17 06:38:21;long;1;6;3999,78;1425,1972107598704;-791,8480808079494;1590,8188744587733;1,2044541508263906;0,5423728813560191;24338;stop;-194,0;-194,0;False;1;-1,0;-1,94;2026-07-17
24475;2026-07-17 16:31:30;long;1;16;3967,51;663,4401532724496;-202,59901875892865;-51,12075036081478;0,5075130909918798;0,18808536772617673;24477;alvo;388,0;388,0;False;2;2,0;3,88;2026-07-17
24665;2026-07-20 03:33:36;long;1;3;4002,19;1476,1351080725944;-344,86083694077934;1917,9157864356966;0,9344266695297402;0,29458225348635375;24667;alvo;388,0;388,0;False;2;2,0;3,88;2026-07-20
24864;2026-07-20 16:50:07;long;1;16;4013,16;684,5311663426401;-86,66626262620412;417,38412698409775;2,8788574628955472;0,5178546023614936;24865;stop;-194,0;-194,0;False;1;-1,0;-1,94;2026-07-20
25280;2026-07-22 09:06:14;short;2;9;4131,56;558,2151476572108;144,66845598844884;-287,2719769118703;0,3327005962616405;1,6370212066414307;25282;alvo;388,0;388,0;False;2;2,0;3,88;2026-07-22
25342;2026-07-22 15:44:20;long;1;15;4128,48;840,7447933115691;-155,34279942276044;1119,0326118325174;1,571279516749039;0,3830758898586089;25343;stop;-194,0;-194,0;False;1;-1,0;-1,94;2026-07-22
25625;2026-07-23 11:49:17;long;1;11;4090,71;411,4207849471313;27,38886002889558;-238,9430303030167;0,2820634862519679;0,6391527799408461;25626;stop;-194,0;-194,0;False;1;-1,0;-1,94;2026-07-23
25737;2026-07-23 17:01:36;short;2;17;4046,91;587,8965826957028;97,79803751812324;-1090,0028860030488;0,7356507679870655;1,304387778543591;25738;stop;-194,0;-194,0;False;1;-1,0;-1,94;2026-07-23
26312;2026-07-28 04:47:14;short;1;4;4046,73;479,84348391337335;182,18447330455092;-1115,979220779218;2,2205906480721906;0,1702831565631994;26314;alvo;388,0;388,0;False;2;2,0;3,88;2026-07-28
26465;2026-07-28 18:14:09;long;2;18;4032,82;795,8277471224392;-36,170793650717314;613,9793939393712;0,19890955916600456;1,6405271398747279;26469;alvo;388,0;388,0;False;4;2,0;3,88;2026-07-28
26561;2026-07-29 05:10:38;long;1;5;4026,73;757,5325531100134;-243,11942279941832;1400,2290331890435;0,7225219073631501;0,49139109046182344;26565;alvo;388,0;388,0;False;4;2,0;3,88;2026-07-29
26571;2026-07-29 05:39:05;long;1;5;4034,39;693,5323981686906;-100,25137085140159;623,1319480519687;1,865595905219962;0,6562771637897986;26574;stop;-194,0;-194,0;False;3;-1,0;-1,94;2026-07-29
26860;2026-07-29 21:33:19;short;1;21;4056,54;911,838998269468;319,37598845597677;-1081,5688888888417;1,2105313183157496;0,20278833967053397;26863;stop;-194,0;-194,0;False;3;-1,0;-1,94;2026-07-29
26928;2026-07-29 22:01:19;short;1;22;4106,68;417,3264693452438;-56,77466089455265;29,114862914866535;0,7286400000000001;0,5998863851541556;26929;stop;-194,0;-194,0;False;1;-1,0;-1,94;2026-07-29
27016;2026-07-29 23:05:41;short;2;23;4049,63;608,4174927671029;538,3673304472723;-1856,471630591568;0,6561370028123745;1,2848548510312563;27017;stop;-194,0;-194,0;False;1;-1,0;-1,94;2026-07-29
27115;2026-07-30 05:00:18;long;1;5;4088,07;540,3788330632779;-70,84825396818815;947,024415584383;1,0076887539598731;0,2707288854609257;27117;stop;-194,0;-194,0;False;2;-1,0;-1,94;2026-07-30
27143;2026-07-30 07:04:10;short;1;7;4056,35;1216,637844834895;567,0842712841932;-1430,71555555548;3,8162212845757146;0,5706162237438523;27145;alvo;388,0;388,0;False;2;2,0;3,88;2026-07-30
27191;2026-07-30 09:29:25;long;1;9;4033,14;552,1781208876291;-193,85160173151235;184,7498989898213;0,5461187214611872;0,3411513859275143;27193;stop;-194,0;-194,0;False;2;-1,0;-1,94;2026-07-30
27258;2026-07-30 12:39:16;short;1;12;4065,52;629,9980514973413;-86,77154401148073;153,61847041849614;1,138046333890614;0,6102126385145643;27259;stop;-194,0;-194,0;False;1;-1,0;-1,94;2026-07-30
27350;2026-07-30 16:36:03;long;1;16;4078,91;635,0616083762816;-205,3296392496577;687,7886868687256;1,2302045097011012;0,49766199064788624;27351;alvo;388,0;388,0;False;1;2,0;3,88;2026-07-30
27608;2026-07-31 11:21:56;short;1;11;4063,43;942,8972694424374;-3,8095815295037028;-1556,2850793651705;0,4893997797356828;0,5612472160356203;27610;alvo;388,0;388,0;False;2;2,0;3,88;2026-07-31
27658;2026-07-31 16:05:01;short;1;16;4038,84;538,2073590242726;97,21800865800105;-983,2595670995943;0,9847001112387621;0,6669486149291026;27660;alvo;388,0;388,0;False;2;2,0;3,88;2026-07-31
27977;2026-08-03 17:11:59;long;1;17;4030,39;674,5947605912988;-94,49772005759769;186,97927849921143;1,0276627176085509;0,6743017585340789;27978;stop;-194,0;-194,0;False;1;-1,0;-1,94;2026-08-03
27984;2026-08-03 17:41:44;long;1;17;4035,84;740,6034328770602;242,04802308804574;130,78741702743173;0,9088522007417862;0,6940286992748111;27986;stop;-194,0;-194,0;False;2;-1,0;-1,94;2026-08-03
28338;2026-08-05 05:54:04;long;1;5;4128,35;644,8063325888143;-459,1134776334002;1642,4170274170137;1,1244618395303327;0,2667739664018862;28340;alvo;388,0;388,0;False;2;2,0;3,88;2026-08-05
28380;2026-08-05 08:48:38;long;2;8;4163,8;741,4184791996377;-560,8708802308684;1596,6151803751927;0,20617070357554787;1,3781055132141267;28382;alvo;388,0;388,0;False;2;2,0;3,88;2026-08-05
28463;2026-08-05 14:31:30;long;1;14;4177,71;1842,799725432542;-202,4109668109304;2546,422453102423;0,7477464294076328;0,23638511518001493;28464;alvo;388,0;388,0;False;1;2,0;3,88;2026-08-05
28469;2026-08-05 14:48:44;long;1;14;4186,95;1726,5087745065102;-127,11480519474208;1838,163059162889;1,3472369135767175;0,6913907284766672;28471;alvo;388,0;388,0;False;2;2,0;3,88;2026-08-05
28503;2026-08-05 16:00:55;short;2;16;4187,37;2138,2790736979587;132,33021645028202;-1724,3881673881333;0,23401478903871248;1,3059936908516736;28504;stop;-194,0;-194,0;False;1;-1,0;-1,94;2026-08-05
28532;2026-08-05 16:39:05;long;1;16;4196,38;618,8043041473065;-532,0962770562801;596,4071572871035;1,4429867042352735;0,35309218203046905;28533;stop;-194,0;-194,0;False;1;-1,0;-1,94;2026-08-05
28621;2026-08-05 18:19:02;long;1;18;4253,91;677,4255997117507;-653,6845021644694;1435,3186147185625;0,7541009842362167;0,1718191377498544;28623;alvo;388,0;388,0;False;2;2,0;3,88;2026-08-05
28743;2026-08-06 03:09:14;short;1;3;4273,12;1045,7417678206184;618,3561327562529;-1221,9763347764456;0,25827450261300083;0,27430506561318835;28745;alvo;388,0;388,0;False;2;2,0;3,88;2026-08-06
28873;2026-08-06 05:12:25;long;1;5;4296,2;543,5762688314753;-529,286926406894;1213,2349206350227;0,7920105355575066;0,48151927437638486;28876;alvo;388,0;388,0;False;3;2,0;3,88;2026-08-06
28890;2026-08-06 05:53:47;short;1;5;4276,85;1282,2736254446681;-52,09010101007152;-1559,092409812456;1,5661408392617795;0,6160894918481848;28891;stop;-194,0;-194,0;False;1;-1,0;-1,94;2026-08-06
28943;2026-08-06 09:19:38;long;1;9;4258,52;620,9472471356094;-431,3106493505984;361,8835786436648;0,7187069289562712;0,35092180546728735;28944;stop;-194,0;-194,0;False;1;-1,0;-1,94;2026-08-06
29114;2026-08-06 17:09:39;short;1;17;4267,63;580,2683271638671;-25,89696969689612;284,60075036064154;1,6901199822248556;0,6250342371953427;29116;stop;-194,0;-194,0;False;2;-1,0;-1,94;2026-08-06
29129;2026-08-06 17:29:57;short;1;17;4265,26;785,5399765862785;327,6972582972121;-865,3043001441802;0,702330890303977;0,5452901281085717;29130;stop;-194,0;-194,0;False;1;-1,0;-1,94;2026-08-06
29161;2026-08-06 18:42:19;short;1;18;4249,43;993,5433523881329;118,06366522378084;-1358,919249639257;1,583298104126695;0,27629254504754075;29162;stop;-194,0;-194,0;False;1;-1,0;-1,94;2026-08-06
29172;2026-08-06 18:56:27;short;1;18;4231,85;1017,0256443846483;-206,78597402593368;-1408,5346031745758;0,6193154329946783;0,5267949513756623;29173;stop;-194,0;-194,0;False;1;-1,0;-1,94;2026-08-06
29255;2026-08-07 03:06:03;long;1;3;4251,16;534,5788697198259;212,48092352097956;1127,0158152958174;1,2418553641700536;0,57154926602579;29256;stop;-194,0;-194,0;False;1;-1,0;-1,94;2026-08-07
29295;2026-08-07 04:55:49;long;1;4;4256,01;852,6593509660415;411,9664069265127;562,2946031745414;2,9743717652927604;0,3830119854092555;29296;stop;-194,0;-194,0;False;1;-1,0;-1,94;2026-08-07
29353;2026-08-07 08:55:45;long;1;8;4277,38;432,4558990081641;-58,82937950927953;1114,5163636362668;1,0225100567744145;0,5558217537134096;29355;alvo;388,0;388,0;False;2;2,0;3,88;2026-08-07
29483;2026-08-07 15:30:19;long;1;15;4346,5;2026,083388196912;-781,0296103894871;2333,7068398267547;0,016777552791437663;0,4535645004849606;29485;stop;-194,0;-194,0;False;2;-1,0;-1,94;2026-08-07
29509;2026-08-07 15:34:03;short;1;15;4354,32;552,4209723476815;-309,56144300143933;321,23549783555063;0,5503044360684256;0,24176829268315952;29512;stop;-194,0;-194,0;False;3;-1,0;-1,94;2026-08-07
29525;2026-08-07 15:40:14;short;1;15;4362,49;428,219770357191;338,34782106769126;226,30453102465253;6,667741935483871;0,3083046860864979;29526;stop;-194,0;-194,0;False;1;-1,0;-1,94;2026-08-07
29586;2026-08-07 16:30:43;long;1;16;4355,71;1153,0919925003218;-159,79359307348204;1378,276594516501;0,5843437945791726;0,1563856372483977;29588;alvo;388,0;388,0;False;2;2,0;3,88;2026-08-07
29636;2026-08-07 17:08:43;short;2;17;4334,56;679,1215359568014;373,37131313133796;-1026,6027128425776;0,3020297699594046;1,225927225926958;29637;stop;-194,0;-194,0;False;1;-1,0;-1,94;2026-08-07
29889;2026-08-10 08:30:03;long;1;8;4336,74;640,1587701679091;-250,4401154401421;1124,926637806675;2,265450690311544;0,48818897637799075;29890;stop;-194,0;-194,0;False;1;-1,0;-1,94;2026-08-10
29891;2026-08-10 08:31:53;long;1;8;4335,34;441,7812725773729;-311,0502741702476;670,8363059163275;0,5113052170601676;0,3933102652827104;29893;alvo;388,0;388,0;False;2;2,0;3,88;2026-08-10
30189;2026-08-11 06:43:23;short;1;6;4417,71;938,2293044808648;637,2262626262454;-789,2071572870009;3,5550642531435677;0,24883546205846097;30192;stop;-194,0;-194,0;False;3;-1,0;-1,94;2026-08-11
30396;2026-08-11 16:58:25;short;1;16;4390,74;652,9480099791726;187,2152958152583;-947,5735642135987;1,6736226385265986;0,14507287070478697;30397;alvo;388,0;388,0;False;1;2,0;3,88;2026-08-11
30525;2026-08-12 04:02:45;long;1;4;4382,15;841,0654372823956;-199,2989898990345;1263,5886291486713;1,1765401093219088;0,6753016323632299;30526;stop;-194,0;-194,0;False;1;-1,0;-1,94;2026-08-12
30547;2026-08-12 05:40:34;long;1;5;4401,53;498,98648575517655;-101,30666666673278;1126,4335930736706;2,3755990978291517;0,6532575933223926;30549;alvo;388,0;388,0;False;2;2,0;3,88;2026-08-12
30634;2026-08-12 14:36:24;short;1;14;4412,76;806,0527273523803;233,86984127000687;-445,60069264080084;1,2300196463654225;0,5642228739001133;30636;stop;-194,0;-194,0;False;2;-1,0;-1,94;2026-08-12
30734;2026-08-12 15:57:59;short;2;15;4430,04;822,6760099022613;578,814372294346;-1045,0073304471516;1,4498852333588372;1,3888888888891282;30735;stop;-194,0;-194,0;False;1;-1,0;-1,94;2026-08-12
30773;2026-08-12 16:37:15;short;1;16;4415,98;559,9740189574732;82,02891774890304;-657,9518614717927;1,2369942196531791;0,617178539569287;30775;stop;-194,0;-194,0;False;2;-1,0;-1,94;2026-08-12
30809;2026-08-12 17:30:08;long;1;17;4434,14;560,1404945928152;-279,9772582970945;857,5667532466468;0,6761049723756906;0,3600000000002658;30811;stop;-194,0;-194,0;False;2;-1,0;-1,94;2026-08-12
30908;2026-08-12 22:51:21;long;1;22;4412,08;1204,6315295700879;-463,80819624819196;1375,2014430015151;0,5241099879713845;0,407837071410197;30911;stop;-194,0;-194,0;False;3;-1,0;-1,94;2026-08-12
30991;2026-08-13 04:56:21;short;1;4;4412,27;727,9119068338332;22,949437229544856;-903,797691197633;1,7529689245665578;0,34997809899239885;30993;alvo;388,0;388,0;False;2;2,0;3,88;2026-08-13
31012;2026-08-13 06:16:15;long;1;6;4407,94;443,8294905440671;129,81639249637738;3,461702741788031;1,9845191040843215;0,48607870586406066;31013;stop;-194,0;-194,0;False;1;-1,0;-1,94;2026-08-13
31175;2026-08-13 16:40:58;short;1;16;4380,27;820,6048333664512;320,41581529592804;-951,833939394055;1,3994128724936303;0,17224215765698256;31177;stop;-194,0;-194,0;False;2;-1,0;-1,94;2026-08-13
31206;2026-08-13 17:24:59;long;1;17;4374,71;506,87541338693336;-16,56744588744914;253,92565656575243;1,516139459709074;0,21326378539482932;31207;stop;-194,0;-194,0;False;1;-1,0;-1,94;2026-08-13
31246;2026-08-13 18:50:43;short;1;18;4367,78;716,8779455405456;654,2764213564624;-549,8592207792171;5,018603794437281;0,3329397874854196;31247;stop;-194,0;-194,0;False;1;-1,0;-1,94;2026-08-13
31302;2026-08-14 02:06:31;long;1;2;4353,01;652,8544124151267;-443,691774891704;1066,0267243866656;0,4231908507758401;0,5017078835908719;31304;alvo;388,0;388,0;False;2;2,0;3,88;2026-08-14
31358;2026-08-14 04:22:05;short;1;4;4322,1;645,7657322378509;370,1957864358519;-1775,2343434342947;0,5892096860031932;0,22841044533531585;31360;alvo;388,0;388,0;False;2;2,0;3,88;2026-08-14
31379;2026-08-14 05:07:53;long;1;5;4319,67;615,9818702053599;103,45067821072007;105,0863492064309;1,5409219190968957;0,26712328767128435;31380;stop;-194,0;-194,0;False;1;-1,0;-1,94;2026-08-14
31398;2026-08-14 05:50:37;long;2;5;4317,9;505,3420114601977;-144,6025396825462;443,3178066377877;0,9105847862984108;1,3875209848909695;31399;stop;-194,0;-194,0;False;1;-1,0;-1,94;2026-08-14
31431;2026-08-14 09:12:24;long;1;9;4333,54;967,8077427084645;-5,359480519382487;1924,7026262625695;1,84508201540361;0,25359887433707157;31432;stop;-194,0;-194,0;False;1;-1,0;-1,94;2026-08-14
31448;2026-08-14 11:09:28;long;1;11;4345,77;574,9847070597752;265,85800865814235;758,8389033187923;1,6534059039823836;0,5785729232060038;31451;stop;-194,0;-194,0;False;3;-1,0;-1,94;2026-08-14
31620;2026-08-17 03:43:14;long;1;3;4391,22;1339,4527563884367;-206,0554689754099;2084,696219336274;0,9505810854035611;0,2952286282306748;31622;alvo;388,0;388,0;False;2;2,0;3,88;2026-08-17
31892;2026-08-18 03:15:35;long;1;3;4422,87;799,3496515623519;-170,49160173164637;644,7444733045813;0,9800503029610151;0,1461122187411465;31894;alvo;388,0;388,0;False;2;2,0;3,88;2026-08-18
31899;2026-08-18 03:27:04;long;1;3;4429,0;473,8389033745989;75,6053102453734;539,9276190475575;0,4658988070752777;0,5554768315146803;31902;alvo;388,0;388,0;False;3;2,0;3,88;2026-08-18
31920;2026-08-18 04:32:20;short;1;4;4422,45;1125,0338172278134;-41,363982684015355;-1222,335468975416;1,3768986427952643;0,6208372978115172;31922;alvo;388,0;388,0;False;2;2,0;3,88;2026-08-18
31964;2026-08-18 09:09:02;long;1;9;4391,45;531,0063547166465;23,33137085133785;3,5527849929167132;1,3777450980392156;0,6521264994544825;31966;alvo;388,0;388,0;False;2;2,0;3,88;2026-08-18
32259;2026-08-19 04:03:17;short;1;4;4327,89;1010,5905818704741;-62,20865800860338;-1555,9061471861241;0,4419458616319501;0,21523786229640474;32260;stop;-194,0;-194,0;False;1;-1,0;-1,94;2026-08-19
32362;2026-08-19 10:48:52;long;1;10;4356,59;1225,192544451238;-396,647849927831;1530,7109379509711;1,106338666601328;0,48541719502906067;32363;stop;-194,0;-194,0;False;1;-1,0;-1,94;2026-08-19
32365;2026-08-19 11:04:23;long;1;11;4354,82;775,379429836812;-436,4357287156963;973,221471861325;0,8513890573820211;0,5007731958763465;32367;alvo;388,0;388,0;False;2;2,0;3,88;2026-08-19
32437;2026-08-19 15:44:45;short;2;15;4413,7;1189,5052702662724;222,6223953823137;-722,3422222222325;0,2283083645443196;1,3455485611512703;32438;stop;-194,0;-194,0;False;1;-1,0;-1,94;2026-08-19
32467;2026-08-19 15:58:00;long;1;15;4439,76;931,0618956437793;-172,48871572865028;1753,107532467584;0,8741509800116436;0,5471892245814151;32469;stop;-194,0;-194,0;False;2;-1,0;-1,94;2026-08-19
32543;2026-08-19 16:41:40;short;1;16;4456,34;674,9727550261014;478,5887445888875;-881,459682539753;0,9555838911911593;0,340689238210248;32544;alvo;388,0;388,0;False;1;2,0;3,88;2026-08-19
32914;2026-08-20 15:24:15;long;1;15;4465,63;840,3127139601565;57,84282828290088;946,4349783549551;1,4763580719204283;0,5231808412649919;32915;stop;-194,0;-194,0;False;1;-1,0;-1,94;2026-08-20
32917;2026-08-20 15:30:09;long;1;15;4460,89;964,2575845392457;-477,6839826839023;1239,2081385281017;1,8356269406217658;0,2688710754845809;32918;stop;-194,0;-194,0;False;1;-1,0;-1,94;2026-08-20
33142;2026-08-20 22:36:53;long;1;22;4525,79;701,1170480973306;-156,8964502163908;1218,9355844155216;1,744093002189175;0,6199064796258302;33146;alvo;388,0;388,0;False;4;2,0;3,88;2026-08-20
33236;2026-08-21 06:02:39;long;1;6;4536,43;625,120728699585;-486,8479076478252;1375,9526695525892;1,2514897971468126;0,3140371603481891;33238;stop;-194,0;-194,0;False;2;-1,0;-1,94;2026-08-21
33354;2026-08-21 13:21:55;short;1;13;4583,33;1100,944391327539;140,74002886009112;-482,3255411255559;1,0360960224285964;0,6402566606220581;33355;stop;-194,0;-194,0;False;1;-1,0;-1,94;2026-08-21
33356;2026-08-21 13:31:25;short;1;13;4585,61;891,4513081124824;238,19295815292207;84,90227994225279;1,496613760288959;0,5476909797154511;33357;stop;-194,0;-194,0;False;1;-1,0;-1,94;2026-08-21
33395;2026-08-21 15:16:23;short;1;15;4592,1;541,7112386418921;-232,86522366515783;-346,66101010107013;0,7041696621135873;0,3685435086086573;33397;alvo;388,0;388,0;False;2;2,0;3,88;2026-08-21
33430;2026-08-21 16:20:41;long;1;16;4583,08;1060,467850205805;-226,38152958152205;473,86291486291157;1,4786127167630059;0,5060139860140217;33432;alvo;388,0;388,0;False;2;2,0;3,88;2026-08-21
33607;2026-08-24 01:42:58;long;1;1;4610,98;426,5121561457818;-492,615295815267;393,55036075021417;0,4071484813056238;0,3239595050615607;33608;stop;-194,0;-194,0;False;1;-1,0;-1,94;2026-08-24
33662;2026-08-24 03:27:18;short;1;3;4597,96;2062,098912106285;29,936681096751272;-1857,8457142858497;0,35900838410036795;0,6557515580435888;33664;stop;-194,0;-194,0;False;2;-1,0;-1,94;2026-08-24
33748;2026-08-24 04:53:49;long;1;4;4627,5;1020,0706178158725;259,64848484854883;966,8533910534279;0,6822831423895254;0,45371088699251344;33750;alvo;388,0;388,0;False;2;2,0;3,88;2026-08-24
33788;2026-08-24 05:50:48;short;1;5;4629,85;2239,4786185665;5,235670995716646;-2455,166926406855;0,4188712011577424;0,567258883248669;33789;stop;-194,0;-194,0;False;1;-1,0;-1,94;2026-08-24
33845;2026-08-24 08:37:42;short;1;8;4635,26;474,0579035224073;240,69391053399158;-1007,9411255412197;0,9154154374532165;0,6867758689571977;33847;alvo;388,0;388,0;False;2;2,0;3,88;2026-08-24
33903;2026-08-24 10:38:26;short;1;10;4644,19;509,8416353637731;94,61610389616908;-617,6202597403972;1,5774076755973931;0,3935901040202299;33905;alvo;388,0;388,0;False;2;2,0;3,88;2026-08-24
33915;2026-08-24 11:01:25;short;1;11;4639,95;495,2680386110842;595,4031746031433;-806,4525829724516;2,1531422419593595;0,6697860962567038;33917;stop;-194,0;-194,0;False;2;-1,0;-1,94;2026-08-24
33943;2026-08-24 12:00:53;long;1;12;4639,77;615,7252020961096;-113,76363636354654;819,5923809523265;1,5113074204946997;0,516183506895736;33946;alvo;388,0;388,0;False;3;2,0;3,88;2026-08-24
33991;2026-08-24 14:36:33;long;1;14;4654,73;784,8659171805593;-414,63076479076335;1701,4289754689344;0,5515775341239652;0,3291536050155385;33992;alvo;388,0;388,0;False;1;2,0;3,88;2026-08-24
34052;2026-08-24 16:01:53;long;1;16;4665,27;676,2696997981038;74,48219336229158;1331,069552669669;3,426541016530203;0,6376594148539898;34054;alvo;388,0;388,0;False;2;2,0;3,88;2026-08-24
34062;2026-08-24 16:18:49;long;1;16;4675,37;1022,8551183593481;-261,7853391053359;1346,267532467573;0,9331749678725807;0,47840696950831435;34063;stop;-194,0;-194,0;False;1;-1,0;-1,94;2026-08-24
34296;2026-08-24 23:04:31;long;1;23;4654,13;1197,6874280112497;234,07919191922701;1627,5369696970301;4,817083692838654;0,6444348202685413;34297;stop;-194,0;-194,0;False;1;-1,0;-1,94;2026-08-24
34312;2026-08-25 02:34:19;long;1;2;4671,38;1164,430830136007;-223,19168831154457;1805,9416450214485;0,9860156916947844;0,6671205614330097;34313;alvo;388,0;388,0;False;1;2,0;3,88;2026-08-25
34317;2026-08-25 03:00:01;long;1;3;4680,72;1032,0292500558935;-90,85662337665781;2046,359134199156;1,5074868860276585;0,5740505711218394;34318;stop;-194,0;-194,0;False;1;-1,0;-1,94;2026-08-25
34454;2026-08-25 05:53:05;short;1;5;4623,42;760,0910470004237;108,668629148724;-1010,2027705628643;1,0368297436409974;0,09946679592808594;34455;stop;-194,0;-194,0;False;1;-1,0;-1,94;2026-08-25
34547;2026-08-25 10:47:52;short;1;10;4636,8;643,557470673386;-47,99070707067585;-168,33379509380393;0,9530835436484826;0,3694493783303572;34550;alvo;388,0;388,0;False;3;2,0;3,88;2026-08-25
34589;2026-08-25 12:40:38;long;1;12;4633,42;441,88865299711324;-37,853737373734475;777,3574603174893;0,849560161025794;0,17009526439340344;34591;alvo;388,0;388,0;False;2;2,0;3,88;2026-08-25
34596;2026-08-25 12:57:44;long;1;12;4639,7;744,4096041267585;-56,886060606120736;971,8290909090683;1,2975866513892869;0,3948058434259573;34597;stop;-194,0;-194,0;False;1;-1,0;-1,94;2026-08-25
34629;2026-08-25 15:20:37;short;1;15;4635,61;436,07219282794176;-158,91878787888345;-483,5658297257396;0,21602573923701546;0,5069742489271237;34630;stop;-194,0;-194,0;False;1;-1,0;-1,94;2026-08-25
34733;2026-08-25 17:43:40;long;1;17;4635,04;513,3530185677955;313,8757864358013;798,4895238095305;1,289801127299798;0,249941711354656;34735;alvo;388,0;388,0;False;2;2,0;3,88;2026-08-25
34741;2026-08-25 18:12:03;long;1;18;4634,26;473,8822519450878;-405,9059163058919;1215,0481385281637;6,770460822794011;0,30987668288265074;34742;stop;-194,0;-194,0;False;1;-1,0;-1,94;2026-08-25
34862;2026-08-26 04:00:11;short;1;4;4633,04;969,137593157393;120,89396825404037;-1355,9771428572276;0,06401394363128603;0,092429895294174;34863;stop;-194,0;-194,0;False;1;-1,0;-1,94;2026-08-26
34898;2026-08-26 05:03:46;long;1;5;4658,71;731,8900245547411;533,4959884559794;973,7347763348225;2,3606286989424663;0,596134908911907;34902;stop;-194,0;-194,0;False;4;-1,0;-1,94;2026-08-26
34950;2026-08-26 09:37:01;short;1;9;4627,24;601,6645232632072;84,61113997118446;-1314,536738816787;1,2595721732877943;0,42675585284275236;34951;stop;-194,0;-194,0;False;1;-1,0;-1,94;2026-08-26
34960;2026-08-26 10:25:36;long;1;10;4635,89;791,3140836496495;-56,27607503602121;1005,8872150072602;1,1659607028666685;0,6942639163606678;34961;stop;-194,0;-194,0;False;1;-1,0;-1,94;2026-08-26
35015;2026-08-26 15:30:10;long;1;15;4620,41;503,54290889972617;-713,6033477632736;344,14637806639803;0,0050390929632666125;0,2472770091254691;35016;stop;-194,0;-194,0;False;1;-1,0;-1,94;2026-08-26
35061;2026-08-26 16:01:34;short;1;16;4613,13;419,62476324097224;218,3123232323851;-518,108975469022;0,8976377952755905;0,3413780167562396;35062;stop;-194,0;-194,0;False;1;-1,0;-1,94;2026-08-26
35149;2026-08-26 17:46:29;short;1;17;4619,07;872,8733352691961;422,09056277051786;-739,2283405482885;3,179813181110535;0,5418564473066803;35150;alvo;388,0;388,0;False;1;2,0;3,88;2026-08-26
35155;2026-08-26 17:56:39;short;1;17;4608,69;762,9561398689475;-225,40923520928118;-578,0401154401261;0,7880912552941596;0,5788648031947471;35158;alvo;388,0;388,0;False;3;2,0;3,88;2026-08-26
35289;2026-08-27 03:46:51;short;1;3;4607,37;1432,861266787495;-77,67382395386448;-1266,7806060605471;0,20342915221281954;0,6195264765783005;35290;stop;-194,0;-194,0;False;1;-1,0;-1,94;2026-08-27
35349;2026-08-27 05:52:35;short;1;5;4627,84;1176,3596949316707;409,8459451659437;-1830,8335930735666;1,7343107455748257;0,112501757839863;35350;stop;-194,0;-194,0;False;1;-1,0;-1,94;2026-08-27
35378;2026-08-27 09:00:41;short;1;9;4604,3;820,713740028441;124,35238095249588;-817,7089177489506;0,579269085706854;0,6047950502705699;35380;alvo;388,0;388,0;False;2;2,0;3,88;2026-08-27
35413;2026-08-27 11:25:00;long;1;11;4603,89;592,8597242194883;65,0316883117739;536,0368253968772;0,8925557753461703;0,6451500954365347;35414;stop;-194,0;-194,0;False;1;-1,0;-1,94;2026-08-27
35560;2026-08-27 17:57:23;long;1;17;4591,87;1117,9177863131372;-444,473189033215;1584,8684559885442;1,5273386646829088;0,5618110702856153;35561;stop;-194,0;-194,0;False;1;-1,0;-1,94;2026-08-27
35640;2026-08-28 03:04:39;short;2;3;4596,48;693,1868629460951;79,91134199128282;-952,6982972582118;0,34183266932270917;1,5598526703500588;35641;stop;-194,0;-194,0;False;1;-1,0;-1,94;2026-08-28
35642;2026-08-28 03:15:46;short;1;3;4598,78;577,0274422590774;327,00652236653696;-1037,3160750361421;0,8924623534809994;0,5177739642071788;35644;alvo;388,0;388,0;False;2;2,0;3,88;2026-08-28
35791;2026-08-28 14:35:37;short;1;14;4597,33;812,5736687617973;-37,3212698412317;-649,190533910587;3,3693741677762983;0,6951185495117749;35793;alvo;388,0;388,0;False;2;2,0;3,88;2026-08-28
35903;2026-08-28 17:02:09;short;1;17;4596,51;1515,9304607464946;74,7767388167631;-1453,9684271283477;1,6875340228633642;0,21003209318900912;35905;alvo;388,0;388,0;False;2;2,0;3,88;2026-08-28
35966;2026-08-28 17:08:08;long;1;17;4562,04;1047,6167586993142;267,9511111111424;617,5216161615936;0,8214285714285714;0,6215153069950282;35967;alvo;388,0;388,0;False;1;2,0;3,88;2026-08-28
36000;2026-08-28 17:13:00;short;1;17;4557,03;1319,2020571222201;699,0297258297687;-1393,3408369408426;1,8711340206185567;0,6859956236324206;36001;alvo;388,0;388,0;False;1;2,0;3,88;2026-08-28
36037;2026-08-28 17:20:07;long;1;17;4556,43;800,5468542514791;-695,0805194805071;823,7735642136613;2,11066324661048;0,2025166543303505;36039;alvo;388,0;388,0;False;2;2,0;3,88;2026-08-28
36053;2026-08-28 17:25:10;short;2;17;4555,89;707,0369990387917;92,20802308800558;-628,6704184703012;0,5438931297709924;1,5614156835531237;36055;alvo;388,0;388,0;False;2;2,0;3,88;2026-08-28
36062;2026-08-28 17:27:09;short;1;17;4548,03;985,3817900833747;113,91803751803309;-898,8969696970344;1,4654953812715088;0,6246447946268711;36063;alvo;388,0;388,0;False;1;2,0;3,88;2026-08-28
36142;2026-08-28 17:57:34;long;1;17;4577,18;1605,035739860341;96,47844155851999;2113,8206637807343;1,781023431753704;0,254293262879935;36148;alvo;388,0;388,0;False;6;2,0;3,88;2026-08-28
36218;2026-08-28 18:42:27;short;1;18;4539,2;1279,334332516737;158,55867243872126;-1994,5044155844698;1,2945334877201535;0,3893911995179557;36219;stop;-194,0;-194,0;False;1;-1,0;-1,94;2026-08-28
36240;2026-08-28 18:54:36;long;1;18;4540,87;714,9673832504959;-65,61489177493058;62,229494949588116;1,3321029426843023;0,3189550425273427;36241;stop;-194,0;-194,0;False;1;-1,0;-1,94;2026-08-28
36290;2026-08-28 19:16:27;short;1;19;4499,91;456,12730443217515;86,02441558441569;-1092,7290620489657;2,5861655337864855;0,275169857937128;36294;alvo;388,0;388,0;False;4;2,0;3,88;2026-08-28
36332;2026-08-28 19:29:00;long;1;19;4478,96;1437,3916071370331;-3,747301587191032;725,672842712811;1,935929648241206;0,34954407294826517;36334;alvo;388,0;388,0;False;2;2,0;3,88;2026-08-28
36537;2026-08-31 01:37:54;long;1;1;4456,7;985,4538052122734;-669,7935353534376;1234,9962481961484;1,2005689900426741;0,5102778123831024;36539;alvo;388,0;388,0;False;2;2,0;3,88;2026-08-31
36596;2026-08-31 03:46:06;long;1;3;4467,85;688,1535937842273;-198,15417027402873;1137,9150937950726;1,7036350754809526;0,5675368898978436;36597;stop;-194,0;-194,0;False;1;-1,0;-1,94;2026-08-31
36809;2026-08-31 09:22:46;short;1;9;4435,26;543,7024242617554;85,66822510820202;-335,86845598847503;1,6349003576903423;0,6387491502378517;36810;stop;-194,0;-194,0;False;1;-1,0;-1,94;2026-08-31
36899;2026-08-31 15:53:51;short;1;15;4437,66;1451,9589704294049;-27,409985570011486;-1578,4152958152845;1,0686488850021862;0,6481481481482042;36900;stop;-194,0;-194,0;False;1;-1,0;-1,94;2026-08-31
36979;2026-08-31 17:51:22;long;1;17;4429,9;771,7798064495582;-539,6020779220635;1191,5833766232936;1,3188991531947651;0,47258979206050056;36980;stop;-194,0;-194,0;False;1;-1,0;-1,94;2026-08-31
37129;2026-09-01 05:20:03;long;1;5;4447,21;471,89339953774834;85,69916305914376;512,473823954042;1,7353310012540426;0,6280087527353561;37130;stop;-194,0;-194,0;False;1;-1,0;-1,94;2026-09-01
37279;2026-09-01 11:58:10;long;1;11;4375,94;751,9605017255344;54,044386724399374;-3,844675324671698;1,715741898259448;0,5700376884420665;37280;stop;-194,0;-194,0;False;1;-1,0;-1,94;2026-09-01
37383;2026-09-01 16:02:35;short;1;16;4344,8;746,7063229712949;-32,38447330440977;-1829,4648773448898;0,44267088343228805;0,5688556995386096;37385;alvo;388,0;388,0;False;2;2,0;3,88;2026-09-01
37387;2026-09-01 16:03:49;short;1;16;4339,62;966,2806844252373;168,8341702741127;-2440,420779220676;0,2565091912918;0,6151646722438744;37389;stop;-194,0;-194,0;False;2;-1,0;-1,94;2026-09-01
37495;2026-09-01 18:12:04;short;1;18;4359,39;864,8523745039711;210,53373737377115;-853,974603174629;1,40493182786536;0,4253048780487141;37498;stop;-194,0;-194,0;False;3;-1,0;-1,94;2026-09-01
37618;2026-09-02 03:22:43;long;1;3;4328,13;497,0247768025729;-35,72352092351139;640,6691486291493;0,9403553299492385;0,4814209881585715;37620;alvo;388,0;388,0;False;2;2,0;3,88;2026-09-02
37649;2026-09-02 04:00:33;short;1;4;4318,94;518,951817164816;337,34181818172146;-921,6639538238269;0,29772907314496966;0,45437476530244425;37652;alvo;388,0;388,0;False;3;2,0;3,88;2026-09-02
37712;2026-09-02 04:53:35;short;1;4;4294,02;1257,8740833609118;-94,01027417015939;-1125,3134776335173;1,213067023816456;0,08181289947680367;37713;stop;-194,0;-194,0;False;1;-1,0;-1,94;2026-09-02
37714;2026-09-02 04:56:17;short;1;4;4296,13;1210,0803449729028;355,62441558458886;-1210,8593939395178;2,0625434329395413;0,42010644588987656;37716;alvo;388,0;388,0;False;2;2,0;3,88;2026-09-02
37731;2026-09-02 05:23:24;long;1;5;4304,24;1053,0398949225855;281,6749206349414;1060,2090620490344;1,1887030041374347;0,451954602774184;37732;stop;-194,0;-194,0;False;1;-1,0;-1,94;2026-09-02
37734;2026-09-02 05:31:46;long;1;5;4303,34;1284,5590418139182;-175,05512265506695;1057,6268975468338;1,4788295278208823;0,5158573496514601;37736;alvo;388,0;388,0;False;2;2,0;3,88;2026-09-02
37817;2026-09-02 10:03:08;short;1;10;4320,61;900,7420580450344;120,02626262628837;-586,519595959544;0,8627531673476586;0,5899044205495544;37818;stop;-194,0;-194,0;False;1;-1,0;-1,94;2026-09-02
37956;2026-09-02 16:31:44;long;1;16;4360,85;1361,434432408987;-304,48098124088574;2040,4503318903153;0,29539205982623995;0,429844559585582;37958;alvo;388,0;388,0;False;2;2,0;3,88;2026-09-02
38038;2026-09-02 18:23:36;short;1;18;4367,82;863,8389209985689;-298,7061471861125;-803,0815007215097;0,34541745134965474;0,6695999999999143;38039;stop;-194,0;-194,0;False;1;-1,0;-1,94;2026-09-02
38070;2026-09-02 21:03:26;long;1;21;4375,97;919,6933252032977;-35,58759018751516;886,7619624819781;0,7282372491371597;0,5240370259779664;38071;stop;-194,0;-194,0;False;1;-1,0;-1,94;2026-09-02
38511;2026-09-03 18:11:38;long;1;18;4499,09;1568,353396871771;-585,4105627705394;2709,6118326118813;1,1563032367972743;0,6970509383377553;38512;stop;-194,0;-194,0;False;1;-1,0;-1,94;2026-09-03
38571;2026-09-03 22:53:32;short;1;22;4477,04;543,7191537208491;424,0457720057748;-1372,272496392452;2,1683110476437752;0,35590200445419795;38573;alvo;388,0;388,0;False;2;2,0;3,88;2026-09-03
38764;2026-09-04 15:30:12;short;1;15;4439,59;1829,2559985336993;-59,34533910531172;-3117,198730158634;0,0017289073305670815;0,5886970172684559;38765;alvo;388,0;388,0;False;1;2,0;3,88;2026-09-04
39001;2026-09-04 16:01:42;short;2;16;4373,71;2167,076643875407;951,5491486291467;-3034,744242424131;0,7542745481191988;1,1385135135134736;39003;stop;-194,0;-194,0;False;2;-1,0;-1,94;2026-09-04
39064;2026-09-04 16:42:00;short;1;16;4409,88;1230,5010329047946;188,91215007215578;-739,8584704184032;0,7707747892412685;0,4317286277197677;39065;stop;-194,0;-194,0;False;1;-1,0;-1,94;2026-09-04
39099;2026-09-04 17:06:22;short;2;17;4419,0;819,9798347161959;386,13062049062137;-687,7444155843477;1,9258185148439289;1,4922092376182094;39102;stop;-194,0;-194,0;False;3;-1,0;-1,94;2026-09-04
39117;2026-09-04 17:17:02;long;1;17;4434,7;931,7980874710884;80,13829725832693;1028,7264069263983;1,5109845402766475;0,47181304684906156;39118;stop;-194,0;-194,0;False;1;-1,0;-1,94;2026-09-04
39158;2026-09-04 18:00:20;short;1;18;4426,18;760,8856791795915;524,0678787879006;-628,3221933621462;1,510339070125867;0,4920308483289392;39161;stop;-194,0;-194,0;False;3;-1,0;-1,94;2026-09-04
39176;2026-09-04 18:30:59;long;1;18;4442,76;1132,7160374281448;-502,84178932170107;1214,8869264069617;2,597428126791711;0,14617283950612808;39177;stop;-194,0;-194,0;False;1;-1,0;-1,94;2026-09-04
