data;dia;setup;lado;ent;stop_pts;alvo_pts;res;pnl;pnl_rs;barras
2026-06-30 11:43:00;2026-06-30;T;compra;174125,0;107,2;300,0;zero;-5,144329406903125e-12;-1,0288658813806251e-12;4
2026-06-30 13:00:00;2026-06-30;D;venda;174727,5;87,4;300,0;stop;-87,42966866631798;-17,485933733263597;3
2026-06-30 14:13:00;2026-06-30;D;venda;174942,5;85,1;300,0;stop;-85,0502617491241;-17,01005234982482;1
2026-07-01 09:11:00;2026-07-01;T;compra;173215,0;164,4;300,0;stop;-164,39198811452138;-32,87839762290428;5
2026-07-01 10:13:00;2026-07-01;D;compra;172140,0;95,7;300,0;alvo;197,8270309082812;39,56540618165624;6
2026-07-01 11:12:00;2026-07-01;D;venda;173990,0;112,8;300,0;stop;-112,80735909339703;-22,561471818679408;1
2026-07-01 11:52:00;2026-07-01;D;venda;174060,0;94,2;300,0;alvo;197,1211745823175;39,424234916463504;4
2026-07-01 12:11:00;2026-07-01;D;compra;173542,5;95,0;300,0;alvo;197,4990063994422;39,499801279888445;15
2026-07-01 13:51:00;2026-07-01;D;compra;174455,0;81,2;300,0;stop;-81,23461967072129;-16,24692393414426;1
2026-07-02 09:04:00;2026-07-02;D;venda;174747,5;143,2;300,0;alvo;221,6080883335327;44,321617666706544;4
2026-07-02 09:45:00;2026-07-02;D;compra;176227,5;109,5;300,0;stop;-109,52650413844748;-21,905300827689498;2
2026-07-02 10:25:00;2026-07-02;D;compra;175300,0;105,5;300,0;stop;-105,49264635759931;-21,098529271519865;2
2026-07-02 11:31:00;2026-07-02;D;venda;175477,5;110,3;300,0;alvo;205,16376529406602;41,032753058813206;3
2026-07-02 12:04:00;2026-07-02;D;compra;174820,0;107,3;300,0;stop;-107,32138229821217;-21,464276459642434;1
2026-07-02 13:12:00;2026-07-02;D;venda;174925,0;95,2;300,0;alvo;197,60921006189352;39,521842012378706;4
2026-07-02 15:05:00;2026-07-02;D;venda;174787,5;86,4;300,0;stop;-86,38708094863802;-17,277416189727603;1
2026-07-03 09:16:00;2026-07-03;D;compra;176367,5;101,7;300,0;alvo;200,82974795526147;40,165949591052296;14
2026-07-03 10:51:00;2026-07-03;D;compra;175967,5;103,5;300,0;alvo;201,73435693889047;40,346871387778094;8
2026-07-03 11:35:00;2026-07-03;D;compra;176430,0;84,2;300,0;alvo;192,09244548351134;38,418489096702274;3
2026-07-03 11:56:00;2026-07-03;D;venda;176730,0;76,3;300,0;zero;-5,6488147492927965e-12;-1,1297629498585593e-12;3
2026-07-03 12:10:00;2026-07-03;D;compra;176772,5;71,6;300,0;alvo;185,77822264306798;37,1556445286136;24
2026-07-06 10:14:00;2026-07-06;D;compra;174920,0;92,7;300,0;zero;-6,0111915445304476e-12;-1,2022383089060896e-12;9
2026-07-06 14:03:00;2026-07-06;D;venda;174385,0;67,5;300,0;stop;-67,50242827714779;-13,500485655429557;2
2026-07-07 09:03:00;2026-07-07;D;venda;174745,0;106,1;300,0;stop;-106,0859780009791;-21,217195600195822;1
2026-07-07 09:33:00;2026-07-07;D;venda;175392,5;89,0;300,0;alvo;194,47634697546198;38,8952693950924;20
2026-07-07 09:58:00;2026-07-07;D;compra;175050,0;84,7;300,0;alvo;192,35885672274122;38,471771344548245;7
2026-07-07 11:31:00;2026-07-07;D;venda;173917,5;81,1;300,0;zero;7,155165349104209e-12;1,4310330698208418e-12;5
2026-07-07 14:14:00;2026-07-07;D;compra;173862,5;73,7;300,0;alvo;186,84032925612067;37,36806585122414;5
2026-07-08 09:46:00;2026-07-08;D;compra;173545,0;75,3;300,0;zero;4,973799150320701e-12;9,947598300641403e-13;22
2026-07-08 10:35:00;2026-07-08;D;compra;172907,5;120,3;300,0;stop;-120,30302365139306;-24,060604730278612;1
2026-07-08 11:35:00;2026-07-08;D;compra;172557,5;112,1;300,0;stop;-112,1125869286018;-22,42251738572036;1
2026-07-08 11:55:00;2026-07-08;D;venda;172340,0;94,8;300,0;zero;-3,559819106158102e-12;-7,119638212316204e-13;10
2026-07-08 13:26:00;2026-07-08;T;venda;172317,5;74,8;300,0;zero;5,130118552187923e-12;1,0260237104375847e-12;6
2026-07-08 16:47:00;2026-07-08;D;compra;172845,0;74,6;300,0;zero;2,5366375666635577e-12;5,073275133327116e-13;4
2026-07-09 10:05:00;2026-07-09;D;venda;173485,0;96,3;300,0;zero;7,062794793455396e-12;1,4125589586910793e-12;11
2026-07-09 12:17:00;2026-07-09;D;compra;174505,0;80,0;300,0;stop;-80,03785770659886;-16,007571541319773;1
2026-07-09 16:40:00;2026-07-09;D;venda;174925,0;64,7;300,0;stop;-64,68980571780645;-12,93796114356129;1
2026-07-10 10:09:00;2026-07-10;D;compra;178215,0;136,5;300,0;stop;-136,47171210323262;-27,294342420646526;2
2026-07-10 10:40:00;2026-07-10;D;venda;178475,0;110,3;300,0;alvo;205,13579392989513;41,027158785979026;5
2026-07-10 12:00:00;2026-07-10;D;compra;178670,0;90,6;300,0;stop;-90,61939586158044;-18,12387917231609;1
2026-07-10 12:26:00;2026-07-10;D;venda;178435,0;88,5;300,0;zero;-4,192202140984591e-13;-8,384404281969183e-14;17
2026-07-10 15:02:00;2026-07-10;D;venda;179475,0;69,5;300,0;stop;-69,52574059824522;-13,905148119649045;1
2026-07-10 16:04:00;2026-07-10;D;venda;179620,0;76,4;300,0;stop;-76,38732417662999;-15,277464835325999;6
2026-07-13 09:20:00;2026-07-13;D;compra;179727,5;100,1;300,0;stop;-100,05553745733357;-20,011107491466717;2
2026-07-13 09:40:00;2026-07-13;D;venda;179932,5;88,4;300,0;stop;-88,41923771681296;-17,683847543362592;1
2026-07-13 12:30:00;2026-07-13;D;venda;178550,0;76,2;300,0;alvo;188,09793833195437;37,61958766639088;13
2026-07-13 14:11:00;2026-07-13;D;venda;177940,0;62,5;300,0;stop;-62,518817243889295;-12,50376344877786;1
2026-07-13 14:40:00;2026-07-13;D;compra;177610,0;70,1;300,0;zero;-6,600942015211331e-12;-1,3201884030422662e-12;4
2026-07-14 09:23:00;2026-07-14;D;venda;177790,0;100,2;300,0;stop;-100,15818238651671;-20,031636477303344;2
2026-07-14 09:46:00;2026-07-14;D;compra;178275,0;103,1;300,0;zero;6,0111915445304476e-12;1,2022383089060896e-12;15
2026-07-14 12:33:00;2026-07-14;D;compra;178210,0;81,7;300,0;stop;-81,65934492761158;-16,331868985522316;2
2026-07-14 15:16:00;2026-07-14;T;compra;177895,0;67,0;300,0;alvo;183,51652051118168;36,70330410223634;11
2026-07-14 16:53:00;2026-07-14;D;venda;178457,5;66,0;300,0;stop;-65,96749518962383;-13,193499037924767;1
2026-07-15 09:30:00;2026-07-15;D;venda;178120,0;93,8;300,0;alvo;196,92044030804692;39,38408806160939;2
2026-07-15 10:52:00;2026-07-15;D;venda;177600,0;95,7;300,0;stop;-95,74311871676095;-19,14862374335219;1
2026-07-16 09:51:00;2026-07-16;D;compra;177417,5;84,1;300,0;zero;4,867217739956686e-12;9,734435479913373e-13;4
2026-07-16 10:36:00;2026-07-16;D;venda;175835,0;91,6;300,0;alvo;195,7993028195197;39,15986056390395;4
2026-07-17 09:10:00;2026-07-17;T;venda;175277,5;125,5;300,0;stop;-125,45594230905235;-25,09118846181047;6
2026-07-17 09:41:00;2026-07-17;D;venda;175212,5;85,1;300,0;zero;3,0198066269804258e-12;6,039613253960852e-13;3
2026-07-17 09:58:00;2026-07-17;D;compra;175217,5;77,6;300,0;zero;-6,885159109515371e-12;-1,3770318219030742e-12;2
2026-07-17 12:01:00;2026-07-17;D;compra;175525,0;86,6;300,0;alvo;193,30126838050444;38,66025367610089;5
2026-07-17 12:50:00;2026-07-17;T;venda;175855,0;75,3;300,0;stop;-75,29397964984508;-15,058795929969017;1
2026-07-17 14:57:00;2026-07-17;D;compra;175220,0;73,2;300,0;stop;-73,21308449262835;-14,642616898525672;1
2026-07-20 09:20:00;2026-07-20;D;compra;175017,5;96,4;300,0;stop;-96,3519661768795;-19,270393235375902;1
2026-07-20 09:30:00;2026-07-20;D;venda;175305,0;86,4;300,0;alvo;193,2039359006676;38,64078718013352;16
2026-07-20 09:58:00;2026-07-20;D;venda;175347,5;82,5;300,0;zero;6,323830348264892e-13;1,2647660696529784e-13;3
2026-07-20 16:16:00;2026-07-20;D;compra;174980,0;66,2;300,0;zero;-5,5209170568559784e-12;-1,1041834113711957e-12;17
2026-07-21 09:43:00;2026-07-21;D;compra;174692,5;77,2;300,0;zero;2,2879476091475226e-12;4,575895218295046e-13;8
2026-07-21 10:00:00;2026-07-21;D;compra;174635,0;83,7;300,0;stop;-83,73085631472127;-16,746171262944255;1
2026-07-21 10:16:00;2026-07-21;D;venda;174925,0;86,0;300,0;alvo;192,9995773415928;38,599915468318564;4
2026-07-21 10:51:00;2026-07-21;D;compra;174147,5;89,5;300,0;stop;-89,50664049980921;-17,90132809996184;1
2026-07-21 11:03:00;2026-07-21;D;venda;174247,5;85,9;300,0;stop;-85,94485867917886;-17,188971735835775;1
2026-07-22 09:12:00;2026-07-22;D;compra;175285,0;107,2;300,0;alvo;203,60272902187634;40,72054580437527;4
2026-07-22 09:39:00;2026-07-22;T;compra;175517,5;76,1;300,0;stop;-76,0679927117211;-15,213598542344222;1
2026-07-22 09:56:00;2026-07-22;T;compra;175382,5;97,9;300,0;alvo;198,95113293589765;39,79022658717953;4
2026-07-22 10:16:00;2026-07-22;D;venda;176087,5;88,9;300,0;alvo;194,443186802343;38,88863736046861;4
2026-07-23 09:31:00;2026-07-23;D;venda;178535,0;120,3;300,0;stop;-120,29845252443606;-24,059690504887215;6
2026-07-23 09:42:00;2026-07-23;D;compra;178280,0;101,1;300,0;stop;-101,06430671787055;-20,21286134357411;3
2026-07-23 09:46:00;2026-07-23;T;venda;178382,5;98,2;300,0;alvo;199,10219075409043;39,82043815081809;13
2026-07-23 16:30:00;2026-07-23;D;compra;177840,0;89,7;300,0;stop;-89,66821556983709;-17,933643113967417;2
2026-07-24 09:32:00;2026-07-24;D;venda;176682,5;85,6;300,0;alvo;192,78117341689287;38,55623468337858;2
2026-07-24 09:43:00;2026-07-24;D;compra;176285,0;82,8;300,0;zero;-1,1866063687193673e-12;-2,3732127374387345e-13;12
2026-07-24 10:30:00;2026-07-24;D;venda;176345,0;98,9;300,0;alvo;199,46781802040994;39,89356360408199;1
2026-07-24 10:49:00;2026-07-24;T;compra;176067,5;100,0;300,0;stop;-100,01471828079819;-20,00294365615964;1
2026-07-24 11:27:00;2026-07-24;D;venda;176510,0;93,3;300,0;alvo;196,64757065508581;39,32951413101716;7
2026-07-27 09:49:00;2026-07-27;D;venda;175832,5;75,9;300,0;stop;-75,90771956247764;-15,181543912495528;1
2026-07-27 13:28:00;2026-07-27;D;compra;175945,0;76,1;300,0;zero;-8,384404281969182e-13;-1,6768808563938365e-13;10
2026-07-28 11:16:00;2026-07-28;D;compra;178210,0;97,1;300,0;stop;-97,14421040757833;-19,42884208151567;1
2026-07-28 11:45:00;2026-07-28;D;venda;178310,0;86,9;300,0;alvo;193,44455084289655;38,68891016857931;8
2026-07-29 10:18:00;2026-07-29;D;venda;177122,5;81,5;300,0;alvo;190,77011568286306;38,15402313657261;3
2026-07-29 10:30:00;2026-07-29;D;venda;177050,0;94,5;300,0;alvo;197,2746523667036;39,454930473340724;1
2026-07-29 10:32:00;2026-07-29;D;venda;177172,5;103,6;300,0;alvo;201,80659242526144;40,361318485052294;2
2026-07-29 15:33:00;2026-07-29;D;venda;175245,0;111,5;300,0;zero;1,7053025658242404e-13;3,4106051316484814e-14;2
2026-07-29 16:30:00;2026-07-29;D;venda;175225,0;96,2;300,0;stop;-96,20860490361378;-19,241720980722757;1
2026-07-30 10:00:00;2026-07-30;D;venda;175407,5;90,0;300,0;zero;1,9753088054130785e-12;3,950617610826157e-13;2
2026-07-30 10:03:00;2026-07-30;D;venda;175527,5;94,4;300,0;zero;3,893774191965349e-12;7,787548383930699e-13;2
2026-08-03 10:30:00;2026-08-03;D;venda;178312,5;92,7;300,0;stop;-92,65340893788286;-18,530681787576572;1
2026-08-03 10:31:00;2026-08-03;D;venda;178572,5;98,8;300,0;alvo;199,37728468640597;39,8754569372812;6
2026-08-03 13:09:00;2026-08-03;T;venda;177927,5;68,7;300,0;zero;-1,1937117960769683e-12;-2,3874235921539367e-13;2
2026-08-04 09:41:00;2026-08-04;D;venda;180817,5;77,7;300,0;stop;-77,6729953373037;-15,534599067460741;1
2026-08-04 11:38:00;2026-08-04;D;venda;179242,5;88,6;300,0;zero;5,8548721426632255e-12;1,1709744285326452e-12;4
2026-08-04 16:54:00;2026-08-04;D;compra;178262,5;65,1;300,0;stop;-65,1034666482702;-13,02069332965404;1
2026-08-05 09:05:00;2026-08-05;D;compra;179030,0;137,9;300,0;stop;-137,90631832430807;-27,581263664861616;2
2026-08-05 09:23:00;2026-08-05;D;venda;179375,0;99,2;300,0;stop;-99,23036706678329;-19,84607341335666;2
2026-08-05 09:30:00;2026-08-05;D;venda;179532,5;86,5;300,0;stop;-86,46612784246618;-17,293225568493238;1
2026-08-05 09:59:00;2026-08-05;D;compra;179595,0;79,0;300,0;stop;-78,97370628323422;-15,794741256646844;1
2026-08-05 11:20:00;2026-08-05;D;compra;180152,5;97,7;300,0;stop;-97,71827798365311;-19,543655596730623;1
2026-08-05 11:53:00;2026-08-05;D;compra;179230,0;98,6;300,0;stop;-98,57968146065423;-19,71593629213085;1
2026-08-06 09:30:00;2026-08-06;D;compra;176600,0;113,2;300,0;alvo;206,5819504844572;41,31639009689144;2
2026-08-06 10:50:00;2026-08-06;D;venda;177115,0;112,3;300,0;stop;-112,25691657839032;-22,451383315678065;1
2026-08-06 11:22:00;2026-08-06;D;venda;176857,5;96,8;300,0;zero;5,7980287238024175e-12;1,1596057447604836e-12;6
2026-08-06 15:00:00;2026-08-06;T;compra;176412,5;65,1;300,0;stop;-65,10501508643542;-13,021003017287084;1
2026-08-06 15:29:00;2026-08-06;D;venda;176420,0;65,7;300,0;zero;4,447997525858227e-12;8,895995051716455e-13;2
2026-08-07 09:43:00;2026-08-07;D;venda;176172,5;98,0;300,0;zero;-2,9132252166164108e-12;-5,826450433232822e-13;11
2026-08-07 11:10:00;2026-08-07;D;venda;174260,0;80,9;300,0;alvo;190,45365118012728;38,09073023602546;12
2026-08-07 12:21:00;2026-08-07;D;venda;173100,0;79,1;300,0;stop;-79,10815053116085;-15,82163010623217;1
2026-08-07 12:48:00;2026-08-07;D;compra;173070,0;73,2;300,0;stop;-73,16145381969828;-14,632290763939658;1
2026-08-07 15:15:00;2026-08-07;D;compra;172645,0;61,5;300,0;zero;-2,142286348316702e-12;-4,2845726966334044e-13;12
2026-08-07 17:00:00;2026-08-07;D;compra;172640,0;67,5;300,0;stop;-67,53762446235764;-13,50752489247153;2
2026-08-10 11:50:00;2026-08-10;D;compra;172507,5;81,7;300,0;stop;-81,65904521326156;-16,331809042652313;1
2026-08-10 13:31:00;2026-08-10;D;compra;172297,5;72,1;300,0;alvo;186,040019680564;37,2080039361128;10
2026-08-11 10:24:00;2026-08-11;D;venda;171952,5;84,7;300,0;alvo;192,33979739433218;38,46795947886644;5
2026-08-11 10:50:00;2026-08-11;D;compra;171617,5;83,3;300,0;zero;1,1439738045737613e-12;2,287947609147523e-13;3
2026-08-11 11:59:00;2026-08-11;D;venda;170275,0;64,9;300,0;stop;-64,87447221661026;-12,974894443322052;1
2026-08-11 17:00:00;2026-08-11;D;venda;167995,0;76,6;300,0;stop;-76,58961921601109;-15,317923843202218;1
2026-08-12 09:22:00;2026-08-12;D;compra;171415,0;122,5;300,0;zero;1,0800249583553523e-12;2,1600499167107047e-13;8
2026-08-12 10:07:00;2026-08-12;D;compra;171505,0;101,2;300,0;stop;-101,22368450682715;-20,24473690136543;1
2026-08-12 10:45:00;2026-08-12;D;venda;171232,5;129,4;300,0;alvo;214,70833652022236;42,94166730404447;1
2026-08-12 11:08:00;2026-08-12;D;venda;171417,5;113,1;300,0;alvo;206,54482912754418;41,308965825508835;5
2026-08-12 11:28:00;2026-08-12;D;compra;171422,5;103,5;300,0;alvo;201,74749735515812;40,34949947103163;8
2026-08-12 13:49:00;2026-08-12;D;compra;171282,5;83,2;300,0;alvo;191,62101155080202;38,32420231016041;9
2026-08-13 09:28:00;2026-08-13;D;venda;169712,5;89,1;300,0;stop;-89,07803068563706;-17,815606137127414;1
2026-08-13 10:30:00;2026-08-13;D;compra;171035,0;98,0;300,0;alvo;198,9949567037255;39,798991340745104;5
2026-08-13 13:19:00;2026-08-13;T;compra;169850,0;80,4;300,0;stop;-80,40631723380704;-16,081263446761408;1
2026-08-14 10:15:00;2026-08-14;D;compra;169612,5;107,8;300,0;zero;-6,30961949354969e-12;-1,261923898709938e-12;18
2026-08-14 10:46:00;2026-08-14;D;venda;169265,0;108,3;300,0;stop;-108,26022991411244;-21,65204598282249;1
2026-08-14 15:05:00;2026-08-14;D;venda;168232,5;68,4;300,0;stop;-68,35811679816625;-13,671623359633251;1
2026-08-17 09:31:00;2026-08-17;D;venda;169520,0;80,9;300,0;zero;6,0538241086760536e-12;1,2107648217352108e-12;2
2026-08-17 10:00:00;2026-08-17;D;compra;169580,0;85,6;300,0;alvo;192,81896200570787;38,563792401141576;3
2026-08-17 10:02:00;2026-08-17;D;venda;169910,0;94,9;300,0;stop;-94,93405109392313;-18,986810218784626;3
2026-08-17 10:08:00;2026-08-17;D;venda;169995,0;97,5;300,0;stop;-97,54790505536052;-19,509581011072104;1
2026-08-17 10:45:00;2026-08-17;D;venda;169770,0;106,9;300,0;stop;-106,91697296495343;-21,383394592990687;2
2026-08-17 11:12:00;2026-08-17;D;compra;170007,5;101,2;300,0;zero;-1,3642420526593924e-12;-2,728484105318785e-13;5
2026-08-17 11:19:00;2026-08-17;D;venda;170232,5;97,9;300,0;stop;-97,89540533349071;-19,579081066698144;1
2026-08-17 14:57:00;2026-08-17;D;compra;169807,5;70,3;300,0;stop;-70,29679419851499;-14,059358839702998;1
2026-08-17 15:33:00;2026-08-17;D;venda;169870,0;68,8;300,0;stop;-68,76809533611207;-13,753619067222415;2
2026-08-17 16:09:00;2026-08-17;D;compra;169920,0;68,7;300,0;stop;-68,71563335085162;-13,743126670170325;2
2026-08-18 09:32:00;2026-08-18;D;compra;169757,5;93,6;300,0;alvo;196,77743529739575;39,35548705947915;17
2026-08-18 09:54:00;2026-08-18;D;venda;170077,5;77,3;300,0;stop;-77,30389144716774;-15,460778289433549;3
2026-08-18 10:00:00;2026-08-18;D;compra;169982,5;78,0;300,0;zero;-1,9539925233402755e-12;-3,907985046680551e-13;2
2026-08-18 10:14:00;2026-08-18;D;venda;170242,5;81,0;300,0;alvo;190,49852634059332;38,09970526811866;9
2026-08-18 12:16:00;2026-08-18;D;venda;169970,0;87,7;300,0;alvo;193,8677577380205;38,7735515476041;22
2026-08-18 14:56:00;2026-08-18;T;venda;169915,0;71,4;300,0;zero;1,0516032489249483e-12;2,1032064978498967e-13;4
2026-08-18 15:29:00;2026-08-18;D;compra;169957,5;71,3;300,0;stop;-71,26688751470631;-14,253377502941262;1
2026-08-19 10:35:00;2026-08-19;D;venda;172447,5;126,1;300,0;zero;2,2311041902867146e-12;4,4622083805734295e-13;7
2026-08-19 11:12:00;2026-08-19;D;compra;172855,0;114,4;300,0;alvo;207,18177379323748;41,4363547586475;3
2026-08-19 11:55:00;2026-08-19;D;venda;172540,0;108,3;300,0;stop;-108,31608608748672;-21,663217217497348;1
2026-08-19 15:42:00;2026-08-19;D;venda;171060,0;80,6;300,0;alvo;190,29392278237597;38,058784556475196;6
2026-08-20 09:31:00;2026-08-20;D;compra;169520,0;115,3;300,0;zero;-2,3021584638627246e-12;-4,604316927725449e-13;4
2026-08-20 09:41:00;2026-08-20;D;compra;169370,0;94,0;300,0;alvo;197,00479291578705;39,40095858315741;6
2026-08-20 10:01:00;2026-08-20;D;compra;169785,0;91,2;300,0;alvo;195,57778555188588;39,11555711037718;4
2026-08-20 10:08:00;2026-08-20;D;venda;170242,5;92,6;300,0;alvo;196,32327767460265;39,264655534920536;4
2026-08-20 10:17:00;2026-08-20;D;venda;170107,5;95,6;300,0;alvo;197,80827036233313;39,56165407246663;4
2026-08-20 10:34:00;2026-08-20;D;venda;170632,5;104,2;300,0;stop;-104,20349836528608;-20,840699673057216;1
2026-08-20 10:53:00;2026-08-20;D;compra;170760,0;99,7;300,0;alvo;199,83732195489256;39,96746439097851;13
2026-08-20 11:01:00;2026-08-20;D;venda;171210,0;114,3;300,0;alvo;207,16641233619643;41,43328246723929;5
2026-08-20 12:05:00;2026-08-20;D;compra;172367,5;118,6;300,0;stop;-118,6033387795295;-23,7206677559059;2
2026-08-20 13:00:00;2026-08-20;D;venda;171487,5;86,5;300,0;alvo;193,2711475588293;38,65422951176586;5
2026-08-20 14:47:00;2026-08-20;T;compra;170465,0;72,1;300,0;zero;6,153300091682468e-12;1,2306600183364936e-12;8
2026-08-21 09:38:00;2026-08-21;D;compra;171642,5;89,9;300,0;stop;-89,9104064137427;-17,982081282748542;1
2026-08-21 10:06:00;2026-08-21;D;compra;171617,5;97,8;300,0;zero;6,579625733138528e-12;1,3159251466277057e-12;4
2026-08-21 10:16:00;2026-08-21;T;compra;171685,0;104,2;300,0;stop;-104,21022414152458;-20,842044828304918;1
2026-08-21 10:45:00;2026-08-21;D;compra;173112,5;134,8;300,0;zero;-4,007461029686965e-12;-8,014922059373931e-13;2
2026-08-21 11:07:00;2026-08-21;T;venda;173345,0;127,9;300,0;stop;-127,850619868124;-25,570123973624803;2
2026-08-21 11:38:00;2026-08-21;D;compra;173910,0;119,0;300,0;alvo;209,48503791835793;41,89700758367159;7
2026-08-21 11:59:00;2026-08-21;D;compra;173827,5;112,3;300,0;alvo;206,1662390879639;41,23324781759278;3
2026-08-21 14:49:00;2026-08-21;D;compra;173780,0;87,5;300,0;stop;-87,51981174225583;-17,503962348451164;1
2026-08-21 16:45:00;2026-08-21;D;venda;173985,0;79,8;300,0;alvo;189,91534786147355;37,98306957229471;4
2026-08-24 10:01:00;2026-08-24;D;compra;172217,5;97,6;300,0;stop;-97,63690792478943;-19,527381584957887;1
2026-08-24 10:15:00;2026-08-24;D;venda;172605,0;103,4;300,0;alvo;201,67666164249863;40,33533232849973;7
2026-08-24 10:26:00;2026-08-24;D;compra;172185,0;105,6;300,0;stop;-105,62691180720721;-21,125382361441442;1
2026-08-24 10:31:00;2026-08-24;T;compra;172367,5;108,6;300,0;alvo;204,313208274356;40,8626416548712;1
2026-08-24 11:19:00;2026-08-24;D;compra;174095,0;115,8;300,0;alvo;207,8992487255534;41,579849745110685;6
2026-08-24 13:21:00;2026-08-24;D;compra;175372,5;92,7;300,0;zero;-4,305888978706207e-12;-8,611777957412414e-13;9
2026-08-24 14:08:00;2026-08-24;D;venda;175102,5;90,5;300,0;zero;6,600942015211331e-12;1,3201884030422662e-12;3
2026-08-24 14:21:00;2026-08-24;D;compra;174940,0;91,1;300,0;zero;6,821210263296962e-13;1,3642420526593926e-13;5
2026-08-24 16:00:00;2026-08-24;D;venda;175032,5;85,5;300,0;zero;-1,8332002582610585e-12;-3,666400516522117e-13;5
2026-08-24 16:41:00;2026-08-24;T;venda;174905,0;81,0;300,0;alvo;190,51511820402547;38,1030236408051;7
2026-08-25 09:50:00;2026-08-25;D;compra;174355,0;83,2;300,0;stop;-83,20534194379067;-16,641068388758136;1
2026-08-25 10:12:00;2026-08-25;D;venda;174897,5;99,3;300,0;alvo;199,65446107037423;39,930892214074845;5
2026-08-25 10:30:00;2026-08-25;D;compra;174745,0;116,4;300,0;stop;-116,39683201020145;-23,279366402040292;1
2026-08-25 11:00:00;2026-08-25;T;compra;174157,5;112,1;300,0;alvo;206,04103957347616;41,20820791469524;5
2026-08-25 14:05:00;2026-08-25;D;compra;176140,0;77,7;300,0;stop;-77,7375628719893;-15,54751257439786;1
2026-08-25 15:25:00;2026-08-25;T;venda;176505,0;80,3;300,0;alvo;190,12792138926986;38,02558427785397;7
2026-08-26 09:20:00;2026-08-26;T;venda;178597,5;100,1;300,0;stop;-100,10298757740935;-20,02059751548187;1
2026-08-26 10:03:00;2026-08-26;D;compra;177282,5;111,5;300,0;alvo;205,7438993294432;41,14877986588864;3
2026-08-26 10:26:00;2026-08-26;D;compra;178832,5;118,3;300,0;alvo;209,1358585940377;41,82717171880754;2
2026-08-26 10:40:00;2026-08-26;D;venda;178372,5;122,1;300,0;alvo;211,03716319501422;42,207432639002846;6
2026-08-26 11:08:00;2026-08-26;D;compra;178590,0;115,8;300,0;alvo;207,91238238510408;41,58247647702082;2
2026-08-27 11:55:00;2026-08-27;D;compra;177125,0;110,2;300,0;stop;-110,16802236636988;-22,03360447327398;1
2026-08-27 14:00:00;2026-08-27;D;venda;177897,5;82,9;300,0;zero;-3,751665644813329e-12;-7,503331289626659e-13;4
2026-08-27 16:54:00;2026-08-27;T;venda;178040,0;71,1;300,0;alvo;185,57387747874162;37,114775495748326;6
2026-08-28 10:08:00;2026-08-28;D;compra;178517,5;113,0;300,0;alvo;206,48891436065813;41,29778287213163;6
2026-08-28 10:31:00;2026-08-28;D;venda;178337,5;116,8;300,0;alvo;208,37862536399518;41,67572507279904;2
2026-08-28 11:22:00;2026-08-28;D;venda;177447,5;119,2;300,0;alvo;209,58541834038527;41,917083668077055;2
2026-08-28 12:17:00;2026-08-28;D;venda;177180,0;92,3;300,0;alvo;196,13790460682796;39,22758092136559;12
